scenario,seed,hole_days,gap_days,method,failed,date,abs_err_meas,covered,width,abs_err_level
cutting→platô,0,3,4,linear,False,2026-02-19,0.1599999999999966,True,1.6583880092755408,0.4399999999999977
cutting→platô,0,3,4,linear,False,2026-02-20,1.6400000000000006,False,1.6583880092755408,0.5400000000000063
cutting→platô,0,3,4,linear,False,2026-02-21,0.6200000000000045,True,1.7434881337118497,0.6400000000000006
cutting→platô,0,3,4,kalman,False,2026-02-19,0.24523628397236052,True,1.3928579963569518,0.03476371602764061
cutting→platô,0,3,4,kalman,False,2026-02-20,1.1417948211675224,False,1.3931389729496004,0.041794821167528085
cutting→platô,0,3,4,kalman,False,2026-02-21,0.028868248403441044,True,1.3932630299243272,0.048868248403437065
cutting→platô,0,3,4,gpr,False,2026-02-19,0.2546805254453517,True,1.4671702592526685,0.025319474554649446
cutting→platô,0,3,4,gpr,False,2026-02-20,1.1243065035804278,False,1.4671587614176076,0.024306503580433514
cutting→platô,0,3,4,gpr,False,2026-02-21,0.0032946397280397832,True,1.4671729983241164,0.023294639728035804
cutting→platô,0,3,3,linear,False,2026-04-01,0.5,True,1.8603182547225288,0.20000000000000284
cutting→platô,0,3,3,linear,False,2026-04-02,0.5,True,1.7873359657117192,0.20000000000000284
cutting→platô,0,3,3,kalman,False,2026-04-01,0.0367281682540721,True,1.5401789623131776,0.26327183174592506
cutting→platô,0,3,3,kalman,False,2026-04-02,0.07565936039245003,True,1.540356391834024,0.22434063960754713
cutting→platô,0,3,3,gpr,False,2026-04-01,0.04999801308575513,True,1.6815847568529705,0.250001986914242
cutting→platô,0,3,3,gpr,False,2026-04-02,0.08810370708143012,True,1.6817701876819626,0.21189629291856704
cutting→platô,0,7,7,linear,False,2026-03-17,0.7249999999999943,True,1.905258923508086,0.22499999999999432
cutting→platô,0,7,7,linear,False,2026-03-18,0.04999999999999716,True,1.8197773211161632,0.07000000000000739
cutting→platô,0,7,7,linear,False,2026-03-19,0.17499999999999716,True,1.7665039649413643,0.08499999999999375
cutting→platô,0,7,7,linear,False,2026-03-20,0.4000000000000057,True,1.7483854966001786,0.2400000000000091
cutting→platô,0,7,7,linear,False,2026-03-21,0.22499999999999432,True,1.7665039649413643,0.39500000000001023
cutting→platô,0,7,7,linear,False,2026-03-22,0.45000000000000284,True,1.8197773211161632,0.5500000000000114
cutting→platô,0,7,7,linear,False,2026-03-23,0.8249999999999886,True,1.905258923508086,0.7049999999999983
cutting→platô,0,7,7,kalman,False,2026-03-17,0.6960942828557677,True,1.53123272885162,0.1960942828557677
cutting→platô,0,7,7,kalman,False,2026-03-18,0.06470034358795829,True,1.5318342643381584,0.18470034358796283
cutting→platô,0,7,7,kalman,False,2026-03-19,0.4306990892920908,True,1.532223051037704,0.17069908929209987
cutting→platô,0,7,7,kalman,False,2026-03-20,0.005811099064132463,True,1.5323684973358809,0.15418890093586413
cutting→platô,0,7,7,kalman,False,2026-03-21,0.7552681594869171,True,1.5322602232907059,0.1352681594869125
cutting→platô,0,7,7,kalman,False,2026-03-22,0.21403524591292467,True,1.5319086173009282,0.11403524591291614
cutting→platô,0,7,7,kalman,False,2026-03-23,0.029411458818458414,True,1.5313442136609012,0.09058854118153192
cutting→platô,0,7,7,gpr,False,2026-03-17,0.7258900880704999,True,1.60169043789449,0.22589008807049993
cutting→platô,0,7,7,gpr,False,2026-03-18,0.09885750690665418,True,1.6018782545781391,0.21885750690665873
cutting→platô,0,7,7,gpr,False,2026-03-19,0.46922117167710553,True,1.6019904034107526,0.20922117167711463
cutting→platô,0,7,7,gpr,False,2026-03-20,0.03690049728510303,True,1.6020222443220575,0.19690049728509962
cutting→platô,0,7,7,gpr,False,2026-03-21,0.8018253711107093,False,1.6019715147221234,0.18182537111070474
cutting→platô,0,7,7,gpr,False,2026-03-22,0.26393639643168854,True,1.6018384611397494,0.16393639643168
cutting→platô,0,7,7,gpr,False,2026-03-23,0.02318508099371286,True,1.6016258968417105,0.1431850809937032
cutting→platô,0,7,7,linear,False,2026-03-19,0.4124999999999943,True,1.8492791078457742,0.1525000000000034
cutting→platô,0,7,7,linear,False,2026-03-20,0.024999999999991473,True,1.766309103371242,0.18499999999998806
cutting→platô,0,7,7,linear,False,2026-03-21,0.8374999999999915,True,1.7146010109102576,0.21749999999998693
cutting→platô,0,7,7,linear,False,2026-03-22,0.3500000000000085,True,1.6970148946317352,0.25
cutting→platô,0,7,7,linear,False,2026-03-23,0.16250000000000853,True,1.714601010910286,0.28249999999999886
cutting→platô,0,7,7,linear,False,2026-03-24,1.1749999999999972,False,1.766309103371242,0.3149999999999977
cutting→platô,0,7,7,linear,False,2026-03-25,0.1875,True,1.8492791078457742,0.3474999999999966
cutting→platô,0,7,7,kalman,False,2026-03-19,0.43949309327011576,True,1.4545817600048565,0.17949309327012486
cutting→platô,0,7,7,kalman,False,2026-03-20,0.006013106142333413,True,1.4554223861528897,0.16601310614233
cutting→platô,0,7,7,kalman,False,2026-03-21,0.7701004673256477,False,1.456031988213482,0.1501004673256432
cutting→platô,0,7,7,kalman,False,2026-03-22,0.2317148931937396,True,1.4563683408231896,0.1317148931937311
cutting→platô,0,7,7,kalman,False,2026-03-23,0.009183899879673163,True,1.456412841565765,0.11081610012031717
cutting→platô,0,7,7,kalman,False,2026-03-24,0.9473638044790818,False,1.4561713543464236,0.08736380447908232
cutting→platô,0,7,7,kalman,False,2026-03-25,0.098682277356275,True,1.4556735956110742,0.061317722643721595
cutting→platô,0,7,7,gpr,False,2026-03-19,0.48228532824010983,True,1.6176749561331007,0.22228532824011893
cutting→platô,0,7,7,gpr,False,2026-03-20,0.050228438641866546,True,1.6179882286494376,0.21022843864186314
cutting→platô,0,7,7,gpr,False,2026-03-21,0.8153007348523573,False,1.6182101838164726,0.19530073485235278
cutting→platô,0,7,7,gpr,False,2026-03-22,0.27743314349477544,True,1.6183331185570466,0.1774331434947669
cutting→platô,0,7,7,gpr,False,2026-03-23,0.03656887010806997,True,1.6183524366019526,0.1565688701080603
cutting→platô,0,7,7,gpr,False,2026-03-24,0.9926638029310197,False,1.6182668641338296,0.1326638029310203
cutting→platô,0,7,7,gpr,False,2026-03-25,0.05431315335222564,True,1.6180785635519612,0.10568684664777095
cutting→platô,0,14,15,linear,False,2026-04-04,0.42499999999999716,True,1.9881572124394609,0.22499999999999432
cutting→platô,0,14,15,linear,False,2026-04-05,0.08749999999999147,True,1.939604425892128,0.1875
cutting→platô,0,14,15,linear,False,2026-04-06,0.44999999999998863,True,1.8989562842981798,0.14999999999999147
cutting→platô,0,14,15,linear,False,2026-04-08,0.7249999999999943,True,1.8433649911658279,0.07500000000000284
cutting→platô,0,14,15,linear,False,2026-04-09,0.23749999999999716,True,1.829203206563136,0.037499999999994316
cutting→platô,0,14,15,linear,False,2026-04-10,0.20000000000000284,True,1.8244581837674048,0.0
cutting→platô,0,14,15,linear,False,2026-04-11,0.36249999999999716,True,1.829203206563136,0.037499999999994316
cutting→platô,0,14,15,linear,False,2026-04-12,0.024999999999991473,True,1.8433649911658279,0.07500000000000284
cutting→platô,0,14,15,linear,False,2026-04-13,0.11249999999999716,True,1.8667292314582369,0.11249999999999716
cutting→platô,0,14,15,linear,False,2026-04-14,0.44999999999998863,True,1.8989562842981798,0.14999999999999147
cutting→platô,0,14,15,linear,False,2026-04-15,0.012500000000002842,True,1.939604425892128,0.1875
cutting→platô,0,14,15,linear,False,2026-04-16,0.125,True,1.9881572124394609,0.22499999999999432
cutting→platô,0,14,15,linear,False,2026-04-17,0.23749999999999716,True,2.044051439416279,0.26250000000000284
cutting→platô,0,14,15,kalman,False,2026-04-04,0.4495796714861484,True,1.5708957010658935,0.24957967148614557
cutting→platô,0,14,15,kalman,False,2026-04-05,0.12207936236494277,True,1.5738956309039054,0.2220793623649513
cutting→platô,0,14,15,kalman,False,2026-04-06,0.4964760309094771,True,1.5766478303524138,0.19647603090947996
cutting→platô,0,14,15,kalman,False,2026-04-08,0.6494313644564187,True,1.5811128439968627,0.15056863554357847
cutting→platô,0,14,15,kalman,False,2026-04-09,0.33006873890710153,True,1.5827086211230892,0.1300687389070987
cutting→platô,0,14,15,kalman,False,2026-04-10,0.31107415448424547,True,1.583825447713707,0.11107415448424263
cutting→platô,0,14,15,kalman,False,2026-04-11,0.49348696591198404,True,1.5844415265345049,0.09348696591199257
cutting→platô,0,14,15,kalman,False,2026-04-12,0.17720925682731092,True,1.584550832600769,0.07720925682731661
cutting→platô,0,14,15,kalman,False,2026-04-13,0.06214311086718283,True,1.5841630972709027,0.06214311086718283
cutting→platô,0,14,15,kalman,False,2026-04-14,0.25180938833142363,True,1.5833034037187588,0.048190611668573524
cutting→platô,0,14,15,kalman,False,2026-04-15,0.23525384286848805,True,1.5820113880735676,0.03525384286848521
cutting→platô,0,14,15,kalman,False,2026-04-16,0.12323488810385186,True,1.580340032397828,0.023234888103857543
cutting→platô,0,14,15,kalman,False,2026-04-17,0.5120358310117012,True,1.578354028865789,0.012035831011701248
cutting→platô,0,14,15,gpr,False,2026-04-04,0.3954696161355855,True,1.7866872245559478,0.19546961613558267
cutting→platô,0,14,15,gpr,False,2026-04-05,0.0626904154073884,True,1.7875457314603125,0.16269041540739693
cutting→platô,0,14,15,gpr,False,2026-04-06,0.43193628292311814,True,1.7883518522464783,0.13193628292312098
cutting→platô,0,14,15,gpr,False,2026-04-08,0.7235690237018559,True,1.7897706647889322,0.07643097629814122
cutting→platô,0,14,15,gpr,False,2026-04-09,0.25163473339718223,True,1.7903673292073279,0.05163473339717939
cutting→platô,0,14,15,gpr,False,2026-04-10,0.22877361350313663,True,1.7908798283265526,0.028773613503133788
cutting→platô,0,14,15,gpr,False,2026-04-11,0.4078165820587998,True,1.7913028322904552,0.007816582058808308
cutting→platô,0,14,15,gpr,False,2026-04-12,0.08872940229574056,True,1.791632241447644,0.01127059770425376
cutting→platô,0,14,15,gpr,False,2026-04-13,0.028525244888299994,True,1.7918652291518242,0.028525244888299994
cutting→platô,0,14,15,gpr,False,2026-04-14,0.34398763531292786,True,1.792000255361728,0.043987635312930706
cutting→platô,0,14,15,gpr,False,2026-04-15,0.1422991293637068,True,1.792037051477081,0.05770087063629603
cutting→platô,0,14,15,gpr,False,2026-04-16,0.030289257302442252,True,1.7919765775529015,0.06971074269755206
cutting→platô,0,14,15,gpr,False,2026-04-17,0.41993440643123847,True,1.791820953723402,0.08006559356876153
cutting→platô,0,14,14,linear,False,2026-04-01,0.5,True,2.0269984801635985,0.20000000000000284
cutting→platô,0,14,14,linear,False,2026-04-02,0.5,True,1.9685150234449793,0.20000000000000284
cutting→platô,0,14,14,linear,False,2026-04-04,0.0,True,1.8773769562725136,0.20000000000000284
cutting→platô,0,14,14,linear,False,2026-04-05,0.30000000000001137,True,1.8459979727547307,0.20000000000000284
cutting→platô,0,14,14,linear,False,2026-04-06,0.09999999999999432,True,1.8247789003225137,0.20000000000000284
cutting→platô,0,14,14,linear,False,2026-04-08,1.0,False,1.8140762924656997,0.20000000000000284
cutting→platô,0,14,14,linear,False,2026-04-09,0.0,True,1.8247789003225137,0.20000000000000284
cutting→platô,0,14,14,linear,False,2026-04-10,0.0,True,1.8459979727547307,0.20000000000000284
cutting→platô,0,14,14,linear,False,2026-04-11,0.19999999999998863,True,1.8773769562725136,0.20000000000000284
cutting→platô,0,14,14,linear,False,2026-04-12,0.10000000000000853,True,1.9184173676881926,0.20000000000000284
cutting→platô,0,14,14,linear,False,2026-04-13,0.20000000000000284,True,1.9685150234449793,0.20000000000000284
cutting→platô,0,14,14,linear,False,2026-04-14,0.5,True,2.0269984801635985,0.20000000000000284
cutting→platô,0,14,14,kalman,False,2026-04-01,0.008025626322591961,True,1.5698322892312149,0.3080256263225891
cutting→platô,0,14,14,kalman,False,2026-04-02,0.029157400359622443,True,1.5723781074723036,0.2708425996403747
cutting→platô,0,14,14,kalman,False,2026-04-04,0.4029520688142725,True,1.5767366101081848,0.20295206881426964
cutting→platô,0,14,14,kalman,False,2026-04-05,0.0721365741822666,True,1.5784161477390342,0.17213657418227513
cutting→platô,0,14,14,kalman,False,2026-04-06,0.44333559974555214,True,1.5796959474523362,0.143335599745555
cutting→platô,0,14,14,kalman,False,2026-04-08,0.7084387695182812,True,1.5809475682032144,0.09156123048171594
cutting→platô,0,14,14,kalman,False,2026-04-09,0.2684798451664676,True,1.5809053810358478,0.06847984516646477
cutting→platô,0,14,14,kalman,False,2026-04-10,0.2471969990702405,True,1.5804356234429235,0.047196999070237666
cutting→platô,0,14,14,kalman,False,2026-04-11,0.4276586969489813,True,1.579571293838626,0.027658696948989814
cutting→platô,0,14,14,kalman,False,2026-04-12,0.10981094355862808,True,1.5783599765421172,0.009810943558633767
cutting→platô,0,14,14,kalman,False,2026-04-13,0.006400256344861077,True,1.5768623263116694,0.006400256344861077
cutting→platô,0,14,14,kalman,False,2026-04-14,0.32102889800559353,True,1.5751500538276844,0.021028898005596375
cutting→platô,0,14,14,gpr,False,2026-04-01,0.008878141037030218,True,1.6604257261704447,0.29112185896296694
cutting→platô,0,14,14,gpr,False,2026-04-02,0.04958436179549608,True,1.6607930642248618,0.2504156382045011
cutting→platô,0,14,14,gpr,False,2026-04-04,0.3747914388580966,True,1.6615214630688229,0.17479143885809378
cutting→platô,0,14,14,gpr,False,2026-04-05,0.03987664928666845,True,1.6618783180085757,0.13987664928667698
cutting→platô,0,14,14,gpr,False,2026-04-06,0.4068915392004726,True,1.6622271635334016,0.10689153920047545
cutting→platô,0,14,14,gpr,False,2026-04-08,0.7533094010200756,True,1.6628906150605758,0.04669059897992156
cutting→platô,0,14,14,gpr,False,2026-04-09,0.21945907250334074,True,1.6631998485025008,0.019459072503337893
cutting→platô,0,14,14,gpr,False,2026-04-10,0.19412589360968013,True,1.663490378155899,0.005874106390322709
cutting→platô,0,14,14,gpr,False,2026-04-11,0.37067753977090945,True,1.6637593614292712,0.029322460229082026
cutting→platô,0,14,14,gpr,False,2026-04-12,0.04909828520645476,True,1.6640039316697255,0.050901714793539554
cutting→platô,0,14,14,gpr,False,2026-04-13,0.0706297571867367,True,1.6642212165596675,0.0706297571867367
cutting→platô,0,14,14,gpr,False,2026-04-14,0.3885265908543971,True,1.6644083551808535,0.08852659085439996
cutting→platô,1,3,4,linear,False,2026-03-24,0.23999999999999488,True,1.79226330800131,0.0799999999999983
cutting→platô,1,3,4,linear,False,2026-03-25,0.12000000000000455,True,1.7047824541977263,0.03999999999999204
cutting→platô,1,3,4,linear,False,2026-03-26,0.01999999999999602,True,1.7047824541977263,0.0
cutting→platô,1,3,4,kalman,False,2026-03-24,0.23498209257202518,True,1.304602680785024,0.07498209257202859
cutting→platô,1,3,4,kalman,False,2026-03-25,0.09953112360418004,True,1.3049728665075975,0.06046887639581655
cutting→platô,1,3,4,kalman,False,2026-03-26,0.06370268811430435,True,1.3051794842696722,0.04370268811430833
cutting→platô,1,3,4,gpr,False,2026-03-24,0.2605770804352545,True,1.169536770379409,0.10057708043525793
cutting→platô,1,3,4,gpr,False,2026-03-25,0.07711356360543675,True,1.1696931048923318,0.08288643639455984
cutting→platô,1,3,4,gpr,False,2026-03-26,0.08272503060072722,True,1.169811258281868,0.0627250306007312
cutting→platô,1,3,3,linear,False,2026-04-24,0.6749999999999972,True,1.748599500945346,0.375
cutting→platô,1,3,3,linear,False,2026-04-25,0.45000000000000284,True,1.6800000589852573,0.45000000000000284
cutting→platô,1,3,3,kalman,False,2026-04-24,0.4838120896876461,True,1.2928741768082261,0.18381208968764895
cutting→platô,1,3,3,kalman,False,2026-04-25,0.17225564463385012,True,1.2926905029324587,0.17225564463385012
cutting→platô,1,3,3,gpr,False,2026-04-24,0.5077932355227404,True,1.1760519261154343,0.2077932355227432
cutting→platô,1,3,3,gpr,False,2026-04-25,0.1934221011274957,True,1.175961563019655,0.1934221011274957
cutting→platô,1,7,8,linear,False,2026-02-07,0.17777777777777715,True,1.7917062481704704,0.3177777777777635
cutting→platô,1,7,8,linear,False,2026-02-08,0.46666666666665435,True,1.7373994575148402,0.3266666666666538
cutting→platô,1,7,8,linear,False,2026-02-10,0.1444444444444457,True,1.7095992725176359,0.34444444444444855
cutting→platô,1,7,8,linear,False,2026-02-11,0.23333333333333428,True,1.7373994575148402,0.35333333333333883
cutting→platô,1,7,8,linear,False,2026-02-12,0.12222222222223422,True,1.7917062481704704,0.3622222222222291
cutting→platô,1,7,8,linear,False,2026-02-13,0.3111111111111171,True,1.8702119898218257,0.3711111111111194
cutting→platô,1,7,8,kalman,False,2026-02-07,0.08364029709105125,True,1.326765033800001,0.056359702908935105
cutting→platô,1,7,8,kalman,False,2026-02-08,0.20188761174753722,True,1.3275688893289441,0.06188761174753665
cutting→platô,1,7,8,kalman,False,2026-02-10,0.1272017134577652,True,1.3280872375565025,0.07279828654223763
cutting→platô,1,7,8,kalman,False,2026-02-11,0.041944907812478505,True,1.3277758499970957,0.07805509218752604
cutting→platô,1,7,8,kalman,False,2026-02-12,0.15690443020913847,True,1.32711412408986,0.08309556979085642
cutting→platô,1,7,8,kalman,False,2026-02-13,0.027856739196820968,True,1.3261584290774238,0.08785673919682324
cutting→platô,1,7,8,gpr,False,2026-02-07,0.10197600572472254,True,1.4159984189483907,0.03802399427526382
cutting→platô,1,7,8,gpr,False,2026-02-08,0.1794043675570549,True,1.4158097254228323,0.03940436755705434
cutting→platô,1,7,8,gpr,False,2026-02-10,0.15783346782434649,True,1.4155137435101608,0.04216653217565636
cutting→platô,1,7,8,gpr,False,2026-02-11,0.07645167680000498,True,1.4154064705627718,0.04354832319999957
cutting→platô,1,7,8,gpr,False,2026-02-12,0.1950694135235551,True,1.4153263510825695,0.04493058647643977
cutting→platô,1,7,8,gpr,False,2026-02-13,0.013686678175616862,True,1.4152733895389815,0.04631332182438541
cutting→platô,1,7,7,linear,False,2026-04-12,0.38750000000000284,True,1.8285378360286586,0.11249999999999716
cutting→platô,1,7,7,linear,False,2026-04-13,0.22499999999999432,True,1.7464984122372584,0.22499999999999432
cutting→platô,1,7,7,linear,False,2026-04-14,0.3374999999999915,True,1.6953702709563458,0.3374999999999915
cutting→platô,1,7,7,linear,False,2026-04-15,0.75,True,1.6779813982504095,0.45000000000000284
cutting→platô,1,7,7,linear,False,2026-04-16,0.26250000000000284,True,1.6953702709563458,0.5625
cutting→platô,1,7,7,linear,False,2026-04-17,0.4749999999999943,True,1.7464984122372584,0.6749999999999972
cutting→platô,1,7,7,linear,False,2026-04-18,0.8875000000000028,True,1.8285378360286586,0.7874999999999943
cutting→platô,1,7,7,kalman,False,2026-04-12,0.27152152943070007,True,1.3128378876058093,0.22847847056929993
cutting→platô,1,7,7,kalman,False,2026-04-13,0.23941021577059018,True,1.3137871806242458,0.23941021577059018
cutting→platô,1,7,7,kalman,False,2026-04-14,0.24744873428385006,True,1.3144265038065157,0.24744873428385006
cutting→platô,1,7,7,kalman,False,2026-04-15,0.5526667521596096,True,1.3146991678589757,0.25266675215961243
cutting→platô,1,7,7,kalman,False,2026-04-16,0.04486300455157277,True,1.3145756477833004,0.2551369954484244
cutting→platô,1,7,7,kalman,False,2026-04-17,0.05493219020083018,True,1.3140552858166359,0.254932190200833
cutting→platô,1,7,7,kalman,False,2026-04-18,0.35212506246739395,True,1.3131662182526327,0.2521250624673854
cutting→platô,1,7,7,gpr,False,2026-04-12,0.24047291032340468,True,1.196105056457867,0.2595270896765953
cutting→platô,1,7,7,gpr,False,2026-04-13,0.2707128091603437,True,1.196380026096847,0.2707128091603437
cutting→platô,1,7,7,gpr,False,2026-04-14,0.278885195648499,True,1.1965248632970145,0.278885195648499
cutting→platô,1,7,7,gpr,False,2026-04-15,0.5841487822729476,True,1.1965355995240259,0.2841487822729505
cutting→platô,1,7,7,gpr,False,2026-04-16,0.01338142322497049,True,1.1964110277401687,0.28661857677502667
cutting→platô,1,7,7,gpr,False,2026-04-17,0.08641908207160043,True,1.1961527443317266,0.28641908207160327
cutting→platô,1,7,7,gpr,False,2026-04-18,0.3836832761917748,True,1.1957651474048134,0.28368327619176625
cutting→platô,1,14,15,linear,False,2026-05-16,0.3125,True,1.9043077655697687,0.06250000000001421
cutting→platô,1,14,15,linear,False,2026-05-17,0.17499999999999716,True,1.8522348047675337,0.06500000000001194
cutting→platô,1,14,15,linear,False,2026-05-18,0.5625,True,1.8070013792875272,0.06749999999999545
cutting→platô,1,14,15,linear,False,2026-05-19,0.14999999999999147,True,1.7691321895985084,0.07000000000000739
cutting→platô,1,14,15,linear,False,2026-05-20,0.26250000000000284,True,1.7391083722908434,0.07250000000000512
cutting→platô,1,14,15,linear,False,2026-05-22,0.08750000000000568,True,1.7041478525892728,0.07750000000001478
cutting→platô,1,14,15,linear,False,2026-05-23,0.19999999999998863,True,1.6997272281453775,0.0799999999999983
cutting→platô,1,14,15,linear,False,2026-05-25,0.32500000000000284,True,1.7173414522576707,0.08500000000000796
cutting→platô,1,14,15,linear,False,2026-05-26,0.037500000000008527,True,1.7391083722908434,0.0875000000000199
cutting→platô,1,14,15,linear,False,2026-05-27,0.15000000000000568,True,1.7691321895985084,0.09000000000001762
cutting→platô,1,14,15,linear,False,2026-05-28,0.4374999999999858,True,1.8070013792875272,0.09250000000001535
cutting→platô,1,14,15,linear,False,2026-05-29,0.07500000000000284,True,1.8522348047675337,0.09500000000001307
cutting→platô,1,14,15,kalman,False,2026-05-16,0.2697323616799707,True,1.3280561426451811,0.019732361679984933
cutting→platô,1,14,15,kalman,False,2026-05-17,0.21794290017106732,True,1.3314252645265299,0.022057099828941773
cutting→platô,1,14,15,kalman,False,2026-05-18,0.6063314476077579,True,1.3345899216827775,0.02366855239223753
cutting→platô,1,14,15,kalman,False,2026-05-19,0.1045729048800581,True,1.3374164252437595,0.02457290488007402
cutting→platô,1,14,15,kalman,False,2026-05-20,0.21477634280260816,True,1.3397879416179705,0.02477634280261043
cutting→platô,1,14,15,kalman,False,2026-05-22,0.03310521699259539,True,1.3428063604759188,0.023105216992604483
cutting→platô,1,14,15,kalman,False,2026-05-23,0.14124302428041347,True,1.3433354837995068,0.02124302428042313
cutting→platô,1,14,15,kalman,False,2026-05-25,0.25549630679260815,True,1.3423414502802586,0.015496306792613268
cutting→platô,1,14,15,kalman,False,2026-05-26,0.038375846962651394,True,1.3408642483179563,0.011624153037359974
cutting→platô,1,14,15,kalman,False,2026-05-27,0.0670943832881079,True,1.3388087718953443,0.007094383288119843
cutting→platô,1,14,15,kalman,False,2026-05-28,0.5280868169449207,True,1.3362622372364115,0.0019131830550804807
cutting→platô,1,14,15,kalman,False,2026-05-29,0.023913262151566528,True,1.3333332130592623,0.003913262151556296
cutting→platô,1,14,15,gpr,False,2026-05-16,0.2208532360975255,True,1.145022390884634,0.029146763902460293
cutting→platô,1,14,15,gpr,False,2026-05-17,0.27303028091752424,True,1.145158191292893,0.03303028091751514
cutting→platô,1,14,15,gpr,False,2026-05-18,0.6666655240289145,False,1.1452834395843183,0.036665524028919094
cutting→platô,1,14,15,gpr,False,2026-05-19,0.040152162960069404,True,1.1453954154785322,0.03984783703991468
cutting→platô,1,14,15,gpr,False,2026-05-20,0.14743572674126426,True,1.1455044140570578,0.042564273258733465
cutting→platô,1,14,15,gpr,False,2026-05-22,0.036979183953377515,True,1.1457603121896796,0.04697918395336842
cutting→platô,1,14,15,gpr,False,2026-05-23,0.07114089346985963,True,1.1459192989615588,0.0488591065301307
cutting→platô,1,14,15,gpr,False,2026-05-25,0.18799962655269553,True,1.1462989396524677,0.05200037344729935
cutting→platô,1,14,15,gpr,False,2026-05-26,0.10308623438744746,True,1.1465084751461916,0.05308623438743609
cutting→platô,1,14,15,gpr,False,2026-05-27,0.00631154032085135,True,1.146715267575189,0.05368845967913671
cutting→platô,1,14,15,gpr,False,2026-05-28,0.5837561708050458,False,1.146902533550815,0.05375617080504469
cutting→platô,1,14,15,gpr,False,2026-05-29,0.07340502507494762,True,1.1470590055267564,0.053405025074937384
cutting→platô,1,14,14,linear,False,2026-03-07,0.4933333333333394,True,1.8296759843593406,0.20666666666666345
cutting→platô,1,14,14,linear,False,2026-03-08,0.4133333333333411,True,1.7768857246292384,0.23333333333333428
cutting→platô,1,14,14,linear,False,2026-03-09,0.3200000000000074,True,1.7316649321580542,0.2600000000000051
cutting→platô,1,14,14,linear,False,2026-03-10,0.17333333333334622,True,1.6946196872354164,0.28666666666666174
cutting→platô,1,14,14,linear,False,2026-03-11,0.5333333333333314,True,1.666295357879477,0.31333333333331836
cutting→platô,1,14,14,linear,False,2026-03-12,0.14000000000000057,True,1.6471419013675188,0.3399999999999892
cutting→platô,1,14,14,linear,False,2026-03-13,0.05333333333332746,True,1.6374811617284593,0.36666666666666003
cutting→platô,1,14,14,linear,False,2026-03-14,0.45333333333333314,True,1.6374811617284593,0.39333333333333087
cutting→platô,1,14,14,linear,False,2026-03-15,0.35999999999999943,True,1.6471419013675188,0.4200000000000017
cutting→platô,1,14,14,linear,False,2026-03-16,0.5666666666666771,True,1.666295357879477,0.44666666666667254
cutting→platô,1,14,14,linear,False,2026-03-18,0.01999999999999602,True,1.7316649321580542,0.5
cutting→platô,1,14,14,linear,False,2026-03-19,1.1866666666666674,False,1.7768857246292384,0.5266666666666708
cutting→platô,1,14,14,linear,False,2026-03-20,0.29333333333333655,True,1.8296759843593406,0.5533333333333275
cutting→platô,1,14,14,kalman,False,2026-03-07,0.5407081913746907,True,1.302151921190756,0.15929180862531211
cutting→platô,1,14,14,kalman,False,2026-03-08,0.3423760918919925,True,1.3048730447480068,0.16237609189198565
cutting→platô,1,14,14,kalman,False,2026-03-09,0.22526632445133998,True,1.3072783301622621,0.1652663244513377
cutting→platô,1,14,14,kalman,False,2026-03-10,0.2921647192305272,True,1.3092543072622504,0.16783528076948073
cutting→platô,1,14,14,kalman,False,2026-03-11,0.38995573531254024,True,1.3107071328709594,0.16995573531252717
cutting→platô,1,14,14,kalman,False,2026-03-12,0.02849953745337075,True,1.3115662560283567,0.17150046254661788
cutting→platô,1,14,14,kalman,False,2026-03-13,0.24765776306213638,True,1.3117870487692187,0.1723422369378511
cutting→platô,1,14,14,kalman,False,2026-03-14,0.23235383295234158,True,1.3113524781948342,0.1723538329523393
cutting→platô,1,14,14,kalman,False,2026-03-15,0.11140802505620684,True,1.3102738712406392,0.1714080250562091
cutting→platô,1,14,14,kalman,False,2026-03-16,0.28937758771557753,True,1.3085907932774887,0.16937758771557299
cutting→platô,1,14,14,kalman,False,2026-03-18,0.3584460774347491,True,1.3037036203308503,0.16155392256524692
cutting→platô,1,14,14,kalman,False,2026-03-19,0.8155062436877785,False,1.3007058934078088,0.15550624368778188
cutting→platô,1,14,14,kalman,False,2026-03-20,0.11213496676973023,True,1.2975093755695752,0.14786503323026068
cutting→platô,1,14,14,gpr,False,2026-03-07,0.5495644262221901,True,1.2231609627550881,0.1504355737778127
cutting→platô,1,14,14,gpr,False,2026-03-08,0.3330043342710809,True,1.224407976750797,0.15300433427107407
cutting→platô,1,14,14,gpr,False,2026-03-09,0.21547575735628755,True,1.2254224586660314,0.15547575735628527
cutting→platô,1,14,14,gpr,False,2026-03-10,0.30221520282353254,True,1.2261852823012305,0.15778479717647542
cutting→platô,1,14,14,gpr,False,2026-03-11,0.3798542475801554,True,1.2266829629006395,0.15985424758014233
cutting→platô,1,14,14,gpr,False,2026-03-12,0.038405120438724794,True,1.2269078857284228,0.16159487956126384
cutting→platô,1,14,14,gpr,False,2026-03-13,0.25709425316038903,True,1.2268583792996424,0.16290574683959846
cutting→platô,1,14,14,gpr,False,2026-03-14,0.2236746583206326,True,1.226538634031101,0.16367465832063033
cutting→platô,1,14,14,gpr,False,2026-03-15,0.10377881406294875,True,1.2259584715620804,0.16377881406295103
cutting→platô,1,14,14,gpr,False,2026-03-16,0.2830855993070003,True,1.2251329744667885,0.16308559930699573
cutting→platô,1,14,14,gpr,False,2026-03-18,0.361266665801395,True,1.2228295283215402,0.15873333419860103
cutting→platô,1,14,14,gpr,False,2026-03-19,0.814769176886756,False,1.2214030688190007,0.1547691768867594
cutting→platô,1,14,14,gpr,False,2026-03-20,0.11060001584186807,True,1.2198328109855652,0.14939998415812283
cutting→platô,2,3,4,linear,False,2026-05-19,0.9200000000000017,True,2.2468129071589544,0.7400000000000091
cutting→platô,2,3,4,linear,False,2026-05-20,0.14000000000000057,True,2.137145365242702,0.5500000000000114
cutting→platô,2,3,4,kalman,False,2026-05-19,0.22193547935741265,True,1.7549369966397705,0.041935479357420036
cutting→platô,2,3,4,kalman,False,2026-05-20,0.35862669042718665,True,1.7551632207298553,0.051373309572824155
cutting→platô,2,3,4,gpr,False,2026-05-19,0.21687142039108664,True,1.6947145001860235,0.036871420391094034
cutting→platô,2,3,4,gpr,False,2026-05-20,0.37119168301423144,True,1.694887358809126,0.038808316985779356
cutting→platô,2,3,3,linear,False,2026-04-15,0.5499999999999972,True,2.2298049294576288,0.04999999999999716
cutting→platô,2,3,3,linear,False,2026-04-16,0.0,True,2.1423272801972075,0.09999999999999432
cutting→platô,2,3,3,kalman,False,2026-04-15,0.31126407967755654,True,1.759414550088536,0.18873592032244346
cutting→platô,2,3,3,kalman,False,2026-04-16,0.09325530332989729,True,1.7591284607520095,0.1932553033298916
cutting→platô,2,3,3,gpr,False,2026-04-15,0.2680863447432529,True,1.783947342237127,0.23191365525674712
cutting→platô,2,3,3,gpr,False,2026-04-16,0.13508939895777416,True,1.7835915617952196,0.23508939895776848
cutting→platô,2,7,7,linear,False,2026-02-03,0.25,True,2.3684631169518298,0.39000000000000057
cutting→platô,2,7,7,linear,False,2026-02-04,0.9000000000000057,True,2.2621993330927523,0.3200000000000074
cutting→platô,2,7,7,linear,False,2026-02-05,0.9500000000000028,True,2.195974224442466,0.25
cutting→platô,2,7,7,linear,False,2026-02-06,0.30000000000001137,True,2.173450816483438,0.18000000000000682
cutting→platô,2,7,7,linear,False,2026-02-07,0.3499999999999943,True,2.195974224442466,0.11000000000001364
cutting→platô,2,7,7,linear,False,2026-02-08,0.0,True,2.2621993330927523,0.04000000000000625
cutting→platô,2,7,7,linear,False,2026-02-09,0.04999999999999716,True,2.3684631169518298,0.029999999999986926
cutting→platô,2,7,7,kalman,False,2026-02-03,0.15740966593784833,True,1.7682532856235866,0.017409665937847763
cutting→platô,2,7,7,kalman,False,2026-02-04,0.5595083317354437,True,1.7688349084587287,0.02049166826455462
cutting→platô,2,7,7,kalman,False,2026-02-05,0.6767164577505582,True,1.7691024856131605,0.023283542249444622
cutting→platô,2,7,7,kalman,False,2026-02-06,0.0943403835750587,True,1.7690342822717469,0.025659616424945852
cutting→platô,2,7,7,kalman,False,2026-02-07,0.48749421932349435,True,1.7686331144212204,0.02749421932348639
cutting→platô,2,7,7,kalman,False,2026-02-08,0.06866167947757162,True,1.7679266440489698,0.02866167947756537
cutting→platô,2,7,7,kalman,False,2026-02-09,0.049036325419606897,True,1.766966273565373,0.029036325419596665
cutting→platô,2,7,7,gpr,False,2026-02-03,0.13818041598737807,True,1.7948729019256575,0.0018195840126224994
cutting→platô,2,7,7,gpr,False,2026-02-04,0.5820520480489506,True,1.794743484520751,0.002052048048952315
cutting→platô,2,7,7,gpr,False,2026-02-05,0.7021792334337391,True,1.794633882184371,0.0021792334337362718
cutting→platô,2,7,7,gpr,False,2026-02-06,0.12220120376144905,True,1.794542503975748,0.0022012037614445035
cutting→platô,2,7,7,gpr,False,2026-02-07,0.4578819334691815,True,1.7944679838702484,0.002118066530826468
cutting→platô,2,7,7,gpr,False,2026-02-08,0.03807002687908323,True,1.7944091818497725,0.001929973120923023
cutting→platô,2,7,7,gpr,False,2026-02-09,0.018362881262106612,True,1.7943651849686546,0.00163711873790362
cutting→platô,2,7,7,linear,False,2026-02-28,0.9625000000000057,True,2.3106763776482637,0.522500000000008
cutting→platô,2,7,7,linear,False,2026-03-01,0.22499999999999432,True,2.207005261385035,0.40500000000000114
cutting→platô,2,7,7,linear,False,2026-03-02,0.08750000000000568,True,2.142395940230699,0.2875000000000085
cutting→platô,2,7,7,linear,False,2026-03-03,1.1500000000000057,False,2.12042206766219,0.17000000000001592
cutting→platô,2,7,7,linear,False,2026-03-04,0.8125,True,2.1423959402306707,0.052499999999994884
cutting→platô,2,7,7,kalman,False,2026-02-28,0.5513591644016174,True,1.7271316766665166,0.11135916440161964
cutting→platô,2,7,7,kalman,False,2026-03-01,0.06271630265079864,True,1.7277182427883133,0.11728369734920818
cutting→platô,2,7,7,kalman,False,2026-03-02,0.0768449177958388,True,1.7280017766435094,0.12315508220416405
cutting→platô,2,7,7,kalman,False,2026-03-03,1.1089384298942946,False,1.7279553872577083,0.12893842989430482
cutting→platô,2,7,7,kalman,False,2026-03-04,0.8945988513474532,False,1.727573521915474,0.1345988513474481
cutting→platô,2,7,7,gpr,False,2026-02-28,0.49269667545159734,True,1.7182989712676147,0.05269667545159962
cutting→platô,2,7,7,gpr,False,2026-03-01,0.12245377603886709,True,1.718759051500058,0.05754622396113973
cutting→platô,2,7,7,gpr,False,2026-03-02,0.13673970565147897,True,1.7188771734979582,0.06326029434852387
cutting→platô,2,7,7,gpr,False,2026-03-03,1.0497710957685342,False,1.7186466797548121,0.06977109576854446
cutting→platô,2,7,7,gpr,False,2026-03-04,0.8369866291457839,True,1.7180746946499426,0.0769866291457788
cutting→platô,2,14,15,linear,False,2026-03-17,0.18124999999999147,True,2.4449190121839024,0.18124999999999147
cutting→platô,2,14,15,linear,False,2026-03-18,0.0625,True,2.3780631319591237,0.1424999999999983
cutting→platô,2,14,15,linear,False,2026-03-19,0.15625,True,2.3199884530958457,0.1037499999999909
cutting→platô,2,14,15,linear,False,2026-03-20,0.32500000000000284,True,2.271368632539179,0.06500000000001194
cutting→platô,2,14,15,linear,False,2026-03-21,0.5062499999999943,True,2.2328213960677203,0.026250000000004547
cutting→platô,2,14,15,linear,False,2026-03-23,0.5687499999999943,True,2.1879359837201946,0.05124999999999602
cutting→platô,2,14,15,linear,False,2026-03-24,0.04999999999999716,True,2.1822603944357013,0.09000000000000341
cutting→platô,2,14,15,linear,False,2026-03-25,0.3687499999999915,True,2.1879359837201946,0.1287499999999966
cutting→platô,2,14,15,linear,False,2026-03-27,0.10624999999998863,True,2.2328213960677203,0.20624999999998295
cutting→platô,2,14,15,linear,False,2026-03-29,0.5437499999999886,True,2.3199884530958457,0.2837499999999835
cutting→platô,2,14,15,kalman,False,2026-03-17,0.11641391792943523,True,1.8103009384331301,0.11641391792943523
cutting→platô,2,14,15,kalman,False,2026-03-18,0.19709886828123047,True,1.8136552192388535,0.11709886828123217
cutting→platô,2,14,15,kalman,False,2026-03-19,0.3758918465072867,True,1.8168154361007964,0.11589184650729578
cutting→platô,2,14,15,kalman,False,2026-03-20,0.1473117717325323,True,1.8196562520866735,0.11268822826745861
cutting→platô,2,14,15,kalman,False,2026-03-21,0.37261661077843655,True,1.8220677489321133,0.10738338922155322
cutting→platô,2,14,15,kalman,False,2026-03-23,0.529948448649165,True,1.8252604505369163,0.09005155135082532
cutting→platô,2,14,15,kalman,False,2026-03-24,0.06218469615434685,True,1.8259263975791669,0.07781530384565372
cutting→platô,2,14,15,kalman,False,2026-03-25,0.30305933817369635,True,1.8259355561162067,0.06305933817370146
cutting→platô,2,14,15,kalman,False,2026-03-27,0.07443024503123752,True,1.8240238838236849,0.025569754968756797
cutting→platô,2,14,15,kalman,False,2026-03-29,0.23674580701462844,True,1.8198485341409878,0.023254192985376676
cutting→platô,2,14,15,gpr,False,2026-03-17,0.15302199247850012,True,1.8137430173598261,0.15302199247850012
cutting→platô,2,14,15,gpr,False,2026-03-18,0.24121237044488453,True,1.8163131434875766,0.16121237044488623
cutting→platô,2,14,15,gpr,False,2026-03-19,0.4275612485375433,True,1.8186604988667625,0.1675612485375524
cutting→platô,2,14,15,gpr,False,2026-03-20,0.08817483192827069,True,1.8207320034453573,0.1718251680717202
cutting→platô,2,14,15,gpr,False,2026-03-21,0.30623511319483043,True,1.822479698045015,0.17376488680515934
cutting→platô,2,14,15,gpr,False,2026-03-23,0.4502510695049011,True,1.824845854793324,0.1697489304950892
cutting→platô,2,14,15,gpr,False,2026-03-24,0.0233554417281141,True,1.8254059977502664,0.16335544172811467
cutting→platô,2,14,15,gpr,False,2026-03-25,0.3937663536321878,True,1.8255275297205742,0.15376635363219293
cutting→platô,2,14,15,gpr,False,2026-03-27,0.024274369807002927,True,1.8244455051588773,0.12427436980699724
cutting→platô,2,14,15,gpr,False,2026-03-29,0.3399966732682316,True,1.8216842988402675,0.07999667326822646
cutting→platô,2,14,14,linear,False,2026-04-01,0.6999999999999886,True,2.2866482934968815,0.29999999999999716
cutting→platô,2,14,14,linear,False,2026-04-02,0.4333333333333371,True,2.237730373804993,0.23333333333333428
cutting→platô,2,14,14,linear,False,2026-04-03,0.46666666666666856,True,2.2003283463207026,0.1666666666666714
cutting→platô,2,14,14,linear,False,2026-04-05,0.4333333333333229,True,2.162279454047365,0.03333333333333144
cutting→platô,2,14,14,linear,False,2026-04-06,0.7333333333333343,True,2.162279454047365,0.03333333333333144
cutting→platô,2,14,14,linear,False,2026-04-07,0.3999999999999915,True,2.175036375666167,0.09999999999999432
cutting→platô,2,14,14,linear,False,2026-04-10,0.0,True,2.2866482934968815,0.29999999999999716
cutting→platô,2,14,14,linear,False,2026-04-11,0.06666666666666288,True,2.346361951730927,0.36666666666666003
cutting→platô,2,14,14,linear,False,2026-04-12,0.4333333333333371,True,2.4160710248220596,0.4333333333333371
cutting→platô,2,14,14,kalman,False,2026-04-01,0.5799964137086704,True,1.7947329650971824,0.17999641370867892
cutting→platô,2,14,14,kalman,False,2026-04-02,0.3381881678374157,True,1.7967387681527498,0.13818816783741283
cutting→platô,2,14,14,kalman,False,2026-04-03,0.39885072668485577,True,1.79819933812405,0.09885072668485861
cutting→platô,2,14,14,kalman,False,2026-04-05,0.42760546034647007,True,1.7992959232525436,0.027605460346478594
cutting→platô,2,14,14,kalman,False,2026-04-06,0.7042937639340607,True,1.7988927264211156,0.004293763934057893
cutting→platô,2,14,14,kalman,False,2026-04-07,0.33370498168532947,True,1.7978671115556892,0.033704981685332314
cutting→platô,2,14,14,kalman,False,2026-04-10,0.1930324087629458,True,1.7915354802249794,0.10696759123705135
cutting→platô,2,14,14,kalman,False,2026-04-11,0.17361622165520885,True,1.788601104717884,0.1263837783447883
cutting→platô,2,14,14,kalman,False,2026-04-12,0.14329045666005413,True,1.7854278043717784,0.14329045666005413
cutting→platô,2,14,14,gpr,False,2026-04-01,0.5209438702884057,True,1.85416265546246,0.12094387028841425
cutting→platô,2,14,14,gpr,False,2026-04-02,0.2774272877556001,True,1.8549032669800454,0.07742728775559726
cutting→platô,2,14,14,gpr,False,2026-04-03,0.3368838014506963,True,1.8554669587456658,0.03688380145069914
cutting→platô,2,14,14,gpr,False,2026-04-05,0.3647297995461969,True,1.8560221624259725,0.03527020045379459
cutting→platô,2,14,14,gpr,False,2026-04-06,0.7668962315971868,True,1.8560022285079754,0.06689623159718394
cutting→platô,2,14,14,gpr,False,2026-04-07,0.3955799595444489,True,1.8557827223441166,0.09557995954445175
cutting→platô,2,14,14,gpr,False,2026-04-10,0.13568585142451184,True,1.853984688392046,0.16431414857548532
cutting→platô,2,14,14,gpr,False,2026-04-11,0.1183936079485477,True,1.8530428311292155,0.18160639205144946
cutting→platô,2,14,14,gpr,False,2026-04-12,0.19618518341816582,True,1.8519564629780803,0.19618518341816582
cutting→platô,3,3,3,linear,False,2026-03-09,0.625,True,1.755430314451246,0.3649999999999949
cutting→platô,3,3,3,linear,False,2026-03-10,0.5499999999999972,True,1.6865628923193583,0.3100000000000023
cutting→platô,3,3,3,linear,False,2026-03-11,0.125,True,1.755430314451246,0.25499999999999545
cutting→platô,3,3,3,kalman,False,2026-03-09,0.37784315059288076,True,1.3691472729218503,0.11784315059287565
cutting→platô,3,3,3,kalman,False,2026-03-10,0.3495666736223768,True,1.36955130900202,0.10956667362238193
cutting→platô,3,3,3,kalman,False,2026-03-11,0.2797235918591241,True,1.3698547429171413,0.10027640814087135
cutting→platô,3,3,3,gpr,False,2026-03-09,0.34836751971282354,True,1.2589627605742066,0.08836751971281842
cutting→platô,3,3,3,gpr,False,2026-03-10,0.32140051640944023,True,1.25943984242096,0.08140051640944534
cutting→platô,3,3,3,gpr,False,2026-03-11,0.30578776413436515,True,1.2598619372502355,0.0742122358656303
cutting→platô,3,3,3,linear,False,2026-04-21,0.10000000000000853,True,1.771371421889171,0.29999999999999716
cutting→platô,3,3,3,linear,False,2026-04-22,0.19999999999998863,True,1.7018786129412433,0.29999999999999716
cutting→platô,3,3,3,linear,False,2026-04-23,0.3999999999999915,True,1.771371421889171,0.29999999999999716
cutting→platô,3,3,3,kalman,False,2026-04-21,0.2900652590395083,True,1.3759774513320906,0.10993474096049738
cutting→platô,3,3,3,kalman,False,2026-04-22,0.0075357402037781185,True,1.3758764930090592,0.10753574020378664
cutting→platô,3,3,3,kalman,False,2026-04-23,0.20522414122542898,True,1.3756629735881063,0.10522414122543466
cutting→platô,3,3,3,gpr,False,2026-04-21,0.22973076201181186,True,1.403184539200538,0.17026923798819382
cutting→platô,3,3,3,gpr,False,2026-04-22,0.0728448052896482,True,1.402945853044855,0.17284480528965673
cutting→platô,3,3,3,gpr,False,2026-04-23,0.2742345890603133,True,1.402559552207606,0.17423458906031897
cutting→platô,3,7,8,linear,False,2026-03-20,0.3999999999999915,True,1.718081138675501,0.14000000000000057
cutting→platô,3,7,8,linear,False,2026-03-21,0.13333333333332575,True,1.6905900667237859,0.15333333333333599
cutting→platô,3,7,8,linear,False,2026-03-23,0.5999999999999943,True,1.718081138675501,0.18000000000000682
cutting→platô,3,7,8,linear,False,2026-03-24,0.23333333333332007,True,1.7717840866785366,0.19333333333332803
cutting→platô,3,7,8,linear,False,2026-03-25,0.1666666666666572,True,1.849416915113892,0.20666666666666345
cutting→platô,3,7,8,kalman,False,2026-03-20,0.2929594874615873,True,1.3757761220842326,0.03295948746159638
cutting→platô,3,7,8,kalman,False,2026-03-21,0.030614825033055126,True,1.3760844612024528,0.05061482503306536
cutting→platô,3,7,8,kalman,False,2026-03-23,0.6894448863736926,False,1.3757879019568406,0.09055511362630853
cutting→platô,3,7,8,kalman,False,2026-03-24,0.15312375963398495,True,1.3752154050921774,0.1131237596339929
cutting→platô,3,7,8,kalman,False,2026-03-25,0.09761387010632916,True,1.374413183245764,0.1376138701063354
cutting→platô,3,7,8,gpr,False,2026-03-20,0.26582534904439115,True,1.2989654632723386,0.005825349044400241
cutting→platô,3,7,8,gpr,False,2026-03-21,0.0006508280044954518,True,1.299259224352852,0.01934917199551478
cutting→platô,3,7,8,gpr,False,2026-03-23,0.7285219448561264,False,1.2990091214582264,0.05147805514387471
cutting→platô,3,7,8,gpr,False,2026-03-24,0.11050540575804746,True,1.2984869477903942,0.07050540575805542
cutting→platô,3,7,8,gpr,False,2026-03-25,0.05179389523719635,True,1.2977308859768186,0.0917938952372026
cutting→platô,3,7,7,linear,False,2026-04-24,0.4624999999999915,True,1.8337353550231796,0.16249999999999432
cutting→platô,3,7,7,linear,False,2026-04-25,0.9249999999999972,False,1.75146273864749,0.22499999999999432
cutting→platô,3,7,7,linear,False,2026-04-27,0.25,True,1.6827509687881559,0.3499999999999943
cutting→platô,3,7,7,linear,False,2026-04-28,0.4124999999999943,True,1.7001892684156417,0.4124999999999943
cutting→platô,3,7,7,linear,False,2026-04-29,0.4749999999999943,True,1.75146273864749,0.4749999999999943
cutting→platô,3,7,7,linear,False,2026-04-30,0.9375,False,1.8337353550231796,0.5374999999999943
cutting→platô,3,7,7,kalman,False,2026-04-24,0.23862518649828246,True,1.3772388800750548,0.0613748135017147
cutting→platô,3,7,7,kalman,False,2026-04-25,0.6417464834728293,True,1.3776402711193612,0.05825351652717359
cutting→platô,3,7,7,kalman,False,2026-04-27,0.15348913846473522,True,1.3778564855877846,0.053489138464740904
cutting→platô,3,7,7,kalman,False,2026-04-28,0.0518856222930566,True,1.3776369298827547,0.0518856222930566
cutting→platô,3,7,7,kalman,False,2026-04-29,0.05082759797187464,True,1.377206090074651,0.05082759797187464
cutting→platô,3,7,7,kalman,False,2026-04-30,0.3496651520406857,True,1.3765916482910825,0.05033484795931997
cutting→platô,3,7,7,gpr,False,2026-04-24,0.15993278391231058,True,1.3826095741933386,0.14006721608768657
cutting→platô,3,7,7,gpr,False,2026-04-25,0.5596273560237535,True,1.3832183907608453,0.14037264397624938
cutting→platô,3,7,7,gpr,False,2026-04-27,0.2379948218171677,True,1.3835008954145849,0.13799482181717337
cutting→platô,3,7,7,gpr,False,2026-04-28,0.13532754297941096,True,1.383141081302881,0.13532754297941096
cutting→platô,3,7,7,gpr,False,2026-04-29,0.13173482694661232,True,1.382457103002423,0.13173482694661232
cutting→platô,3,7,7,gpr,False,2026-04-30,0.2727054607531585,True,1.3814801676992943,0.1272945392468472
cutting→platô,3,14,14,linear,False,2026-03-14,0.2733333333333263,True,1.8757070875825832,0.03333333333333144
cutting→platô,3,14,14,linear,False,2026-03-15,0.5533333333333275,True,1.8215887271856843,0.08666666666667311
cutting→platô,3,14,14,linear,False,2026-03-17,0.09333333333333371,True,1.7372530356610696,0.19333333333332803
cutting→platô,3,14,14,linear,False,2026-03-20,0.6133333333333297,True,1.678677015544082,0.35333333333333883
cutting→platô,3,14,14,linear,False,2026-03-21,0.38666666666667027,True,1.678677015544082,0.4066666666666805
cutting→platô,3,14,14,linear,False,2026-03-23,0.2666666666666657,True,1.7082161210499294,0.5133333333333354
cutting→platô,3,14,14,linear,False,2026-03-24,0.6066666666666691,True,1.7372530356610696,0.5666666666666771
cutting→platô,3,14,14,linear,False,2026-03-25,0.5799999999999983,True,1.7752302671800066,0.6200000000000045
cutting→platô,3,14,14,linear,False,2026-03-26,0.45333333333333314,True,1.8215887271856843,0.673333333333332
cutting→platô,3,14,14,linear,False,2026-03-27,0.7266666666666737,True,1.8757070875825832,0.7266666666666879
cutting→platô,3,14,14,kalman,False,2026-03-14,0.14709764658967117,True,1.382057205973382,0.09290235341032371
cutting→platô,3,14,14,kalman,False,2026-03-15,0.7224437697526724,False,1.3844747706764338,0.08244376975267187
cutting→platô,3,14,14,kalman,False,2026-03-17,0.15763441976950787,True,1.388642835951714,0.057634419769513556
cutting→platô,3,14,14,kalman,False,2026-03-20,0.2505905814347926,True,1.3920961582481937,0.00940941856519828
cutting→platô,3,14,14,kalman,False,2026-03-21,0.010056685953259148,True,1.392314370266348,0.009943314046751084
cutting→platô,3,14,14,kalman,False,2026-03-23,0.7259224145896468,False,1.3912988239596586,0.054077585410354345
cutting→platô,3,14,14,kalman,False,2026-03-24,0.11902986010331063,True,1.3901161149868813,0.07902986010331858
cutting→platô,3,14,14,kalman,False,2026-03-25,0.06601938476461555,True,1.3885484982866103,0.1060193847646218
cutting→platô,3,14,14,kalman,False,2026-03-26,0.0848684726351081,True,1.3866657313450048,0.13513152736489076
cutting→platô,3,14,14,kalman,False,2026-03-27,0.16645165587480903,True,1.384551604915373,0.16645165587482325
cutting→platô,3,14,14,gpr,False,2026-03-14,0.09748490740159355,True,1.3289100018804731,0.14251509259840134
cutting→platô,3,14,14,gpr,False,2026-03-15,0.7696305766429248,False,1.3293929150365216,0.1296305766429242
cutting→platô,3,14,14,gpr,False,2026-03-17,0.19845843449368772,True,1.3302065586396736,0.0984584344936934
cutting→platô,3,14,14,gpr,False,2026-03-20,0.22246840908277932,True,1.3309478785232898,0.03753159091721159
cutting→platô,3,14,14,gpr,False,2026-03-21,0.033295174520119986,True,1.3310492600141401,0.013295174520109754
cutting→platô,3,14,14,gpr,False,2026-03-23,0.7387565984076758,False,1.33102315625473,0.04124340159232531
cutting→platô,3,14,14,gpr,False,2026-03-24,0.11158868057241023,True,1.33089740540035,0.07158868057241818
cutting→platô,3,14,14,gpr,False,2026-03-25,0.06400594725521103,True,1.330700099588654,0.10400594725521728
cutting→platô,3,14,14,gpr,False,2026-03-26,0.08149447811865684,True,1.3304356342957249,0.13850552188134202
cutting→platô,3,14,14,gpr,False,2026-03-27,0.17509311450471898,True,1.3301096419455405,0.1750931145047332
cutting→platô,3,14,14,linear,False,2026-05-16,0.3999999999999915,True,1.8944852668202827,0.04999999999998295
cutting→platô,3,14,14,linear,False,2026-05-17,0.09999999999999432,True,1.8398251137957686,0.05999999999998806
cutting→platô,3,14,14,linear,False,2026-05-19,0.7000000000000028,True,1.7546451162800736,0.07999999999998408
cutting→platô,3,14,14,linear,False,2026-05-20,0.10000000000000853,True,1.7253175057544468,0.0899999999999892
cutting→platô,3,14,14,linear,False,2026-05-21,0.19999999999998863,True,1.7054856112109462,0.0999999999999801
cutting→platô,3,14,14,linear,False,2026-05-22,0.30000000000001137,True,1.6954826767737927,0.10999999999998522
cutting→platô,3,14,14,linear,False,2026-05-23,0.4000000000000057,True,1.6954826767737927,0.11999999999999034
cutting→platô,3,14,14,linear,False,2026-05-24,0.29999999999999716,True,1.7054856112109462,0.12999999999998124
cutting→platô,3,14,14,linear,False,2026-05-25,0.10000000000000853,True,1.7253175057544468,0.13999999999998636
cutting→platô,3,14,14,linear,False,2026-05-26,0.4000000000000057,True,1.7546451162800736,0.14999999999997726
cutting→platô,3,14,14,linear,False,2026-05-28,0.10000000000000853,True,1.8398251137957686,0.1699999999999875
cutting→platô,3,14,14,linear,False,2026-05-29,0.5,True,1.8944852668202827,0.1799999999999784
cutting→platô,3,14,14,kalman,False,2026-05-16,0.3263510383454218,True,1.3765932882122058,0.023648961654586742
cutting→platô,3,14,14,kalman,False,2026-05-17,0.019140925379545592,True,1.3792227069669138,0.02085907462046066
cutting→platô,3,14,14,kalman,False,2026-05-19,0.7953511224906862,False,1.3836613584149404,0.015351122490699254
cutting→platô,3,14,14,kalman,False,2026-05-20,0.20260965136726838,True,1.3853161204919218,0.012609651367270658
cutting→platô,3,14,14,kalman,False,2026-05-21,0.09013908714703689,True,1.3865174760701109,0.009860912852971637
cutting→platô,3,14,14,kalman,False,2026-05-22,0.4170932039338737,True,1.3872297916196885,0.007093203933877135
cutting→platô,3,14,14,kalman,False,2026-05-23,0.524294821596115,True,1.3874364510699024,0.004294821596118936
cutting→platô,3,14,14,kalman,False,2026-05-24,0.1685459371742155,True,1.387140286682012,0.0014540628258004062
cutting→platô,3,14,14,kalman,False,2026-05-25,0.23855922460899137,True,1.3863634633771085,0.0014407753910035126
cutting→platô,3,14,14,kalman,False,2026-05-26,0.5455986039318361,True,1.3851468148787092,0.004401396068146823
cutting→platô,3,14,14,kalman,False,2026-05-28,0.2594332031408868,True,1.3816427595795915,0.010566796859109218
cutting→platô,3,14,14,kalman,False,2026-05-29,0.33379498300071475,True,1.3795163075993457,0.01379498300069315
cutting→platô,3,14,14,gpr,False,2026-05-16,0.23972501321257766,True,1.3472244017164599,0.11027498678743086
cutting→platô,3,14,14,gpr,False,2026-05-17,0.06260771574365265,True,1.3496491482221131,0.1026077157436589
cutting→platô,3,14,14,gpr,False,2026-05-19,0.8694360402753176,False,1.3526936699056193,0.0894360402753307
cutting→platô,3,14,14,gpr,False,2026-05-20,0.2742904852858459,True,1.3533581843756508,0.08429048528584815
cutting→platô,3,14,14,gpr,False,2026-05-21,0.020421579467750917,True,1.3537266170770863,0.07957842053225761
cutting→platô,3,14,14,gpr,False,2026-05-22,0.48493010070887976,True,1.3539774571170256,0.07493010070888317
cutting→platô,3,14,14,gpr,False,2026-05-23,0.5901996436919319,True,1.3541893041987692,0.07019964369193588
cutting→platô,3,14,14,gpr,False,2026-05-24,0.10450622397425491,True,1.3543435630704437,0.06549377602576101
cutting→platô,3,14,14,gpr,False,2026-05-25,0.30118379179903343,True,1.35431172831656,0.061183791799038545
cutting→platô,3,14,14,gpr,False,2026-05-26,0.6078597860274044,True,1.3538304837308885,0.05785978602742148
cutting→platô,3,14,14,gpr,False,2026-05-28,0.32586784595174834,True,1.350308551260781,0.055867845951752315
cutting→platô,3,14,14,gpr,False,2026-05-29,0.26391889434086124,True,1.3473655378123226,0.05608110565916036
cutting→platô,4,3,3,linear,False,2026-03-19,0.10000000000000853,True,1.7513908273548395,0.04000000000000625
cutting→platô,4,3,3,linear,False,2026-03-20,0.5000000000000142,True,1.8229053685407166,0.060000000000002274
cutting→platô,4,3,3,kalman,False,2026-03-19,0.0007085815460214917,True,1.3877282643564968,0.060708581546023765
cutting→platô,4,3,3,kalman,False,2026-03-20,0.36562811053298105,True,1.387824821583024,0.07437188946703088
cutting→platô,4,3,3,gpr,False,2026-03-19,0.03860520665931233,True,1.3813494096689567,0.021394793340689944
cutting→platô,4,3,3,gpr,False,2026-03-20,0.40697426016846805,True,1.381552533167394,0.03302573983154389
cutting→platô,4,3,3,linear,False,2026-05-09,0.3200000000000074,True,1.7669626354078503,0.14000000000001478
cutting→platô,4,3,3,linear,False,2026-05-11,0.060000000000002274,True,1.8576342631008345,0.2400000000000091
cutting→platô,4,3,3,kalman,False,2026-05-09,0.2937262743280513,True,1.387089869107058,0.11372627432805871
cutting→platô,4,3,3,kalman,False,2026-05-11,0.18625444663399549,True,1.3873293279110896,0.11374555336601588
cutting→platô,4,3,3,gpr,False,2026-05-09,0.33515711452518815,True,1.4034020096430595,0.15515711452519554
cutting→platô,4,3,3,gpr,False,2026-05-11,0.1475772204763217,True,1.4037747446303968,0.15242277952368966
cutting→platô,4,7,7,linear,False,2026-02-23,0.36249999999999716,True,1.9399217973671625,0.09749999999999659
cutting→platô,4,7,7,linear,False,2026-02-24,0.125,True,1.8528850058277442,0.15499999999998693
cutting→platô,4,7,7,linear,False,2026-02-25,0.21249999999999147,True,1.7986424335520041,0.21249999999999147
cutting→platô,4,7,7,linear,False,2026-02-26,0.25,True,1.7801943311779382,0.269999999999996
cutting→platô,4,7,7,linear,False,2026-02-27,0.2875000000000085,True,1.7986424335520041,0.32750000000000057
cutting→platô,4,7,7,linear,False,2026-02-28,0.42500000000001137,True,1.8528850058277442,0.3850000000000051
cutting→platô,4,7,7,linear,False,2026-03-01,0.6624999999999943,True,1.9399217973671625,0.44249999999999545
cutting→platô,4,7,7,kalman,False,2026-02-23,0.56009272340998,True,1.4024045368636848,0.1000927234099862
cutting→platô,4,7,7,kalman,False,2026-02-24,0.37399125007586065,True,1.4032234580547538,0.09399125007587372
cutting→platô,4,7,7,kalman,False,2026-02-25,0.0873103110657496,True,1.4037500600899193,0.0873103110657496
cutting→platô,4,7,7,kalman,False,2026-02-26,0.10025171280385337,True,1.4039580122849884,0.08025171280385734
cutting→platô,4,7,7,kalman,False,2026-02-27,0.11301726171438986,True,1.4038447595604282,0.07301726171439782
cutting→platô,4,7,7,kalman,False,2026-02-28,0.02580876422159406,True,1.403431763396668,0.06580876422160031
cutting→platô,4,7,7,kalman,False,2026-03-01,0.16117197325030475,True,1.402763402362666,0.05882802674969412
cutting→platô,4,7,7,gpr,False,2026-02-23,0.5838497815056485,True,1.532548700450235,0.12384978150565473
cutting→platô,4,7,7,gpr,False,2026-02-24,0.4007837033697683,True,1.5332022188393353,0.12078370336978139
cutting→platô,4,7,7,gpr,False,2026-02-25,0.11690028123975083,True,1.533659427670358,0.11690028123975083
cutting→platô,4,7,7,gpr,False,2026-02-26,0.13228981473298518,True,1.533910556410433,0.11228981473298916
cutting→platô,4,7,7,gpr,False,2026-02-27,0.14705943322474013,True,1.5339537413387347,0.10705943322474809
cutting→platô,4,7,7,gpr,False,2026-02-28,0.061331478828492436,True,1.5337950112455587,0.10133147882849869
cutting→platô,4,7,7,gpr,False,2026-03-01,0.12475836367147508,True,1.5334478460871708,0.09524163632852378
cutting→platô,4,7,8,linear,False,2026-03-06,0.4777777777777743,True,1.8966196613093018,0.2977777777777817
cutting→platô,4,7,8,linear,False,2026-03-07,0.24444444444444002,True,1.81700540690818,0.25555555555556
cutting→platô,4,7,8,linear,False,2026-03-09,0.4111111111111114,True,1.7337390685458445,0.17111111111111654
cutting→platô,4,7,8,linear,False,2026-03-10,0.1888888888888829,True,1.7337390685458445,0.12888888888888062
cutting→platô,4,7,8,linear,False,2026-03-11,0.7666666666666657,True,1.7619317962904688,0.08666666666667311
cutting→platô,4,7,8,linear,False,2026-03-12,0.25555555555556,True,1.81700540690818,0.04444444444445139
cutting→platô,4,7,8,kalman,False,2026-03-06,0.20931394511696055,True,1.3800519661636201,0.029313945116967943
cutting→platô,4,7,8,kalman,False,2026-03-07,0.46941151586484864,True,1.3811415541520375,0.03058848413515136
cutting→platô,4,7,8,kalman,False,2026-03-09,0.2749030883271075,True,1.382576255037577,0.03490308832711264
cutting→platô,4,7,8,kalman,False,2026-03-10,0.09801483099955988,True,1.382845907790113,0.0380148309995576
cutting→platô,4,7,8,kalman,False,2026-03-11,0.7218106523887542,False,1.3828032104090369,0.04181065238876158
cutting→platô,4,7,8,kalman,False,2026-03-12,0.25367360875598877,True,1.3824658878114349,0.0463263912440226
cutting→platô,4,7,8,gpr,False,2026-03-06,0.18482388679868222,True,1.4020358435042795,0.004823886798689614
cutting→platô,4,7,8,gpr,False,2026-03-07,0.49660623872894405,True,1.4023127233688797,0.0033937612710559506
cutting→platô,4,7,8,gpr,False,2026-03-09,0.2431435349499651,True,1.4027598492854452,0.003143534949970217
cutting→platô,4,7,8,gpr,False,2026-03-10,0.06448828176571908,True,1.4029272163174937,0.004488281765716806
cutting→platô,4,7,8,gpr,False,2026-03-11,0.6869214135577124,True,1.4030571973570147,0.006921413557719802
cutting→platô,4,7,8,gpr,False,2026-03-12,0.2894772339704872,True,1.403151326132587,0.010522766029524178
cutting→platô,4,14,14,linear,False,2026-02-14,0.5799999999999983,True,2.016343221235445,0.5999999999999943
cutting→platô,4,14,14,linear,False,2026-02-15,0.46000000000000796,True,1.9581671926576973,0.5600000000000165
cutting→platô,4,14,14,linear,False,2026-02-16,0.3400000000000034,True,1.9083328836665885,0.5200000000000102
cutting→platô,4,14,14,linear,False,2026-02-17,0.3199999999999932,True,1.86750820808615,0.480000000000004
cutting→platô,4,14,14,linear,False,2026-02-18,0.19999999999998863,True,1.8362941734805531,0.44000000000001194
cutting→platô,4,14,14,linear,False,2026-02-19,0.4200000000000017,True,1.8151866426765935,0.4000000000000057
cutting→platô,4,14,14,linear,False,2026-02-20,0.1599999999999966,True,1.8045402948806668,0.35999999999999943
cutting→platô,4,14,14,linear,False,2026-02-22,0.3200000000000074,True,1.8151866426765935,0.28000000000000114
cutting→platô,4,14,14,linear,False,2026-02-23,0.7000000000000028,True,1.8362941734805531,0.2400000000000091
cutting→platô,4,14,14,linear,False,2026-02-24,0.480000000000004,True,1.86750820808615,0.20000000000001705
cutting→platô,4,14,14,linear,False,2026-02-25,0.1600000000000108,True,1.9083328836665885,0.1600000000000108
cutting→platô,4,14,14,linear,False,2026-02-26,0.14000000000000057,True,1.9581671926576973,0.12000000000000455
cutting→platô,4,14,14,linear,False,2026-02-27,0.12000000000000455,True,2.016343221235445,0.0800000000000125
cutting→platô,4,14,14,kalman,False,2026-02-14,0.022023484327448273,True,1.4048942293580637,0.002023484327452252
cutting→platô,4,14,14,kalman,False,2026-02-15,0.10136342917665786,True,1.4072328455985428,0.0013634291766493334
cutting→platô,4,14,14,kalman,False,2026-02-16,0.18106485800271344,True,1.4093672236578527,0.0010648580027066146
cutting→platô,4,14,14,kalman,False,2026-02-17,0.1610818471527864,True,1.4112107474979894,0.0010818471527755946
cutting→platô,4,14,14,kalman,False,2026-02-18,0.6413684729739941,True,1.4126904804451783,0.001368472973993562
cutting→platô,4,14,14,kalman,False,2026-02-19,0.8218788118135194,False,1.413749631987315,0.0018788118135120158
cutting→platô,4,14,14,kalman,False,2026-02-20,0.2025669400184853,True,1.4143493612974396,0.0025669400184824553
cutting→platô,4,14,14,kalman,False,2026-02-22,0.03570713008659254,True,1.4141114130663937,0.0042928699134137105
cutting→platô,4,14,14,kalman,False,2026-02-23,0.45476117570234464,True,1.413293440542418,0.005238824297649103
cutting→platô,4,14,14,kalman,False,2026-02-24,0.27382112656403024,True,1.4120548742369579,0.006178873435956689
cutting→platô,4,14,14,kalman,False,2026-02-25,0.007067093675473757,True,1.4104525013326565,0.007067093675473757
cutting→platô,4,14,14,kalman,False,2026-02-26,0.012142438636644215,True,1.4085592598119945,0.007857561363351806
cutting→platô,4,14,14,kalman,False,2026-02-27,0.031495647153249706,True,1.4064617774201906,0.008504352846742336
cutting→platô,4,14,14,gpr,False,2026-02-14,0.06441600218738586,True,1.392621967841734,0.044416002187389836
cutting→platô,4,14,14,gpr,False,2026-02-15,0.144498621677144,True,1.3927698899076688,0.044498621677135475
cutting→platô,4,14,14,gpr,False,2026-02-16,0.22425996119014258,True,1.3929060755482396,0.044259961190135755
cutting→platô,4,14,14,gpr,False,2026-02-17,0.2036872515510737,True,1.3930308088542063,0.0436872515510629
cutting→platô,4,14,14,gpr,False,2026-02-18,0.6827682377244315,True,1.3931442652391013,0.042768237724430946
cutting→platô,4,14,14,gpr,False,2026-02-19,0.8614912061337776,False,1.393246493677566,0.04149120613377022
cutting→platô,4,14,14,gpr,False,2026-02-20,0.23984501101487865,True,1.3933374049936447,0.03984501101487581
cutting→platô,4,14,14,gpr,False,2026-02-22,0.004596463059371558,True,1.393484201157321,0.035403536940634694
cutting→platô,4,14,14,gpr,False,2026-02-23,0.42741097235391123,True,1.3935391967401074,0.03258902764608251
cutting→platô,4,14,14,gpr,False,2026-02-24,0.25063306111691475,True,1.3935811157703313,0.02936693888307218
cutting→platô,4,14,14,gpr,False,2026-02-25,0.025729320152649393,True,1.3936092153188326,0.025729320152649393
cutting→platô,4,14,14,gpr,False,2026-02-26,0.00166892242887684,True,1.3936226710512187,0.02166892242887286
cutting→platô,4,14,14,gpr,False,2026-02-27,0.022820784285542572,True,1.3936206072150128,0.01717921571444947
cutting→platô,4,14,14,linear,False,2026-03-20,0.36666666666666003,True,1.9857166081256423,0.0733333333333519
cutting→platô,4,14,14,linear,False,2026-03-21,0.1666666666666714,True,1.9284242260921758,0.08666666666667311
cutting→platô,4,14,14,linear,False,2026-03-23,0.13333333333333997,True,1.839142277739569,0.11333333333334394
cutting→platô,4,14,14,linear,False,2026-03-24,0.06666666666667709,True,1.8084023589250364,0.12666666666667936
cutting→platô,4,14,14,linear,False,2026-03-25,0.09999999999999432,True,1.787615434341717,0.14000000000000057
cutting→platô,4,14,14,linear,False,2026-03-26,0.1666666666666572,True,1.7771307959073397,0.15333333333333599
cutting→platô,4,14,14,linear,False,2026-03-27,0.5333333333333314,True,1.7771307959073397,0.16666666666668561
cutting→platô,4,14,14,linear,False,2026-03-28,0.20000000000001705,True,1.787615434341717,0.18000000000002103
cutting→platô,4,14,14,linear,False,2026-03-29,0.2666666666666657,True,1.8084023589250364,0.19333333333334224
cutting→platô,4,14,14,linear,False,2026-03-31,0.4000000000000057,True,1.8793468597113474,0.22000000000001307
cutting→platô,4,14,14,linear,False,2026-04-02,0.03333333333333144,True,1.9857166081256423,0.1666666666666714
cutting→platô,4,14,14,kalman,False,2026-03-20,0.33004065635809354,True,1.4255435259255478,0.1099593436419184
cutting→platô,4,14,14,kalman,False,2026-03-21,0.20726612200243721,True,1.4283238766970783,0.12726612200243892
cutting→platô,4,14,14,kalman,False,2026-03-23,0.18653708088326937,True,1.433057328556373,0.16653708088327335
cutting→platô,4,14,14,kalman,False,2026-03-24,0.12861352207055177,True,1.4348468789798403,0.18861352207055404
cutting→platô,4,14,14,kalman,False,2026-03-25,0.02760788846627804,True,1.4361666986475825,0.21239211153371684
cutting→platô,4,14,14,kalman,False,2026-03-26,0.08207102039374092,True,1.4369739666339,0.23792897960625226
cutting→platô,4,14,14,kalman,False,2026-03-27,0.4347197433783663,True,1.437244036209961,0.2652802566216508
cutting→platô,4,14,14,kalman,False,2026-03-28,0.3145020729133705,True,1.436971032088394,0.2945020729133745
cutting→platô,4,14,14,kalman,False,2026-03-29,0.13434944118509407,True,1.4361679364375277,0.3256505588149139
cutting→platô,4,14,14,kalman,False,2026-03-31,0.573952060781366,True,1.4331146422159122,0.39395206078137335
cutting→platô,4,14,14,kalman,False,2026-04-02,0.19063380518889517,True,1.4285360401602247,0.390633805188898
cutting→platô,4,14,14,gpr,False,2026-03-20,0.3818527562110461,True,1.3925368820802646,0.05814724378896585
cutting→platô,4,14,14,gpr,False,2026-03-21,0.15085268702421217,True,1.3935134514370304,0.07085268702421388
cutting→platô,4,14,14,gpr,False,2026-03-23,0.12237000152033772,True,1.395108282404209,0.1023700015203417
cutting→platô,4,14,14,gpr,False,2026-03-24,0.06132072802215305,True,1.3956985295043296,0.12132072802215532
cutting→platô,4,14,14,gpr,False,2026-03-25,0.09751741951004078,True,1.3961360775421099,0.1424825804899541
cutting→platô,4,14,14,gpr,False,2026-03-26,0.15408939160319335,True,1.3964134100943681,0.16591060839679983
cutting→platô,4,14,14,gpr,False,2026-03-27,0.5083460332475909,True,1.3965259513874742,0.19165396675242619
cutting→platô,4,14,14,gpr,False,2026-03-28,0.23975586729210363,True,1.3964721611246773,0.2197558672921076
cutting→platô,4,14,14,gpr,False,2026-03-29,0.20974645096447375,True,1.3962535646010679,0.2502535490355342
cutting→platô,4,14,14,gpr,False,2026-03-31,0.4985553044651567,True,1.3953431055177816,0.3185553044651641
cutting→platô,4,14,14,gpr,False,2026-04-02,0.1167377530313729,True,1.3938651352744387,0.31673775303137575
cutting→platô,5,3,3,linear,False,2026-03-11,0.29999999999999716,True,1.5635955211428154,0.22000000000001307
cutting→platô,5,3,3,linear,False,2026-03-12,0.5,True,1.5022539845910217,0.30000000000001137
cutting→platô,5,3,3,linear,False,2026-03-13,0.4000000000000057,True,1.5635955211428154,0.38000000000000966
cutting→platô,5,3,3,kalman,False,2026-03-11,0.004112405000725516,True,1.4194780900654678,0.07588759499925857
cutting→platô,5,3,3,kalman,False,2026-03-12,0.12327196286294395,True,1.4193333587770667,0.07672803713704468
cutting→platô,5,3,3,kalman,False,2026-03-13,0.05693765301951714,True,1.4190565669464377,0.07693765301951316
cutting→platô,5,3,3,gpr,False,2026-03-11,0.03777162154119651,True,1.365843547474185,0.1177716215411806
cutting→platô,5,3,3,gpr,False,2026-03-12,0.0782847926817567,True,1.365726430922905,0.12171520731823193
cutting→platô,5,3,3,gpr,False,2026-03-13,0.10393607456161646,True,1.365592068883899,0.12393607456161249
cutting→platô,5,3,3,linear,False,2026-02-24,0.42500000000001137,True,1.533806757600587,0.3450000000000131
cutting→platô,5,3,3,linear,False,2026-02-26,0.875,False,1.5338067576006154,0.15500000000000114
cutting→platô,5,3,3,kalman,False,2026-02-24,0.15633207038835906,True,1.3932519895748214,0.07633207038836076
cutting→platô,5,3,3,kalman,False,2026-02-26,0.7725193428759098,False,1.3927670160599064,0.05251934287591098
cutting→platô,5,3,3,gpr,False,2026-02-24,0.25319167722280156,True,1.3037799938554144,0.17319167722280326
cutting→platô,5,3,3,gpr,False,2026-02-26,0.8028792983738811,False,1.2999902177293166,0.0828792983738822
cutting→platô,5,7,7,linear,False,2026-03-21,0.20000000000000284,True,1.651575223043011,0.22000000000001307
cutting→platô,5,7,7,linear,False,2026-03-22,0.5,True,1.577475427579742,0.20000000000000284
cutting→platô,5,7,7,linear,False,2026-03-23,0.7000000000000028,True,1.531295376133187,0.18000000000000682
cutting→platô,5,7,7,linear,False,2026-03-24,0.09999999999999432,True,1.5155893673474168,0.1599999999999966
cutting→platô,5,7,7,linear,False,2026-03-25,0.29999999999999716,True,1.531295376133187,0.14000000000000057
cutting→platô,5,7,7,linear,False,2026-03-26,0.20000000000000284,True,1.577475427579742,0.12000000000000455
cutting→platô,5,7,7,linear,False,2026-03-27,0.20000000000000284,True,1.651575223043011,0.10000000000000853
cutting→platô,5,7,7,kalman,False,2026-03-21,0.017611801863836263,True,1.4287401717961927,0.037611801863846495
cutting→platô,5,7,7,kalman,False,2026-03-22,0.3541612971958017,True,1.4296082058787363,0.054161297195804536
cutting→platô,5,7,7,kalman,False,2026-03-23,0.592562841245396,True,1.43024321435351,0.07256284124540002
cutting→platô,5,7,7,kalman,False,2026-03-24,0.03289477791784634,True,1.430605172571262,0.09289477791784861
cutting→platô,5,7,7,kalman,False,2026-03-25,0.27523545111836256,True,1.4306755974311898,0.11523545111836597
cutting→platô,5,7,7,kalman,False,2026-03-26,0.21966320475215184,True,1.4304584575014587,0.13966320475215355
cutting→platô,5,7,7,kalman,False,2026-03-27,0.26625638272446395,True,1.4299798543444808,0.16625638272446963
cutting→platô,5,7,7,gpr,False,2026-03-21,0.014713795978167354,True,1.3272928662454433,0.005286204021842877
cutting→platô,5,7,7,gpr,False,2026-03-22,0.3241471469251138,True,1.3274257992288767,0.024147146925116658
cutting→platô,5,7,7,gpr,False,2026-03-23,0.5651003372464345,True,1.3275556470211427,0.04510033724643847
cutting→platô,5,7,7,gpr,False,2026-03-24,0.008176477471877774,True,1.3276810132478545,0.06817647747188005
cutting→platô,5,7,7,gpr,False,2026-03-25,0.2534014840100127,True,1.327801006943929,0.09340148401001613
cutting→platô,5,7,7,gpr,False,2026-03-26,0.20079642435405276,True,1.327915240960067,0.12079642435405447
cutting→platô,5,7,7,gpr,False,2026-03-27,0.2503774683162874,True,1.3280238015261432,0.15037746831629306
cutting→platô,5,7,7,linear,False,2026-03-09,0.42500000000001137,True,1.6517739991225255,0.16500000000000625
cutting→platô,5,7,7,linear,False,2026-03-10,0.25,True,1.577665285345006,0.10999999999999943
cutting→platô,5,7,7,linear,False,2026-03-11,0.024999999999991473,True,1.5314796758775628,0.05499999999999261
cutting→platô,5,7,7,linear,False,2026-03-12,0.20000000000000284,True,1.5157717767880285,1.4210854715202004e-14
cutting→platô,5,7,7,linear,False,2026-03-13,0.07500000000000284,True,1.5314796758775628,0.05500000000000682
cutting→platô,5,7,7,linear,False,2026-03-14,0.3500000000000085,True,1.577665285345006,0.10999999999999943
cutting→platô,5,7,7,linear,False,2026-03-15,0.025000000000005684,True,1.6517739991225255,0.16500000000000625
cutting→platô,5,7,7,kalman,False,2026-03-09,0.41747907782831817,True,1.423246042637345,0.15747907782831305
cutting→platô,5,7,7,kalman,False,2026-03-10,0.3018668545742855,True,1.423788865625255,0.16186685457428496
cutting→platô,5,7,7,kalman,False,2026-03-11,0.08476308045820247,True,1.424023729377467,0.16476308045818655
cutting→platô,5,7,7,kalman,False,2026-03-12,0.03388679624960389,True,1.423918396843959,0.16611320375038474
cutting→platô,5,7,7,kalman,False,2026-03-13,0.14586267272117936,True,1.423467998731411,0.16586267272117539
cutting→platô,5,7,7,kalman,False,2026-03-14,0.6239569356409334,True,1.4226954918624415,0.1639569356409254
cutting→platô,5,7,7,kalman,False,2026-03-15,0.3003414407799596,True,1.421650492079067,0.16034144077995904
cutting→platô,5,7,7,gpr,False,2026-03-09,0.4389860026215189,True,1.349718813954837,0.17898600262151376
cutting→platô,5,7,7,gpr,False,2026-03-10,0.3271786907656491,True,1.349755098120852,0.18717869076564853
cutting→platô,5,7,7,gpr,False,2026-03-11,0.11356283849701754,True,1.3497186660616478,0.19356283849700162
cutting→platô,5,7,7,gpr,False,2026-03-12,0.00199100596056212,True,1.349607878417828,0.1980089940394265
cutting→platô,5,7,7,gpr,False,2026-03-13,0.1803947450666783,True,1.3494232916700355,0.20039474506667432
cutting→platô,5,7,7,gpr,False,2026-03-14,0.6606052357897028,True,1.3491676793958334,0.2006052357896948
cutting→platô,5,7,7,gpr,False,2026-03-15,0.33853364837163724,True,1.3488459925760594,0.19853364837163667
cutting→platô,5,14,14,linear,False,2026-03-05,0.30666666666667197,True,1.7141283912368124,0.05333333333332746
cutting→platô,5,14,14,linear,False,2026-03-07,0.01999999999999602,True,1.6223069273987392,0.0799999999999983
cutting→platô,5,14,14,linear,False,2026-03-08,0.12666666666666515,True,1.587601161664793,0.09333333333333371
cutting→platô,5,14,14,linear,False,2026-03-09,0.36666666666667425,True,1.5610655687364385,0.10666666666666913
cutting→platô,5,14,14,linear,False,2026-03-10,0.2600000000000051,True,1.5431216902147185,0.12000000000000455
cutting→platô,5,14,14,linear,False,2026-03-11,0.05333333333334167,True,1.5340710450528263,0.13333333333332575
cutting→platô,5,14,14,linear,False,2026-03-12,0.05333333333332746,True,1.5340710450528263,0.14666666666666117
cutting→platô,5,14,14,linear,False,2026-03-13,0.14000000000000057,True,1.5431216902147185,0.1599999999999966
cutting→platô,5,14,14,linear,False,2026-03-14,0.63333333333334,True,1.5610655687364385,0.173333333333332
cutting→platô,5,14,14,linear,False,2026-03-15,0.326666666666668,True,1.587601161664793,0.18666666666666742
cutting→platô,5,14,14,linear,False,2026-03-16,0.4200000000000017,True,1.6223069273987392,0.20000000000000284
cutting→platô,5,14,14,linear,False,2026-03-17,0.11333333333334394,True,1.6646719389700309,0.21333333333333826
cutting→platô,5,14,14,linear,False,2026-03-18,0.19333333333332803,True,1.7141283912368124,0.22666666666667368
cutting→platô,5,14,14,kalman,False,2026-03-05,0.24527997609934005,True,1.4544672546899164,0.11472002390065938
cutting→platô,5,14,14,kalman,False,2026-03-07,0.03393582705592735,True,1.4595759110258086,0.13393582705592166
cutting→platô,5,14,14,kalman,False,2026-03-08,0.07812239986640179,True,1.461647603315214,0.14187760013359707
cutting→platô,5,14,14,kalman,False,2026-03-09,0.40857881979430033,True,1.463258977011975,0.1485788197942952
cutting→platô,5,14,14,kalman,False,2026-03-10,0.29394213522529355,True,1.4643325552711701,0.153942135225293
cutting→platô,5,14,14,kalman,False,2026-03-11,0.07787019561384056,True,1.4648153675974527,0.15787019561382465
cutting→platô,5,14,14,kalman,False,2026-03-12,0.03973434985280733,True,1.4646806645099275,0.1602656501471813
cutting→platô,5,14,14,kalman,False,2026-03-13,0.1410311480126154,True,1.4639287673719252,0.16103114801261142
cutting→platô,5,14,14,kalman,False,2026-03-14,0.6200693383973714,True,1.462587079161409,0.16006933839736348
cutting→platô,5,14,14,kalman,False,2026-03-15,0.2972828704887007,True,1.460709255523966,0.15728287048870015
cutting→platô,5,14,14,kalman,False,2026-03-16,0.372574393473883,True,1.4583735089792071,0.15257439347388413
cutting→platô,5,14,14,kalman,False,2026-03-17,0.04584655654018377,True,1.4556799954093833,0.14584655654017809
cutting→platô,5,14,14,kalman,False,2026-03-18,0.2829979911251712,True,1.452747213790417,0.1370020088748305
cutting→platô,5,14,14,gpr,False,2026-03-05,0.23124502916348888,True,1.4106583175047263,0.12875497083651055
cutting→platô,5,14,14,gpr,False,2026-03-07,0.051637878524388725,True,1.4119721672020944,0.15163787852438304
cutting→platô,5,14,14,gpr,False,2026-03-08,0.05869623764615994,True,1.4124418741793079,0.16130376235383892
cutting→platô,5,14,14,gpr,False,2026-03-09,0.42960848878831825,True,1.412771013758288,0.16960848878831314
cutting→platô,5,14,14,gpr,False,2026-03-10,0.3164223015229908,True,1.4129512795198877,0.1764223015229902
cutting→platô,5,14,14,gpr,False,2026-03-11,0.10161882677945755,True,1.4129774307481568,0.18161882677944163
cutting→platô,5,14,14,gpr,False,2026-03-12,0.014924334035669062,True,1.4128474304266945,0.18507566596431957
cutting→platô,5,14,14,gpr,False,2026-03-13,0.16667497709464385,True,1.4125625151618806,0.18667497709463987
cutting→platô,5,14,14,gpr,False,2026-03-14,0.6463040414138419,True,1.4121271958444197,0.18630404141383394
cutting→platô,5,14,14,gpr,False,2026-03-15,0.32385581168215083,True,1.4115491886258837,0.18385581168215026
cutting→platô,5,14,14,gpr,False,2026-03-16,0.39922943871226835,True,1.4108392765521671,0.17922943871226948
cutting→platô,5,14,14,gpr,False,2026-03-17,0.07233077283331113,True,1.4100111030046492,0.17233077283330545
cutting→platô,5,14,14,gpr,False,2026-03-18,0.25692716289690054,True,1.4090808989861614,0.16307283710310116
cutting→platô,5,14,14,linear,False,2026-05-14,0.14666666666667538,True,1.6377236586039885,0.1833333333333229
cutting→platô,5,14,14,linear,False,2026-05-16,0.2400000000000091,True,1.5499950004334266,0.10999999999998522
cutting→platô,5,14,14,linear,False,2026-05-17,0.11333333333332973,True,1.5168361927717342,0.07333333333332348
cutting→platô,5,14,14,linear,False,2026-05-19,0.18000000000000682,True,1.4743393278412213,1.4210854715202004e-14
cutting→platô,5,14,14,linear,False,2026-05-20,0.5266666666666708,True,1.465692101773982,0.03666666666667595
cutting→platô,5,14,14,linear,False,2026-05-21,0.326666666666668,True,1.465692101773982,0.0733333333333519
cutting→platô,5,14,14,linear,False,2026-05-22,0.5200000000000102,True,1.4743393278412213,0.11000000000001364
cutting→platô,5,14,14,linear,False,2026-05-23,0.23333333333333428,True,1.491483384571353,0.14666666666667538
cutting→platô,5,14,14,linear,False,2026-05-24,0.21333333333333826,True,1.5168361927717342,0.18333333333335133
cutting→platô,5,14,14,linear,False,2026-05-25,0.46000000000000796,True,1.5499950004334266,0.22000000000001307
cutting→platô,5,14,14,linear,False,2026-05-26,0.5066666666666748,True,1.5904716544005737,0.256666666666689
cutting→platô,5,14,14,linear,False,2026-05-27,0.15333333333333599,True,1.6377236586039885,0.29333333333335077
cutting→platô,5,14,14,kalman,False,2026-05-14,0.2542637509615844,True,1.458732836896786,0.07573624903841392
cutting→platô,5,14,14,kalman,False,2026-05-16,0.2775598093552105,True,1.463923767643962,0.0724401906447838
cutting→platô,5,14,14,kalman,False,2026-05-17,0.11049433791887964,True,1.4657674548543298,0.07049433791887338
cutting→platô,5,14,14,kalman,False,2026-05-19,0.11364025151129908,True,1.467623937397832,0.06635974848869353
cutting→platô,5,14,14,kalman,False,2026-05-20,0.4256878829835955,True,1.4675732143183495,0.06431211701639938
cutting→platô,5,14,14,kalman,False,2026-05-21,0.46237166452725376,True,1.4668676525210742,0.06237166452723386
cutting→platô,5,14,14,kalman,False,2026-05-22,0.34939105636279066,True,1.4655361057992877,0.060608943637205925
cutting→platô,5,14,14,kalman,False,2026-05-23,0.4390945069622916,True,1.463631212677683,0.05909450696228191
cutting→platô,5,14,14,kalman,False,2026-05-24,0.02789890711842702,True,1.4612280862609737,0.057898907118413945
cutting→platô,5,14,14,kalman,False,2026-05-25,0.1829073032783839,True,1.4584222735009007,0.05709269672161099
cutting→platô,5,14,14,kalman,False,2026-05-26,0.19325357161217482,True,1.45532692401801,0.056746428387810965
cutting→platô,5,14,14,kalman,False,2026-05-27,0.1969306547330376,True,1.452069098832908,0.056930654733022834
cutting→platô,5,14,14,gpr,False,2026-05-14,0.34050700517984467,True,1.3948559409247423,0.010507005179846374
cutting→platô,5,14,14,gpr,False,2026-05-16,0.36585900141085403,True,1.4125218971284141,0.01585900141085972
cutting→platô,5,14,14,gpr,False,2026-05-17,0.01898192886652339,True,1.4194806142516256,0.021018071133482863
cutting→platô,5,14,14,gpr,False,2026-05-19,0.20876273290413394,True,1.4261078419731916,0.02876273290414133
cutting→platô,5,14,14,gpr,False,2026-05-20,0.5205556952825248,True,1.4271131981285237,0.030555695282529882
cutting→platô,5,14,14,gpr,False,2026-05-21,0.3679703377889325,True,1.427370478238771,0.032029662211087384
cutting→platô,5,14,14,gpr,False,2026-05-22,0.44479997524376813,True,1.4267751089689966,0.03479997524377154
cutting→platô,5,14,14,gpr,False,2026-05-23,0.3393358823901451,True,1.4245202556647314,0.04066411760986455
cutting→platô,5,14,14,gpr,False,2026-05-24,0.08107584660304212,True,1.4192078932198626,0.0510758466030552
cutting→platô,5,14,14,gpr,False,2026-05-25,0.30641866330509515,True,1.4094410874363064,0.06641866330510027
cutting→platô,5,14,14,gpr,False,2026-05-26,0.3351434404294906,True,1.3949534710151,0.08514344042950484
cutting→platô,5,14,14,gpr,False,2026-05-27,0.03686957348922704,True,1.377562438815346,0.10313042651078774
cutting→platô,6,3,3,linear,False,2026-03-14,0.32500000000000284,True,1.593772181712552,0.26500000000000057
cutting→platô,6,3,3,linear,False,2026-03-15,0.5500000000000114,True,1.5312467822612348,0.3100000000000023
cutting→platô,6,3,3,linear,False,2026-03-16,0.07500000000000284,True,1.593772181712552,0.355000000000004
cutting→platô,6,3,3,kalman,False,2026-03-14,0.19037803540612686,True,1.452179578359761,0.13037803540612458
cutting→platô,6,3,3,kalman,False,2026-03-15,0.3635492428660143,True,1.4523068829748809,0.12354924286600522
cutting→platô,6,3,3,kalman,False,2026-03-16,0.16478268834670473,True,1.4523219953825048,0.1152173116532964
cutting→platô,6,3,3,gpr,False,2026-03-14,0.21939673918099345,True,1.432512462492781,0.15939673918099118
cutting→platô,6,3,3,gpr,False,2026-03-15,0.3967182524584132,True,1.432531848705537,0.1567182524584041
cutting→platô,6,3,3,gpr,False,2026-03-16,0.12796035289812835,True,1.432537152172273,0.1520396471018728
cutting→platô,6,3,3,linear,False,2026-02-17,0.09999999999999432,True,1.5294124570079362,0.46000000000000796
cutting→platô,6,3,3,linear,False,2026-02-18,0.05000000000001137,True,1.5918629554566905,0.3900000000000148
cutting→platô,6,3,3,kalman,False,2026-02-17,0.5683362523485158,True,1.4437325524653488,0.00833625234851354
cutting→platô,6,3,3,kalman,False,2026-02-18,0.3556402797097462,True,1.4437112272532033,0.0156402797097428
cutting→platô,6,3,3,gpr,False,2026-02-17,0.5193279880475075,True,1.39089129040579,0.04067201195249481
cutting→platô,6,3,3,gpr,False,2026-02-18,0.3016378635410888,True,1.3908563110573198,0.03836213645891462
cutting→platô,6,7,7,linear,False,2026-05-02,0.7874999999999943,True,1.641689911729543,0.2774999999999892
cutting→platô,6,7,7,linear,False,2026-05-03,0.5749999999999886,True,1.568033631969456,0.25499999999999545
cutting→platô,6,7,7,linear,False,2026-05-04,0.26250000000000284,True,1.5221299858471298,0.2325000000000017
cutting→platô,6,7,7,linear,False,2026-05-05,0.3499999999999943,True,1.5065179835493154,0.21000000000000796
cutting→platô,6,7,7,linear,False,2026-05-06,0.36250000000001137,True,1.5221299858471298,0.1875
cutting→platô,6,7,7,linear,False,2026-05-07,0.22500000000000853,True,1.568033631969456,0.16500000000000625
cutting→platô,6,7,7,kalman,False,2026-05-02,0.4857598703215871,True,1.4610419306501115,0.024240129678418043
cutting→platô,6,7,7,kalman,False,2026-05-03,0.29023791322931913,True,1.4615917158888863,0.029762086770674046
cutting→platô,6,7,7,kalman,False,2026-05-04,0.005134283173759968,True,1.4618527096315859,0.035134283173761105
cutting→platô,6,7,7,kalman,False,2026-05-05,0.09961343840629411,True,1.4617973524695174,0.04038656159369225
cutting→platô,6,7,7,kalman,False,2026-05-06,0.5955487647365629,True,1.4614197997246947,0.04554876473655156
cutting→platô,6,7,7,kalman,False,2026-05-07,0.009349264691607573,True,1.4607363506306115,0.0506507353083947
cutting→platô,6,7,7,gpr,False,2026-05-02,0.555864370480549,True,1.6145005069181764,0.045864370480543926
cutting→platô,6,7,7,gpr,False,2026-05-03,0.35821453784519974,True,1.6153375938537806,0.038214537845206564
cutting→platô,6,7,7,gpr,False,2026-05-04,0.0599183668237373,True,1.6157134534195166,0.029918366823736164
cutting→platô,6,7,7,gpr,False,2026-05-05,0.16102942762699968,True,1.6156010527915612,0.02102942762701332
cutting→platô,6,7,7,gpr,False,2026-05-06,0.5383873254206293,True,1.6149968981033282,0.011612674579382087
cutting→platô,6,7,7,gpr,False,2026-05-07,0.06174257867809274,True,1.6139215640824887,0.0017425786780904673
cutting→platô,6,7,8,linear,False,2026-04-21,0.4777777777777743,True,1.789825638256076,0.17777777777777715
cutting→platô,6,7,8,linear,False,2026-04-22,0.23333333333332007,True,1.7355758490699031,0.1666666666666714
cutting→platô,6,7,8,linear,False,2026-04-23,0.4555555555555486,True,1.707804843690468,0.15555555555555145
cutting→platô,6,7,8,linear,False,2026-04-24,0.34444444444444855,True,1.707804843690468,0.1444444444444457
cutting→platô,6,7,8,linear,False,2026-04-26,0.32222222222222285,True,1.789825638256076,0.12222222222222001
cutting→platô,6,7,8,linear,False,2026-04-27,0.1888888888888971,True,1.8682489787458678,0.11111111111110006
cutting→platô,6,7,8,kalman,False,2026-04-21,0.4851244108354962,True,1.5754899831305806,0.18512441083549902
cutting→platô,6,7,8,kalman,False,2026-04-22,0.20825016338532976,True,1.5759435219631257,0.19174983661466172
cutting→platô,6,7,8,kalman,False,2026-04-23,0.49691614778453186,True,1.5761285396108633,0.1969161477845347
cutting→platô,6,7,8,kalman,False,2026-04-24,0.4005638810333636,True,1.576030987736516,0.20056388103336076
cutting→platô,6,7,8,kalman,False,2026-04-26,0.40306576052068976,True,1.5750259032984673,0.20306576052068692
cutting→platô,6,7,8,kalman,False,2026-04-27,0.09819901986436719,True,1.574182975377937,0.20180098013562997
cutting→platô,6,7,8,gpr,False,2026-04-21,0.5227102077471244,True,1.7435622274373657,0.22271020774712724
cutting→platô,6,7,8,gpr,False,2026-04-22,0.17386561919437327,True,1.7437475691419024,0.2261343808056182
cutting→platô,6,7,8,gpr,False,2026-04-23,0.5276950941371155,True,1.7438440265052009,0.2276950941371183
cutting→platô,6,7,8,gpr,False,2026-04-24,0.42746943359767897,True,1.7438495295405971,0.22746943359767613
cutting→platô,6,7,8,gpr,False,2026-04-26,0.42199131632322917,True,1.743591176805694,0.22199131632322633
cutting→platô,6,7,8,gpr,False,2026-04-27,0.0830845552377042,True,1.743334870905585,0.21691544476229296
cutting→platô,6,14,14,linear,False,2026-03-10,0.03333333333333144,True,1.7309513255410423,0.173333333333332
cutting→platô,6,14,14,linear,False,2026-03-11,0.06666666666666288,True,1.6810094938524571,0.18666666666666742
cutting→platô,6,14,14,linear,False,2026-03-12,0.5999999999999943,True,1.638228700237022,0.20000000000000284
cutting→platô,6,14,14,linear,False,2026-03-13,0.4333333333333371,True,1.6031823224346056,0.21333333333333826
cutting→platô,6,14,14,linear,False,2026-03-14,0.1666666666666714,True,1.5763863017933488,0.22666666666667368
cutting→platô,6,14,14,linear,False,2026-03-15,1.4210854715202004e-14,True,1.5582663170411593,0.23999999999999488
cutting→platô,6,14,14,linear,False,2026-03-16,0.5333333333333314,True,1.5491268463223662,0.2533333333333303
cutting→platô,6,14,14,linear,False,2026-03-17,0.6666666666666714,True,1.5491268463223662,0.2666666666666657
cutting→platô,6,14,14,linear,False,2026-03-18,0.09999999999999432,True,1.5582663170411593,0.28000000000000114
cutting→platô,6,14,14,linear,False,2026-03-19,0.23333333333332007,True,1.5763863017933488,0.29333333333332234
cutting→platô,6,14,14,linear,False,2026-03-20,0.46666666666666856,True,1.6031823224346056,0.30666666666667197
cutting→platô,6,14,14,linear,False,2026-03-21,0.5999999999999943,True,1.638228700237022,0.3200000000000074
cutting→platô,6,14,14,linear,False,2026-03-22,0.5333333333333314,True,1.6810094938524571,0.3333333333333428
cutting→platô,6,14,14,linear,False,2026-03-23,0.23333333333333428,True,1.7309513255410423,0.346666666666664
cutting→platô,6,14,14,kalman,False,2026-03-10,0.3252696106055737,True,1.4885116710865418,0.18526961060557312
cutting→platô,6,14,14,kalman,False,2026-03-11,0.3063775524852872,True,1.4913281802793108,0.18637755248528265
cutting→platô,6,14,14,kalman,False,2026-03-12,0.21419783519499447,True,1.4939331268013234,0.185802164804997
cutting→platô,6,14,14,kalman,False,2026-03-13,0.03647808435228228,True,1.4962162997977941,0.18352191564771658
cutting→platô,6,14,14,kalman,False,2026-03-14,0.23951527309647247,True,1.4980828369627375,0.1795152730964702
cutting→platô,6,14,14,kalman,False,2026-03-15,0.4137607052342531,True,1.4994563680420754,0.17376070523424403
cutting→platô,6,14,14,kalman,False,2026-03-16,0.11376331985594845,True,1.5002813578826704,0.16623668014405268
cutting→platô,6,14,14,kalman,False,2026-03-17,0.24307833409110913,True,1.5005247045177441,0.15692166590889656
cutting→platô,6,14,14,kalman,False,2026-03-18,0.5257941306117999,True,1.500176635717736,0.14579413061180446
cutting→platô,6,14,14,kalman,False,2026-03-19,0.19283254233577907,True,1.4992509308905824,0.1328325423357768
cutting→platô,6,14,14,kalman,False,2026-03-20,0.04198463083619686,True,1.4977844761178574,0.11801536916379973
cutting→platô,6,14,14,kalman,False,2026-03-21,0.17867892082107062,True,1.4958361403467961,0.1013210791789163
cutting→platô,6,14,14,kalman,False,2026-03-22,0.11727185953587593,True,1.4934849421735237,0.0827281404641127
cutting→platô,6,14,14,kalman,False,2026-03-23,0.642215021102416,True,1.4908274611267132,0.06221502110241772
cutting→platô,6,14,14,gpr,False,2026-03-10,0.3388136030150122,True,1.459084610426828,0.1988136030150116
cutting→platô,6,14,14,gpr,False,2026-03-11,0.3207953320258241,True,1.4596137138548215,0.20079533202581956
cutting→platô,6,14,14,gpr,False,2026-03-12,0.1988040582823487,True,1.460073788058878,0.20119594171764277
cutting→platô,6,14,14,gpr,False,2026-03-13,0.020070314035933734,True,1.460454967972197,0.19992968596406513
cutting→platô,6,14,14,gpr,False,2026-03-14,0.2569140820275351,True,1.4607488849052856,0.1969140820275328
cutting→platô,6,14,14,gpr,False,2026-03-15,0.4320701911949101,True,1.4609488857661006,0.19207019119490099
cutting→platô,6,14,14,gpr,False,2026-03-16,0.09467710915390626,True,1.46105020988648,0.18532289084609488
cutting→platô,6,14,14,gpr,False,2026-03-17,0.2233988632913082,True,1.4610501196815449,0.17660113670869748
cutting→platô,6,14,14,gpr,False,2026-03-18,0.5458382140816127,True,1.460947982300297,0.16583821408161725
cutting→platô,6,14,14,gpr,False,2026-03-19,0.21297197684745584,True,1.4607453003663977,0.15297197684745356
cutting→platô,6,14,14,gpr,False,2026-03-20,0.022054926862708157,True,1.4604456908612349,0.13794507313728843
cutting→platô,6,14,14,gpr,False,2026-03-21,0.15929484343871536,True,1.46005481217,0.12070515656127156
cutting→platô,6,14,14,gpr,False,2026-03-22,0.09879491802462326,True,1.4595802402971287,0.10120508197536537
cutting→platô,6,14,14,gpr,False,2026-03-23,0.6594030848171997,True,1.4590312962646124,0.07940308481720137
cutting→platô,6,14,14,linear,False,2026-03-15,0.14666666666667538,True,1.6944060906696734,0.09333333333333371
cutting→platô,6,14,14,linear,False,2026-03-16,0.4066666666666663,True,1.6455186710503824,0.12666666666666515
cutting→platô,6,14,14,linear,False,2026-03-17,0.5600000000000023,True,1.6036410999158761,0.1599999999999966
cutting→platô,6,14,14,linear,False,2026-03-18,0.18666666666666742,True,1.5693346493946763,0.19333333333332803
cutting→platô,6,14,14,linear,False,2026-03-19,0.1666666666666572,True,1.543104367866647,0.22666666666665947
cutting→platô,6,14,14,linear,False,2026-03-20,0.4200000000000017,True,1.5253669467884663,0.2600000000000051
cutting→platô,6,14,14,linear,False,2026-03-21,0.5733333333333235,True,1.5164204359172686,0.29333333333333655
cutting→platô,6,14,14,linear,False,2026-03-22,0.5266666666666566,True,1.5164204359172686,0.326666666666668
cutting→platô,6,14,14,linear,False,2026-03-23,0.21999999999999886,True,1.5253669467884663,0.35999999999999943
cutting→platô,6,14,14,linear,False,2026-03-24,0.03333333333333144,True,1.543104367866647,0.39333333333333087
cutting→platô,6,14,14,linear,False,2026-03-26,0.6400000000000006,True,1.6036410999158761,0.45999999999999375
cutting→platô,6,14,14,linear,False,2026-03-27,0.8933333333333309,False,1.6455186710503824,0.4933333333333394
cutting→platô,6,14,14,linear,False,2026-03-28,0.05333333333334167,True,1.6944060906696734,0.5266666666666708
cutting→platô,6,14,14,kalman,False,2026-03-15,0.38983081453517343,True,1.4662938129897327,0.14983081453516434
cutting→platô,6,14,14,kalman,False,2026-03-16,0.13589534565011263,True,1.4690001876248289,0.1441046543498885
cutting→platô,6,14,14,kalman,False,2026-03-17,0.2631912808467547,True,1.4714719411142028,0.136808719153251
cutting→platô,6,14,14,kalman,False,2026-03-18,0.5078661403397717,True,1.4736019849039224,0.12786614033977628
cutting→platô,6,14,14,kalman,False,2026-03-19,0.17720004930404798,True,1.4753000005784145,0.1172000493040457
cutting→platô,6,14,14,kalman,False,2026-03-20,0.05526642255942704,True,1.4764955751197135,0.10473357744056955
cutting→platô,6,14,14,kalman,False,2026-03-21,0.18961014385602937,True,1.4771404824986973,0.09038985614395756
cutting→platô,6,14,14,kalman,False,2026-03-22,0.1259079831912686,True,1.4772101672635358,0.07409201680872002
cutting→platô,6,14,14,kalman,False,2026-03-23,0.6357631908294223,True,1.476704470960584,0.05576319082942405
cutting→platô,6,14,14,kalman,False,2026-03-24,0.3953265096006078,True,1.4756476230167834,0.03532650960060835
cutting→platô,6,14,14,kalman,False,2026-03-26,0.192177893027349,True,1.4720941066065336,0.01217789302734218
cutting→platô,6,14,14,kalman,False,2026-03-27,0.43939935163737687,True,1.469757314880411,0.039399351637385394
cutting→platô,6,14,14,kalman,False,2026-03-28,0.51096386008129,True,1.4671836788476753,0.06903613991872248
cutting→platô,6,14,14,gpr,False,2026-03-15,0.41490221903339375,True,1.4307067504539077,0.17490221903338465
cutting→platô,6,14,14,gpr,False,2026-03-16,0.10860031060695974,True,1.4313599016169007,0.1713996893930414
cutting→platô,6,14,14,gpr,False,2026-03-17,0.23410379285132876,True,1.4319410152083663,0.16589620714867692
cutting→platô,6,14,14,gpr,False,2026-03-18,0.5383052845138536,True,1.4324375593033665,0.15830528451385817
cutting→platô,6,14,14,gpr,False,2026-03-19,0.20854612596708932,True,1.4328388807442138,0.14854612596708705
cutting→platô,6,14,14,gpr,False,2026-03-20,0.023456117615026528,True,1.4331364697874562,0.13654388238497006
cutting→platô,6,14,14,gpr,False,2026-03-21,0.15777011680775388,True,1.4333241679506727,0.12222988319223305
cutting→platô,6,14,14,gpr,False,2026-03-22,0.09445815443176286,True,1.4333983152454266,0.10554184556822577
cutting→platô,6,14,14,gpr,False,2026-03-23,0.6664240598601623,True,1.4333578341945667,0.086424059860164
cutting→platô,6,14,14,gpr,False,2026-03-24,0.4248275504692032,True,1.433204249226776,0.06482755046920374
cutting→platô,6,14,14,gpr,False,2026-03-26,0.16596308266522897,True,1.4325765381319115,0.014036917334777854
cutting→platô,6,14,14,gpr,False,2026-03-27,0.41522039419933776,True,1.4321177438684742,0.015220394199346288
cutting→platô,6,14,14,gpr,False,2026-03-28,0.5329173369550375,True,1.4315761086666612,0.04708266304497499
cutting→platô,7,3,4,linear,False,2026-02-17,0.21999999999999886,True,1.562284616538392,0.11999999999999034
cutting→platô,7,3,4,linear,False,2026-02-18,0.38000000000000966,True,1.562284616538392,0.1799999999999926
cutting→platô,7,3,4,linear,False,2026-02-19,0.1599999999999966,True,1.6424531986366446,0.23999999999999488
cutting→platô,7,3,4,kalman,False,2026-02-17,0.21246106819789645,True,1.4113661665966504,0.12753893180209275
cutting→platô,7,3,4,kalman,False,2026-02-18,0.42912221397602934,True,1.4114324313607085,0.13087778602397293
cutting→platô,7,3,4,kalman,False,2026-02-19,0.05319815912028503,True,1.4112292757810394,0.13319815912028332
cutting→platô,7,3,4,gpr,False,2026-02-17,0.30993905504305985,True,1.3905469400345112,0.030060944956929347
cutting→platô,7,3,4,gpr,False,2026-02-18,0.5278457708339346,True,1.3905553227281189,0.032154229166067694
cutting→platô,7,3,4,gpr,False,2026-02-19,0.04575184468497184,True,1.3905857978951417,0.03424815531502645
cutting→platô,7,3,3,linear,False,2026-05-07,0.04999999999999716,True,1.6091028560371967,0.09000000000000341
cutting→platô,7,3,3,linear,False,2026-05-08,0.5,True,1.545976017718374,0.030000000000015348
cutting→platô,7,3,3,linear,False,2026-05-09,0.14999999999999147,True,1.6091028560371967,0.030000000000001137
cutting→platô,7,3,3,kalman,False,2026-05-07,0.010772389080244693,True,1.4051793253148617,0.050772389080250946
cutting→platô,7,3,3,kalman,False,2026-05-08,0.4736696605530426,True,1.4049163015862405,0.056330339446972744
cutting→platô,7,3,3,kalman,False,2026-05-09,0.24167048607412767,True,1.4044927154693312,0.061670486074135056
cutting→platô,7,3,3,gpr,False,2026-05-07,0.056511798559725435,True,1.4880593076220805,0.09651179855973169
cutting→platô,7,3,3,gpr,False,2026-05-08,0.43286404182028093,True,1.487989927239738,0.09713595817973442
cutting→platô,7,3,3,gpr,False,2026-05-09,0.27772732648436715,True,1.4879021891270838,0.09772732648437454
cutting→platô,7,7,9,linear,False,2026-04-12,0.519999999999996,True,1.509358969113606,0.12000000000000455
cutting→platô,7,7,9,linear,False,2026-04-13,0.09999999999999432,True,1.4993960947629716,0.10000000000000853
cutting→platô,7,7,9,linear,False,2026-04-14,0.28000000000000114,True,1.509358969113606,0.0799999999999983
cutting→platô,7,7,9,linear,False,2026-04-15,0.3400000000000034,True,1.538860631637334,0.060000000000002274
cutting→platô,7,7,9,linear,False,2026-04-16,0.4399999999999977,True,1.5868116734096986,0.04000000000000625
cutting→platô,7,7,9,linear,False,2026-04-17,0.01999999999999602,True,1.6516059540464596,0.01999999999999602
cutting→platô,7,7,9,kalman,False,2026-04-12,0.3785138409064359,True,1.349448121583066,0.021486159093555557
cutting→platô,7,7,9,kalman,False,2026-04-13,0.22464434727488936,True,1.3495005201961874,0.024644347274886513
cutting→platô,7,7,9,kalman,False,2026-04-14,0.1732566749661686,True,1.348881211033813,0.026743325033834253
cutting→platô,7,7,9,kalman,False,2026-04-15,0.42790080468880376,True,1.3476378769036614,0.027900804688798075
cutting→platô,7,7,9,kalman,False,2026-04-16,0.3717655014418142,True,1.3458649759231776,0.02823449855817728
cutting→platô,7,7,9,kalman,False,2026-04-17,0.02786211896034274,True,1.3436988154446396,0.02786211896034274
cutting→platô,7,7,9,gpr,False,2026-04-12,0.3787064280398056,True,1.4385727568889592,0.021293571960185886
cutting→platô,7,7,9,gpr,False,2026-04-13,0.22104516557087095,True,1.4386485304293046,0.021045165570868107
cutting→platô,7,7,9,gpr,False,2026-04-14,0.17985660984543017,True,1.4382702607502154,0.02014339015457267
cutting→platô,7,7,9,gpr,False,2026-04-15,0.41875929888522023,True,1.4374623867024354,0.018759298885214548
cutting→platô,7,7,9,gpr,False,2026-04-16,0.3829711776353548,True,1.4362665153476257,0.017028822364636653
cutting→platô,7,7,9,gpr,False,2026-04-17,0.015052387073296813,True,1.4347386311468995,0.015052387073296813
cutting→platô,7,7,7,linear,False,2026-02-05,0.7999999999999972,True,1.6359502679624427,0.5
cutting→platô,7,7,7,linear,False,2026-02-06,0.09999999999999432,True,1.5625515038293827,0.4200000000000017
cutting→platô,7,7,7,linear,False,2026-02-08,0.29999999999999716,True,1.50125092520139,0.2599999999999909
cutting→platô,7,7,7,linear,False,2026-02-09,0.5,True,1.5168083451258383,0.1799999999999926
cutting→platô,7,7,7,linear,False,2026-02-10,0.5,True,1.5625515038293827,0.09999999999999432
cutting→platô,7,7,7,linear,False,2026-02-11,0.7000000000000028,True,1.6359502679624427,0.01999999999999602
cutting→platô,7,7,7,kalman,False,2026-02-05,0.281518367919773,True,1.4031271623965438,0.01848163208022413
cutting→platô,7,7,7,kalman,False,2026-02-06,0.3241053508688765,True,1.4040488831170137,0.004105350868869095
cutting→platô,7,7,7,kalman,False,2026-02-08,0.06382534543453744,True,1.4046847067703823,0.023825345434531187
cutting→platô,7,7,7,kalman,False,2026-02-09,0.35727752121304945,True,1.4043302863631482,0.037277521213042064
cutting→platô,7,7,7,kalman,False,2026-02-10,0.5496805774662903,True,1.4035470403613601,0.05031942253370403
cutting→platô,7,7,7,kalman,False,2026-02-11,0.6571000702602561,True,1.40239717103276,0.06289992973974279
cutting→platô,7,7,7,gpr,False,2026-02-05,0.30357457856082704,True,1.338226032251157,0.0035745785608298775
cutting→platô,7,7,7,gpr,False,2026-02-06,0.31336971782211265,True,1.3380945695794253,0.006630282177894742
cutting→platô,7,7,7,gpr,False,2026-02-08,0.05287618805520822,True,1.3378853267188902,0.012876188055201965
cutting→platô,7,7,7,gpr,False,2026-02-09,0.3360661651706067,True,1.337806673572942,0.016066165170599334
cutting→platô,7,7,7,gpr,False,2026-02-10,0.5806993395539592,True,1.337744884127602,0.019300660446035067
cutting→platô,7,7,7,gpr,False,2026-02-11,0.6974204604203322,False,1.3376997225248886,0.02257953957966663
cutting→platô,7,14,14,linear,False,2026-03-30,0.026666666666670835,True,1.7053586216563588,0.3333333333333286
cutting→platô,7,14,14,linear,False,2026-03-31,0.6466666666666754,True,1.6561551969298876,0.22666666666667368
cutting→platô,7,14,14,linear,False,2026-04-02,0.19333333333334224,True,1.579478726703286,0.09333333333333371
cutting→platô,7,14,14,linear,False,2026-04-03,0.06666666666666288,True,1.5530788943380571,0.06666666666666288
cutting→platô,7,14,14,linear,False,2026-04-04,0.04000000000000625,True,1.5352268197213732,0.04000000000000625
cutting→platô,7,14,14,linear,False,2026-04-05,0.013333333333335418,True,1.5262224791846393,0.013333333333335418
cutting→platô,7,14,14,linear,False,2026-04-06,0.28666666666666174,True,1.5262224791846393,0.013333333333335418
cutting→platô,7,14,14,linear,False,2026-04-08,0.13333333333333997,True,1.5530788943380571,0.06666666666666288
cutting→platô,7,14,14,linear,False,2026-04-12,0.5733333333333235,True,1.7053586216563588,0.173333333333332
cutting→platô,7,14,14,kalman,False,2026-03-30,0.37646332063522436,True,1.3653832646456863,0.01646332063522493
cutting→platô,7,14,14,kalman,False,2026-03-31,0.35911906056979603,True,1.3695210301897873,0.06088093943020567
cutting→platô,7,14,14,kalman,False,2026-04-02,0.018377083114629045,True,1.3766600935980193,0.08162291688537948
cutting→platô,7,14,14,kalman,False,2026-04-03,0.05747174397792776,True,1.3792833067066113,0.05747174397792776
cutting→platô,7,14,14,kalman,False,2026-04-04,0.03665544226869599,True,1.381081806544472,0.03665544226869599
cutting→platô,7,14,14,kalman,False,2026-04-05,0.018936245973847576,True,1.3819624507760295,0.018936245973847576
cutting→platô,7,14,14,kalman,False,2026-04-06,0.29592361069042283,True,1.38187812732383,0.004076389309574324
cutting→platô,7,14,14,kalman,False,2026-04-08,0.21801636826255333,True,1.3788642819243648,0.018016368262550486
cutting→platô,7,14,14,kalman,False,2026-04-12,0.3616484976718084,True,1.364339788618338,0.038351502328183074
cutting→platô,7,14,14,gpr,False,2026-03-30,0.42354358075225207,True,1.475679410172745,0.06354358075225264
cutting→platô,7,14,14,gpr,False,2026-03-31,0.31889450452099766,True,1.4765154415771065,0.10110549547900405
cutting→platô,7,14,14,gpr,False,2026-04-02,0.005299260887824175,True,1.477817637152043,0.1052992608878327
cutting→platô,7,14,14,gpr,False,2026-04-03,0.07193017614335417,True,1.4782563389794063,0.07193017614335417
cutting→platô,7,14,14,gpr,False,2026-04-04,0.0415646398445233,True,1.4785399359054452,0.0415646398445233
cutting→platô,7,14,14,gpr,False,2026-04-05,0.01417477722544902,True,1.478662247473693,0.01417477722544902
cutting→platô,7,14,14,gpr,False,2026-04-06,0.3102777314864795,True,1.4786204334136812,0.010277731486482367
cutting→platô,7,14,14,gpr,False,2026-04-08,0.2505739287917237,True,1.4780500779390024,0.050573928791720846
cutting→platô,7,14,14,gpr,False,2026-04-12,0.30133224077326304,True,1.4751852038161815,0.09866775922672844
cutting→platô,7,14,14,linear,False,2026-03-12,0.5066666666666606,True,1.7112495498901694,0.006666666666674814
cutting→platô,7,14,14,linear,False,2026-03-13,0.11333333333332973,True,1.6618761586591688,0.006666666666660603
cutting→platô,7,14,14,linear,False,2026-03-14,0.28000000000000114,True,1.6195822982032837,0.01999999999999602
cutting→platô,7,14,14,linear,False,2026-03-15,0.026666666666670835,True,1.5849348200479483,0.03333333333333144
cutting→platô,7,14,14,linear,False,2026-03-17,0.060000000000002274,True,1.540530050902646,0.060000000000002274
cutting→platô,7,14,14,linear,False,2026-03-18,0.046666666666666856,True,1.5314946061024273,0.07333333333333769
cutting→platô,7,14,14,linear,False,2026-03-19,0.44666666666667254,True,1.5314946061024273,0.08666666666667311
cutting→platô,7,14,14,linear,False,2026-03-20,0.14000000000000057,True,1.540530050902646,0.09999999999999432
cutting→platô,7,14,14,linear,False,2026-03-22,0.673333333333332,True,1.5849348200479483,0.12666666666666515
cutting→platô,7,14,14,linear,False,2026-03-23,0.0799999999999983,True,1.6195822982032837,0.14000000000000057
cutting→platô,7,14,14,linear,False,2026-03-24,0.4866666666666646,True,1.6618761586591688,0.15333333333333599
cutting→platô,7,14,14,linear,False,2026-03-25,0.9933333333333252,False,1.7112495498901694,0.1666666666666714
cutting→platô,7,14,14,kalman,False,2026-03-12,0.4048708541746322,True,1.3893393159258665,0.09512914582535359
cutting→platô,7,14,14,kalman,False,2026-03-13,0.02549509271085526,True,1.3927854632816548,0.09450490728913508
cutting→platô,7,14,14,kalman,False,2026-03-14,0.3536870561214158,True,1.3958222444148305,0.0936870561214107
cutting→platô,7,14,14,kalman,False,2026-03-15,0.03249112396551368,True,1.3983164237346273,0.09249112396551595
cutting→platô,7,14,14,kalman,False,2026-03-17,0.08822714326251457,True,1.4012710860146171,0.08822714326251457
cutting→platô,7,14,14,kalman,False,2026-03-18,0.03520984199795407,True,1.4016033233438918,0.08479015800205048
cutting→platô,7,14,14,kalman,False,2026-03-19,0.4402372183267147,True,1.401141152387595,0.08023721832671526
cutting→platô,7,14,14,kalman,False,2026-03-20,0.11438385587983646,True,1.399903780414263,0.07438385587983021
cutting→platô,7,14,14,kalman,False,2026-03-22,0.7419620107552731,False,1.3953478093427805,0.05803798924472403
cutting→platô,7,14,14,kalman,False,2026-03-23,0.1728234516568392,True,1.3922298647550235,0.04717654834315965
cutting→platô,7,14,14,kalman,False,2026-03-24,0.6057231887566559,True,1.3887317536899388,0.034276811243344696
cutting→platô,7,14,14,kalman,False,2026-03-25,1.140845690411382,False,1.3850158712948542,0.019154309588614638
cutting→platô,7,14,14,gpr,False,2026-03-12,0.4506423872064431,True,1.5824595843889995,0.04935761279354267
cutting→platô,7,14,14,gpr,False,2026-03-13,0.07287871564217596,True,1.5850677379839908,0.047121284357814375
cutting→platô,7,14,14,gpr,False,2026-03-14,0.3053507680633487,True,1.5872903010631774,0.045350768063343594
cutting→platô,7,14,14,gpr,False,2026-03-15,0.0160903741284244,True,1.5890703169006883,0.04390962587157787
cutting→platô,7,14,14,gpr,False,2026-03-17,0.04134916225322627,True,1.5911384601500913,0.04134916225322627
cutting→platô,7,14,14,gpr,False,2026-03-18,0.08015786395611713,True,1.5913806345419346,0.03984213604388742
cutting→platô,7,14,14,gpr,False,2026-03-19,0.3978936561734514,True,1.5910899033247006,0.03789365617345197
cutting→platô,7,14,14,gpr,False,2026-03-20,0.07526613156876749,True,1.5902818420761378,0.03526613156876124
cutting→platô,7,14,14,gpr,False,2026-03-22,0.77303538672831,True,1.587247682800978,0.0269646132716872
cutting→platô,7,14,14,gpr,False,2026-03-23,0.19923396742694877,True,1.5851196859286176,0.020766032573050097
cutting→platô,7,14,14,gpr,False,2026-03-24,0.6271541043553981,True,1.5826662995903291,0.012845895644602479
cutting→platô,7,14,14,gpr,False,2026-03-25,1.157062901902549,False,1.5799574745380198,0.002937098097447688
bulk,0,3,4,linear,False,2026-02-19,0.12000000000000455,True,1.6434570211947914,0.38000000000000966
bulk,0,3,4,linear,False,2026-02-20,1.579999999999984,False,1.6434570211947914,0.47999999999998977
bulk,0,3,4,linear,False,2026-02-21,0.539999999999992,True,1.7277909624842493,0.5799999999999983
bulk,0,3,4,kalman,False,2026-02-19,0.21163154952809293,True,1.386901462570819,0.04836845047191218
bulk,0,3,4,kalman,False,2026-02-20,1.1481520589268257,False,1.3867596586418927,0.04815205892683139
bulk,0,3,4,kalman,False,2026-02-21,0.007935667604854757,True,1.3866212748049804,0.04793566760486101
bulk,0,3,4,gpr,False,2026-02-19,0.2253849897530955,True,1.4656062042480755,0.034615010246909605
bulk,0,3,4,gpr,False,2026-02-20,1.1343386444227122,False,1.4655971960531815,0.034338644422717834
bulk,0,3,4,gpr,False,2026-02-21,0.005947538956476706,True,1.4656099488321388,0.03405246104352955
bulk,0,3,3,linear,False,2026-04-01,0.625,True,1.842498467866335,0.32500000000000284
bulk,0,3,3,linear,False,2026-04-02,0.5500000000000114,True,1.7702152682888084,0.29000000000000625
bulk,0,3,3,kalman,False,2026-04-01,0.3463257311346979,True,1.4817150962683456,0.04632573113470073
bulk,0,3,3,kalman,False,2026-04-02,0.30639393072142695,True,1.4817154648943074,0.04639393072142184
bulk,0,3,3,gpr,False,2026-04-01,0.35390858459795993,True,1.658518443277245,0.05390858459796277
bulk,0,3,3,gpr,False,2026-04-02,0.3180494528558029,True,1.6585947957707958,0.05804945285579777
bulk,0,7,7,linear,False,2026-03-17,0.7000000000000028,True,1.8700493479892657,0.20000000000000284
bulk,0,7,7,linear,False,2026-03-18,0.09999999999999432,True,1.786147463134796,0.04000000000000625
bulk,0,7,7,linear,False,2026-03-19,0.20000000000000284,True,1.733858609504125,0.12000000000000455
bulk,0,7,7,linear,False,2026-03-20,0.5,True,1.7160749741724715,0.28000000000000114
bulk,0,7,7,linear,False,2026-03-21,0.20000000000000284,True,1.733858609504125,0.4399999999999977
bulk,0,7,7,linear,False,2026-03-22,0.5,True,1.786147463134796,0.5999999999999943
bulk,0,7,7,linear,False,2026-03-23,0.9000000000000057,True,1.8700493479892657,0.7599999999999909
bulk,0,7,7,kalman,False,2026-03-17,0.5511134122805004,True,1.480431966506643,0.05111341228050037
bulk,0,7,7,kalman,False,2026-03-18,0.08886439814058633,True,1.4803759647608388,0.05113560185941424
bulk,0,7,7,kalman,False,2026-03-19,0.37115779143830707,True,1.4803235724835133,0.05115779143829968
bulk,0,7,7,kalman,False,2026-03-20,0.16882001898279952,True,1.4802747900579618,0.05117998101719934
bulk,0,7,7,kalman,False,2026-03-21,0.6912021705960854,True,1.4802296178410757,0.051202170596084784
bulk,0,7,7,kalman,False,2026-03-22,0.15122436017497876,True,1.4801880561633425,0.05122436017498444
bulk,0,7,7,kalman,False,2026-03-23,0.08875345024613068,True,1.4801501053289599,0.051246549753884096
bulk,0,7,7,gpr,False,2026-03-17,0.5343229471148021,True,1.6214856693103172,0.034322947114802105
bulk,0,7,7,gpr,False,2026-03-18,0.10499710105769111,True,1.6214730845742054,0.03500289894230946
bulk,0,7,7,gpr,False,2026-03-19,0.3556608366736924,True,1.6214762548052022,0.035660836673685026
bulk,0,7,7,gpr,False,2026-03-20,0.18370311609999135,True,1.6214951361370993,0.036296883900007515
bulk,0,7,7,gpr,False,2026-03-21,0.6769111829217849,True,1.621529733720962,0.0369111829217843
bulk,0,7,7,gpr,False,2026-03-22,0.1375038945418794,True,1.6215801018130662,0.037503894541885074
bulk,0,7,7,gpr,False,2026-03-23,0.10192480216855415,True,1.6216463438026096,0.03807519783146063
bulk,0,7,7,linear,False,2026-03-19,0.5,True,1.8727937128156213,0.1799999999999926
bulk,0,7,7,linear,False,2026-03-20,0.0,True,1.7887686989207907,0.21999999999999886
bulk,0,7,7,linear,False,2026-03-21,0.8999999999999915,False,1.7364031095125938,0.2599999999999909
bulk,0,7,7,linear,False,2026-03-22,0.3999999999999915,True,1.7185933760550824,0.29999999999999716
bulk,0,7,7,linear,False,2026-03-23,0.19999999999998863,True,1.7364031095125938,0.3400000000000034
bulk,0,7,7,linear,False,2026-03-24,1.2999999999999972,False,1.7887686989207907,0.37999999999999545
bulk,0,7,7,linear,False,2026-03-25,0.29999999999999716,True,1.8727937128156213,0.4200000000000017
bulk,0,7,7,kalman,False,2026-03-19,0.3742644425795021,True,1.456436483368293,0.0542644425794947
bulk,0,7,7,kalman,False,2026-03-20,0.16571491304706853,True,1.4563889172949303,0.05428508695293033
bulk,0,7,7,kalman,False,2026-03-21,0.694305726138893,True,1.4563448975339952,0.054305726138892396
bulk,0,7,7,kalman,False,2026-03-22,0.15432636020990742,True,1.4563044243137995,0.054326360209913105
bulk,0,7,7,kalman,False,2026-03-23,0.08565301076149012,True,1.4562674978453174,0.05434698923852466
bulk,0,7,7,kalman,False,2026-03-24,0.9743676132971899,False,1.456234118322243,0.0543676132971882
bulk,0,7,7,kalman,False,2026-03-25,0.06561176754154019,True,1.456204285921018,0.05438823245846436
bulk,0,7,7,gpr,False,2026-03-19,0.39444468951141687,True,1.6177919283158815,0.07444468951140948
bulk,0,7,7,gpr,False,2026-03-20,0.14597877640633783,True,1.6178616708576783,0.07402122359366103
bulk,0,7,7,gpr,False,2026-03-21,0.7133451033210747,True,1.6179128781485304,0.07334510332107413
bulk,0,7,7,gpr,False,2026-03-22,0.17244019468259353,True,1.6179447590236293,0.07244019468259921
bulk,0,7,7,gpr,False,2026-03-23,0.06866779447446447,True,1.6179569554531952,0.07133220552555031
bulk,0,7,7,gpr,False,2026-03-24,0.9900484280728676,False,1.6179495693166928,0.07004842807286593
bulk,0,7,7,gpr,False,2026-03-25,0.051382536651004784,True,1.6179231766624582,0.06861746334899976
bulk,0,14,15,linear,False,2026-04-04,0.4125000000000085,True,1.9674899189286066,0.19250000000000966
bulk,0,14,15,linear,False,2026-04-05,0.11875000000000568,True,1.9194418483484128,0.15874999999999773
bulk,0,14,15,linear,False,2026-04-06,0.42500000000001137,True,1.8792162523498064,0.1250000000000142
bulk,0,14,15,linear,False,2026-04-08,0.7625000000000028,True,1.824202841874154,0.05750000000000455
bulk,0,14,15,linear,False,2026-04-09,0.24375000000000568,True,1.810188271866565,0.02375000000000682
bulk,0,14,15,linear,False,2026-04-10,0.15000000000000568,True,1.805492574535748,0.010000000000005116
bulk,0,14,15,linear,False,2026-04-11,0.35625000000000284,True,1.810188271866565,0.04375000000000284
bulk,0,14,15,linear,False,2026-04-12,0.0625,True,1.824202841874154,0.07750000000000057
bulk,0,14,15,linear,False,2026-04-13,0.13124999999999432,True,1.8473242061964186,0.1112499999999983
bulk,0,14,15,linear,False,2026-04-14,0.42500000000001137,True,1.8792162523498064,0.14500000000001023
bulk,0,14,15,linear,False,2026-04-15,0.08124999999999716,True,1.9194418483484128,0.17874999999999375
bulk,0,14,15,linear,False,2026-04-16,0.11249999999999716,True,1.9674899189286066,0.21250000000000568
bulk,0,14,15,linear,False,2026-04-17,0.29375000000000284,True,2.0228031141905944,0.2462500000000034
bulk,0,14,15,kalman,False,2026-04-04,0.18247629581189528,True,1.4951830602177552,0.03752370418810358
bulk,0,14,15,kalman,False,2026-04-05,0.0775677357265323,True,1.4951976216223954,0.03756773572654026
bulk,0,14,15,kalman,False,2026-04-06,0.26238823010818635,True,1.4952158309357912,0.03761176989181081
bulk,0,14,15,kalman,False,2026-04-08,0.8576998457093765,False,1.4952631927639857,0.03769984570936913
bulk,0,14,15,kalman,False,2026-04-09,0.18225611283510545,True,1.495292344967396,0.03774388716489341
bulk,0,14,15,kalman,False,2026-04-10,0.12221206914630045,True,1.4953251444567286,0.03778793085371035
bulk,0,14,15,kalman,False,2026-04-11,0.36216802332255327,True,1.4953615910274038,0.03783197667745242
bulk,0,14,15,kalman,False,2026-04-12,0.1021239754622627,True,1.495401684455203,0.03787602453773786
bulk,0,14,15,kalman,False,2026-04-13,0.05792007433618096,True,1.4954454244964097,0.03792007433618494
bulk,0,14,15,kalman,False,2026-04-14,0.31796412597441304,True,1.4954928108877539,0.0379641259744119
bulk,0,14,15,kalman,False,2026-04-15,0.22199182064598233,True,1.4955438433463826,0.038008179354008576
bulk,0,14,15,kalman,False,2026-04-16,0.061947765623372675,True,1.4955985215700025,0.03805223437663585
bulk,0,14,15,kalman,False,2026-04-17,0.5019037090561227,True,1.4956568452367378,0.03809629094388356
bulk,0,14,15,gpr,False,2026-04-04,0.18690216647583213,True,1.76036558120731,0.03309783352416673
bulk,0,14,15,gpr,False,2026-04-05,0.073962944188537,True,1.760272592708077,0.03396294418854495
bulk,0,14,15,gpr,False,2026-04-06,0.2651735547532468,True,1.7602017506866332,0.03482644524675038
bulk,0,14,15,gpr,False,2026-04-08,0.8565486197201295,True,1.7601265242342095,0.03654861972012213
bulk,0,14,15,gpr,False,2026-04-09,0.18259270618804635,True,1.7601221471902306,0.03740729381195251
bulk,0,14,15,gpr,False,2026-04-10,0.12173564034901574,True,1.7601399313969637,0.03826435965099506
bulk,0,14,15,gpr,False,2026-04-11,0.36088018233552077,True,1.7601798788539895,0.03911981766448491
bulk,0,14,15,gpr,False,2026-04-12,0.10002633168471675,True,1.7602419908827471,0.03997366831528382
bulk,0,14,15,gpr,False,2026-04-13,0.06082591210171984,True,1.760326268126363,0.040825912101723816
bulk,0,14,15,gpr,False,2026-04-14,0.32167654955769365,True,1.7604327105495088,0.04167654955769251
bulk,0,14,15,gpr,False,2026-04-15,0.21747441874745732,True,1.7605613174386292,0.042525581252533584
bulk,0,14,15,gpr,False,2026-04-16,0.0566269922089333,True,1.7607120874020836,0.043373007791075224
bulk,0,14,15,gpr,False,2026-04-17,0.49578117018640455,True,1.7608850183704874,0.0442188298136017
bulk,0,14,14,linear,False,2026-04-01,0.653333333333336,True,2.003668213737882,0.35333333333333883
bulk,0,14,14,linear,False,2026-04-02,0.6066666666666691,True,1.9458578875815533,0.346666666666664
bulk,0,14,14,linear,False,2026-04-04,0.11333333333332973,True,1.855768797707043,0.3333333333333286
bulk,0,14,14,linear,False,2026-04-05,0.36666666666666003,True,1.8247509787647402,0.326666666666668
bulk,0,14,14,linear,False,2026-04-06,0.01999999999999602,True,1.8037761327678083,0.3199999999999932
bulk,0,14,14,linear,False,2026-04-08,1.1266666666666652,False,1.7931967093609273,0.30666666666665776
bulk,0,14,14,linear,False,2026-04-09,0.0799999999999983,True,1.8037761327678083,0.29999999999999716
bulk,0,14,14,linear,False,2026-04-10,0.13333333333332575,True,1.8247509787647402,0.29333333333333655
bulk,0,14,14,linear,False,2026-04-11,0.11333333333334394,True,1.855768797707043,0.28666666666666174
bulk,0,14,14,linear,False,2026-04-12,0.14000000000000057,True,1.8963368438289478,0.28000000000000114
bulk,0,14,14,linear,False,2026-04-13,0.29333333333332234,True,1.9458578875815533,0.2733333333333263
bulk,0,14,14,linear,False,2026-04-14,0.5466666666666669,True,2.003668213737882,0.2666666666666657
bulk,0,14,14,kalman,False,2026-04-01,0.347694036087006,True,1.4934307509267057,0.04769403608700884
bulk,0,14,14,kalman,False,2026-04-02,0.30776897723863783,True,1.493433178896879,0.047768977238632715
bulk,0,14,14,kalman,False,2026-04-04,0.17208114107387473,True,1.4934489558372661,0.04791885892612413
bulk,0,14,14,kalman,False,2026-04-05,0.08799379942972507,True,1.4934623046902686,0.04799379942973303
bulk,0,14,14,kalman,False,2026-04-06,0.2519312603149473,True,1.493479293677808,0.04806873968504988
bulk,0,14,14,kalman,False,2026-04-08,0.8682186193863402,False,1.4935241915413542,0.04821861938633276
bulk,0,14,14,kalman,False,2026-04-09,0.1717064411999587,True,1.4935521000959966,0.04829355880004016
bulk,0,14,14,kalman,False,2026-04-10,0.11163150209905837,True,1.4935836481425042,0.048368497900952434
bulk,0,14,14,kalman,False,2026-04-11,0.35155656332710805,True,1.4936188354564877,0.04844343667289763
bulk,0,14,14,kalman,False,2026-04-12,0.0914816249002115,True,1.4936576617880633,0.04851837509978907
bulk,0,14,14,kalman,False,2026-04-13,0.06859331316546502,True,1.4937001268618246,0.048593313165469
bulk,0,14,14,kalman,False,2026-04-14,0.32866825085382345,True,1.4937462303770133,0.048668250853822315
bulk,0,14,14,gpr,False,2026-04-01,0.3541676758901531,True,1.6489625183240264,0.05416767589015592
bulk,0,14,14,gpr,False,2026-04-02,0.3146248963031013,True,1.6489257232166494,0.05462489630309619
bulk,0,14,14,gpr,False,2026-04-04,0.16457511560464866,True,1.6488830717973144,0.055424884395350205
bulk,0,14,14,gpr,False,2026-04-05,0.09576759962598658,True,1.6488767456576454,0.055767599625994535
bulk,0,14,14,gpr,False,2026-04-06,0.2439278761457473,True,1.648880191148919,0.05607212385424987
bulk,0,14,14,gpr,False,2026-04-08,0.8765666916134478,False,1.6489160219878727,0.05656669161344041
bulk,0,14,14,gpr,False,2026-04-09,0.1632431737861424,True,1.6489483496592072,0.05675682621385647
bulk,0,14,14,gpr,False,2026-04-10,0.10309104805944003,True,1.6489903341065997,0.05690895194057077
bulk,0,14,14,gpr,False,2026-04-11,0.34297684080412694,True,1.6490420774025836,0.05702315919587875
bulk,0,14,14,gpr,False,2026-04-12,0.08290044372770922,True,1.6491037343286337,0.05709955627229135
bulk,0,14,14,gpr,False,2026-04-13,0.07713826929949619,True,1.6491755125186103,0.057138269299500166
bulk,0,14,14,gpr,False,2026-04-14,0.3371394421781986,True,1.6492576725701156,0.05713944217819744
bulk,1,3,4,linear,False,2026-03-24,0.22000000000001307,True,1.8114859447809408,0.10000000000000853
bulk,1,3,4,linear,False,2026-03-25,0.05999999999998806,True,1.7230668289093103,0.060000000000016485
bulk,1,3,4,linear,False,2026-03-26,0.04000000000000625,True,1.7230668289093103,0.01999999999999602
bulk,1,3,4,kalman,False,2026-03-24,0.19154615595877544,True,1.2671915294680218,0.0715461559587709
bulk,1,3,4,kalman,False,2026-03-25,0.04822600200961347,True,1.2671930706545425,0.07177399799039108
bulk,1,3,4,kalman,False,2026-03-26,0.011979960748703888,True,1.2671941453276645,0.07197996074870616
bulk,1,3,4,gpr,False,2026-03-24,0.21888878301285786,True,1.1049385012514108,0.09888878301285331
bulk,1,3,4,gpr,False,2026-03-25,0.021008898979360424,True,1.104927307132641,0.09899110102064412
bulk,1,3,4,gpr,False,2026-03-26,0.03908093700087534,True,1.1049287133805876,0.09908093700087761
bulk,1,3,3,linear,False,2026-04-24,0.6499999999999915,True,1.7665169889121728,0.37000000000000455
bulk,1,3,3,linear,False,2026-04-25,0.4000000000000057,True,1.6972146245989848,0.46000000000000796
bulk,1,3,3,kalman,False,2026-04-24,0.3520967181265888,True,1.259445309739334,0.0720967181266019
bulk,1,3,3,kalman,False,2026-04-25,0.011745762954319616,True,1.2594490511490335,0.07174576295432189
bulk,1,3,3,gpr,False,2026-04-24,0.3454564737463386,True,1.1494395092688023,0.06545647374635166
bulk,1,3,3,gpr,False,2026-04-25,0.0038382361518074504,True,1.1494328791220028,0.06383823615180972
bulk,1,7,8,linear,False,2026-02-07,0.2333333333333485,True,1.8083153518078063,0.3133333333333468
bulk,1,7,8,linear,False,2026-02-08,0.5,True,1.7535051376054298,0.3199999999999932
bulk,1,7,8,linear,False,2026-02-10,0.13333333333333997,True,1.7254472450993887,0.3333333333333286
bulk,1,7,8,linear,False,2026-02-11,0.29999999999999716,True,1.7535051376054298,0.3400000000000034
bulk,1,7,8,linear,False,2026-02-12,0.1666666666666572,True,1.8083153518078063,0.346666666666664
bulk,1,7,8,linear,False,2026-02-13,0.3333333333333286,True,1.8875488411022445,0.3533333333333246
bulk,1,7,8,kalman,False,2026-02-07,0.04402237056075364,True,1.2803147153901193,0.03597762943924465
bulk,1,7,8,kalman,False,2026-02-08,0.21698090585941543,True,1.2801625044454283,0.03698090585940861
bulk,1,7,8,kalman,False,2026-02-10,0.1610445640776419,True,1.2798826777476506,0.03895543592234674
bulk,1,7,8,kalman,False,2026-02-11,7.42616726512324e-05,True,1.2797542976348097,0.03992573832735502
bulk,1,7,8,kalman,False,2026-02-12,0.13911590184379463,True,1.279633124717094,0.04088409815621219
bulk,1,7,8,kalman,False,2026-02-13,0.021830039790032174,True,1.2795188183419839,0.041830039790028195
bulk,1,7,8,gpr,False,2026-02-07,0.04503361823213936,True,1.4261262870625444,0.034966381767858934
bulk,1,7,8,gpr,False,2026-02-08,0.21709036754283773,True,1.4260134928104264,0.037090367542830904
bulk,1,7,8,gpr,False,2026-02-10,0.15880953949819343,True,1.4258352485081218,0.0411904605017952
bulk,1,7,8,gpr,False,2026-02-11,0.003166659063637667,True,1.4257690006099324,0.04316665906364392
bulk,1,7,8,gpr,False,2026-02-12,0.13490627822298507,True,1.4257176144305106,0.045093721777021756
bulk,1,7,8,gpr,False,2026-02-13,0.026971747073417873,True,1.425680907997247,0.046971747073413894
bulk,1,7,7,linear,False,2026-04-12,0.3375000000000057,True,1.8477510364977547,0.10250000000000625
bulk,1,7,7,linear,False,2026-04-13,0.22499999999999432,True,1.7648495906772723,0.2049999999999983
bulk,1,7,7,linear,False,2026-04-14,0.2874999999999943,True,1.7131842249492308,0.30750000000000455
bulk,1,7,7,linear,False,2026-04-15,0.75,True,1.6956126401929055,0.4099999999999966
bulk,1,7,7,linear,False,2026-04-16,0.21250000000000568,True,1.7131842249492308,0.5125000000000028
bulk,1,7,7,linear,False,2026-04-17,0.375,True,1.7648495906772723,0.6150000000000091
bulk,1,7,7,linear,False,2026-04-18,0.8375000000000057,True,1.8477510364977547,0.7175000000000011
bulk,1,7,7,kalman,False,2026-04-12,0.37037968566998813,True,1.2684082912679457,0.0696203143300238
bulk,1,7,7,kalman,False,2026-04-13,0.08949017528030367,True,1.2684083523334948,0.06949017528030765
bulk,1,7,7,kalman,False,2026-04-14,0.049342607349785794,True,1.26840786359719,0.06934260734979603
bulk,1,7,7,kalman,False,2026-04-15,0.40917794729092805,True,1.2684068817279126,0.06917794729092464
bulk,1,7,7,kalman,False,2026-04-16,0.2310034681437827,True,1.268405476332731,0.06899653185621446
bulk,1,7,7,kalman,False,2026-04-17,0.17120130220186525,True,1.2684037301324054,0.06879869779814385
bulk,1,7,7,kalman,False,2026-04-18,0.18858478186916727,True,1.268401739116456,0.06858478186916273
bulk,1,7,7,gpr,False,2026-04-12,0.3619418615314345,True,1.1649048432328755,0.07805813846857745
bulk,1,7,7,gpr,False,2026-04-13,0.09632844115770922,True,1.1648942511406233,0.0763284411577132
bulk,1,7,7,gpr,False,2026-04-14,0.05455193461102681,True,1.1648874200343755,0.07455193461103704
bulk,1,7,7,gpr,False,2026-04-15,0.41272843585869623,True,1.1648842616336026,0.07272843585869282
bulk,1,7,7,gpr,False,2026-04-16,0.22914218994748126,True,1.164884765988944,0.0708578100525159
bulk,1,7,7,gpr,False,2026-04-17,0.17106002917766716,True,1.1648890016452924,0.06893997082234193
bulk,1,7,7,gpr,False,2026-04-18,0.18697488055111933,True,1.1648971157764834,0.06697488055111478
bulk,1,14,15,linear,False,2026-05-16,0.4375,True,1.9140495314688337,0.13749999999998863
bulk,1,14,15,linear,False,2026-05-17,0.125,True,1.86171018379207,0.13500000000000512
bulk,1,14,15,linear,False,2026-05-18,0.48749999999999716,True,1.8162453600843946,0.13249999999999318
bulk,1,14,15,linear,False,2026-05-19,0.25,True,1.7781824449969008,0.12999999999999545
bulk,1,14,15,linear,False,2026-05-20,0.2874999999999943,True,1.748005036444738,0.12749999999999773
bulk,1,14,15,linear,False,2026-05-22,0.16250000000000853,True,1.7128656710729615,0.12250000000000227
bulk,1,14,15,linear,False,2026-05-23,0.29999999999999716,True,1.7084224322758246,0.11999999999999034
bulk,1,14,15,linear,False,2026-05-25,0.375,True,1.7261267645370708,0.11499999999999488
bulk,1,14,15,linear,False,2026-05-26,0.11249999999999716,True,1.748005036444738,0.11249999999998295
bulk,1,14,15,linear,False,2026-05-27,0.2499999999999858,True,1.7781824449969008,0.10999999999998522
bulk,1,14,15,linear,False,2026-05-28,0.4125000000000085,True,1.8162453600843946,0.1074999999999875
bulk,1,14,15,linear,False,2026-05-29,0.12499999999998579,True,1.86171018379207,0.10499999999998977
bulk,1,14,15,kalman,False,2026-05-16,0.22744913069362838,True,1.266406789601433,0.07255086930638299
bulk,1,14,15,kalman,False,2026-05-17,0.33237322424336924,True,1.2665324436947571,0.07237322424336412
bulk,1,14,15,kalman,False,2026-05-18,0.6921948729314096,False,1.2666644802431222,0.07219487293141924
bulk,1,14,15,kalman,False,2026-05-19,0.04798406733510774,True,1.2668031824760249,0.07201593266489681
bulk,1,14,15,kalman,False,2026-05-20,0.08816347926186552,True,1.2669488476532251,0.07183652073813107
bulk,1,14,15,kalman,False,2026-05-22,0.03147675108134251,True,1.267262327643948,0.07147675108134877
bulk,1,14,15,kalman,False,2026-05-23,0.10870337205999192,True,1.2674308094977391,0.0712966279400149
bulk,1,14,15,kalman,False,2026-05-25,0.1890635084968011,True,1.2677930368796808,0.07093649150320402
bulk,1,14,15,kalman,False,2026-05-26,0.07075671279640972,True,1.2679875402268692,0.07075671279642393
bulk,1,14,15,kalman,False,2026-05-27,0.06942271651013243,True,1.2681915011381477,0.07057728348986814
bulk,1,14,15,kalman,False,2026-05-28,0.5903983208778811,True,1.2684053376522115,0.07039832087788511
bulk,1,14,15,kalman,False,2026-05-29,0.050219942254798866,True,1.268629483747759,0.07021994225479489
bulk,1,14,15,gpr,False,2026-05-16,0.27690410107781815,True,1.1504238652616152,0.023095898922193214
bulk,1,14,15,gpr,False,2026-05-17,0.28193494678268394,True,1.1507065294476604,0.02193494678267882
bulk,1,14,15,gpr,False,2026-05-18,0.64101929247785,False,1.1509542236022128,0.021019292477859608
bulk,1,14,15,gpr,False,2026-05-19,0.0996511239575284,True,1.1511624586327116,0.02034887604247615
bulk,1,14,15,gpr,False,2026-05-20,0.14007800124873881,True,1.1513272408860757,0.019921998751257775
bulk,1,14,15,gpr,False,2026-05-22,0.02021601122324057,True,1.1515135929998053,0.019783988776765682
bulk,1,14,15,gpr,False,2026-05-23,0.15993850860476755,True,1.1515305891057324,0.020061491395239273
bulk,1,14,15,gpr,False,2026-05-25,0.2387300941719701,True,1.151407217952709,0.021269905828035007
bulk,1,14,15,gpr,False,2026-05-26,0.022180810442023358,True,1.151267696255303,0.02218081044203757
bulk,1,14,15,gpr,False,2026-05-27,0.11671925883642587,True,1.151078536223281,0.023280741163574703
bulk,1,14,15,gpr,False,2026-05-28,0.5445567029398006,True,1.1508427319245698,0.02455670293980461
bulk,1,14,15,gpr,False,2026-05-29,0.005994709326117231,True,1.150564330443359,0.025994709326113252
bulk,1,14,14,linear,False,2026-03-07,0.5133333333333354,True,1.8496845597200036,0.1866666666666532
bulk,1,14,14,linear,False,2026-03-08,0.37333333333332064,True,1.796317007671945,0.21333333333332405
bulk,1,14,14,linear,False,2026-03-09,0.35999999999999943,True,1.7506016994276195,0.2400000000000091
bulk,1,14,14,linear,False,2026-03-10,0.2533333333333303,True,1.7131513431185112,0.2666666666666657
bulk,1,14,14,linear,False,2026-03-11,0.5333333333333314,True,1.6845172706805727,0.29333333333333655
bulk,1,14,14,linear,False,2026-03-12,0.11999999999999034,True,1.6651543599366505,0.3199999999999932
bulk,1,14,14,linear,False,2026-03-13,0.09333333333333371,True,1.6553879744680842,0.346666666666664
bulk,1,14,14,linear,False,2026-03-14,0.3933333333333451,True,1.6553879744680842,0.37333333333333485
bulk,1,14,14,linear,False,2026-03-15,0.38000000000000966,True,1.6651543599366505,0.4000000000000057
bulk,1,14,14,linear,False,2026-03-16,0.46666666666666856,True,1.6845172706805727,0.4266666666666765
bulk,1,14,14,linear,False,2026-03-18,0.060000000000002274,True,1.7506016994276195,0.480000000000004
bulk,1,14,14,linear,False,2026-03-19,1.1266666666666794,False,1.796317007671945,0.5066666666666748
bulk,1,14,14,linear,False,2026-03-20,0.3133333333333468,True,1.8496845597200036,0.5333333333333456
bulk,1,14,14,kalman,False,2026-03-07,0.6525363761791709,False,1.2407579893243224,0.0474636238208177
bulk,1,14,14,kalman,False,2026-03-08,0.2079525215007294,True,1.2407325489152754,0.047952521500732814
bulk,1,14,14,kalman,False,2026-03-09,0.1684308238565677,True,1.2407083844329634,0.048430823856577376
bulk,1,14,14,kalman,False,2026-03-10,0.47110152550925477,True,1.2406853780080667,0.04889847449074125
bulk,1,14,14,kalman,False,2026-03-11,0.289355417005666,True,1.2406634199604696,0.04935541700567114
bulk,1,14,14,kalman,False,2026-03-12,0.15019840499624593,True,1.2406424087469077,0.049801595003756916
bulk,1,14,14,kalman,False,2026-03-13,0.38976304791256666,True,1.2406222509034137,0.050236952087431064
bulk,1,14,14,kalman,False,2026-03-14,0.07066143185907947,True,1.2406028609827615,0.05066143185906924
bulk,1,14,14,kalman,False,2026-03-15,0.031074977921122127,True,1.2405841614866233,0.05107497792111815
bulk,1,14,14,kalman,False,2026-03-16,0.0914775338759739,True,1.240566082792867,0.05147753387598186
bulk,1,14,14,kalman,False,2026-03-18,0.4877505501262789,True,1.2405315482317292,0.05224944987372737
bulk,1,14,14,kalman,False,2026-03-19,0.6726186971214503,False,1.240514991774063,0.052618697121445734
bulk,1,14,14,kalman,False,2026-03-20,0.16702327132837524,True,1.2404988547570497,0.05297672867162362
bulk,1,14,14,gpr,False,2026-03-07,0.6247437744231235,False,1.1641522380057836,0.07525622557686518
bulk,1,14,14,gpr,False,2026-03-08,0.23673069182552808,True,1.1641442974987513,0.0767306918255315
bulk,1,14,14,gpr,False,2026-03-09,0.19816004572712131,True,1.1641385723761744,0.07816004572713098
bulk,1,14,14,gpr,False,2026-03-10,0.4404557063312211,True,1.16413477773105,0.07954429366877491
bulk,1,14,14,gpr,False,2026-03-11,0.320883464460195,True,1.1641326886571335,0.08088346446020012
bulk,1,14,14,gpr,False,2026-03-12,0.11782239067156297,True,1.1641321404349867,0.08217760932843987
bulk,1,14,14,gpr,False,2026-03-13,0.35657319810512433,True,1.1641330287226879,0.08342680189487339
bulk,1,14,14,gpr,False,2026-03-14,0.10463113813453617,True,1.164135309751913,0.08463113813452594
bulk,1,14,14,gpr,False,2026-03-15,0.06579073631772303,True,1.164139000529218,0.08579073631771905
bulk,1,14,14,gpr,False,2026-03-16,0.12690573693404872,True,1.1641441790427507,0.08690573693405668
bulk,1,14,14,gpr,False,2026-03-18,0.4509973820578921,True,1.1641596174104905,0.08900261794211417
bulk,1,14,14,gpr,False,2026-03-19,0.7099848894802108,False,1.1641703400684094,0.08998488948020622
bulk,1,14,14,gpr,False,2026-03-20,0.12907665452982542,True,1.164183476506878,0.09092334547017344
bulk,2,3,4,linear,False,2026-05-19,0.8599999999999994,True,1.9364647918480102,0.7399999999999949
bulk,2,3,4,linear,False,2026-05-20,0.12000000000000455,True,1.8419454248581246,0.5600000000000023
bulk,2,3,4,kalman,False,2026-05-19,0.08021415494815187,True,1.5262963662253526,0.039785845051852675
bulk,2,3,4,kalman,False,2026-05-20,0.4798809329235212,True,1.5264676551815057,0.03988093292352346
bulk,2,3,4,gpr,False,2026-05-19,0.07750144370604062,True,1.504579819376744,0.04249855629396393
bulk,2,3,4,gpr,False,2026-05-20,0.4807746295592352,True,1.5045751497795834,0.040774629559237496
bulk,2,3,3,linear,False,2026-04-15,0.5,True,1.927247516356971,0.04000000000000625
bulk,2,3,3,linear,False,2026-04-16,0.0,True,1.8516395203180878,0.10000000000000853
bulk,2,3,3,kalman,False,2026-04-15,0.43025554486899864,True,1.5237056053818776,0.029744455130995107
bulk,2,3,3,kalman,False,2026-04-16,0.07022111508818796,True,1.5237558489440346,0.02977888491182057
bulk,2,3,3,gpr,False,2026-04-15,0.3589168941628742,True,1.4953479642568652,0.10108310583711955
bulk,2,3,3,gpr,False,2026-04-16,0.010238339389076145,True,1.5029410492412296,0.11023833938908467
bulk,2,7,7,linear,False,2026-02-03,0.2749999999999915,True,2.0463102688840706,0.35499999999998977
bulk,2,7,7,linear,False,2026-02-04,0.8500000000000085,True,1.9545002379129528,0.29000000000000625
bulk,2,7,7,linear,False,2026-02-05,0.9249999999999972,True,1.897282914611992,0.22499999999999432
bulk,2,7,7,linear,False,2026-02-06,0.29999999999999716,True,1.8778230882516311,0.1599999999999966
bulk,2,7,7,linear,False,2026-02-07,0.32500000000000284,True,1.897282914611992,0.09499999999999886
bulk,2,7,7,linear,False,2026-02-08,0.04999999999999716,True,1.9545002379129528,0.030000000000001137
bulk,2,7,7,linear,False,2026-02-09,0.07499999999998863,True,2.0463102688840706,0.03499999999999659
bulk,2,7,7,kalman,False,2026-02-03,0.10069102574226463,True,1.5291370678846476,0.020691025742266334
bulk,2,7,7,kalman,False,2026-02-04,0.5391742123724299,True,1.528920780419213,0.020825787627572367
bulk,2,7,7,kalman,False,2026-02-05,0.6790394495131977,True,1.5287081095243593,0.02096055048680512
bulk,2,7,7,kalman,False,2026-02-06,0.11890468574125634,True,1.5284990564859982,0.021095314258744224
bulk,2,7,7,kalman,False,2026-02-07,0.4412300788822989,True,1.5282936225691515,0.02123007888229722
bulk,2,7,7,kalman,False,2026-02-08,0.10136484429628467,True,1.5280918090178375,0.02136484429628638
bulk,2,7,7,kalman,False,2026-02-09,0.06149961043955443,True,1.527893617055014,0.02149961043956239
bulk,2,7,7,gpr,False,2026-02-03,0.04655885200195087,True,1.6031422007153537,0.03344114799804743
bulk,2,7,7,gpr,False,2026-02-04,0.5937507349877649,True,1.6031605828875968,0.0337507349877626
bulk,2,7,7,gpr,False,2026-02-05,0.7339474634505336,True,1.6031802764794634,0.03394746345053079
bulk,2,7,7,gpr,False,2026-02-06,0.1740261254999922,True,1.603198950394244,0.03402612549999162
bulk,2,7,7,gpr,False,2026-02-07,0.38601804955791863,True,1.603214677943157,0.033981950442083075
bulk,2,7,7,gpr,False,2026-02-08,0.046189370483617154,True,1.6032259280611356,0.03381062951638114
bulk,2,7,7,gpr,False,2026-02-09,0.006491661475308774,True,1.6032315561913038,0.03350833852468327
bulk,2,7,7,linear,False,2026-02-28,0.8499999999999943,True,1.9857618671707655,0.46999999999999886
bulk,2,7,7,linear,False,2026-03-01,0.20000000000000284,True,1.8966684089115518,0.35999999999999943
bulk,2,7,7,linear,False,2026-03-02,0.04999999999999716,True,1.8411440925455054,0.25
bulk,2,7,7,linear,False,2026-03-03,1.0999999999999943,False,1.822260064196655,0.13999999999998636
bulk,2,7,7,linear,False,2026-03-04,0.75,True,1.8411440925455054,0.030000000000001137
bulk,2,7,7,kalman,False,2026-02-28,0.43656936097079324,True,1.4839581662838839,0.05656936097079779
bulk,2,7,7,kalman,False,2026-03-01,0.10306552130263924,True,1.4839140557423605,0.05693447869735735
bulk,2,7,7,kalman,False,2026-03-02,0.14270843526394117,True,1.483872770804112,0.05729156473606167
bulk,2,7,7,kalman,False,2026-03-03,1.0176402034490053,False,1.483834130181748,0.05764020344899734
bulk,2,7,7,kalman,False,2026-03-04,0.7779799791983351,False,1.4837979629904794,0.057979979198336196
bulk,2,7,7,gpr,False,2026-02-28,0.44534267231320257,True,1.4389802654632717,0.06534267231320712
bulk,2,7,7,gpr,False,2026-03-01,0.09233055981876248,True,1.4389844482485898,0.06766944018123411
bulk,2,7,7,gpr,False,2026-03-02,0.13000523832127442,True,1.4390054956187726,0.06999476167872842
bulk,2,7,7,gpr,False,2026-03-03,1.032318658943538,False,1.4390433941969718,0.07231865894353007
bulk,2,7,7,gpr,False,2026-03-04,0.7946411536169506,False,1.4390981516035595,0.07464115361695178
bulk,2,14,15,linear,False,2026-03-17,0.10624999999998863,True,2.1061028721766206,0.10624999999998863
bulk,2,14,15,linear,False,2026-03-18,0.012500000000002842,True,2.048511859688432,0.0724999999999909
bulk,2,14,15,linear,False,2026-03-19,0.2812500000000142,True,1.9984851523230134,0.03874999999999318
bulk,2,14,15,linear,False,2026-03-20,0.32500000000000284,True,1.9566030518489868,0.0049999999999954525
bulk,2,14,15,linear,False,2026-03-21,0.4312499999999915,True,1.9233976797927141,0.028750000000002274
bulk,2,14,15,linear,False,2026-03-23,0.5437500000000028,True,1.8847324743634886,0.09625000000001194
bulk,2,14,15,linear,False,2026-03-24,0.04999999999999716,True,1.8798434065318759,0.12999999999999545
bulk,2,14,15,linear,False,2026-03-25,0.4437499999999943,True,1.8847324743634886,0.1637500000000074
bulk,2,14,15,linear,False,2026-03-27,0.13124999999999432,True,1.9233976797927141,0.23125000000000284
bulk,2,14,15,linear,False,2026-03-29,0.5187499999999972,True,1.9984851523230134,0.2987499999999983
bulk,2,14,15,kalman,False,2026-03-17,0.028789740173067457,True,1.5408854341909262,0.028789740173067457
bulk,2,14,15,kalman,False,2026-03-18,0.08885292689612356,True,1.5408310017062377,0.0288529268961355
bulk,2,14,15,kalman,False,2026-03-19,0.34891610708496046,True,1.5407800890135093,0.02891610708495307
bulk,2,14,15,kalman,False,2026-03-20,0.29102071945153796,True,1.5407326963704406,0.028979280548469433
bulk,2,14,15,kalman,False,2026-03-21,0.4309575529044025,True,1.5406888240181331,0.02904244709559123
bulk,2,14,15,kalman,False,2026-03-23,0.6108312413235666,True,1.540611641067727,0.029168758676448192
bulk,2,14,15,kalman,False,2026-03-24,0.05076809667197324,True,1.5405783308692094,0.029231903328025055
bulk,2,14,15,kalman,False,2026-03-25,0.30929504029896293,True,1.5405485417606144,0.029295040298976005
bulk,2,14,15,kalman,False,2026-03-27,0.0705787095653676,True,1.5404995274301712,0.029421290434640923
bulk,2,14,15,kalman,False,2026-03-29,0.24954750755490807,True,1.540464599144741,0.029547507554909203
bulk,2,14,15,gpr,False,2026-03-17,0.046706777253547216,True,1.5566357942594493,0.046706777253547216
bulk,2,14,15,gpr,False,2026-03-18,0.10894612933826409,True,1.5565286906231393,0.04894612933827602
bulk,2,14,15,gpr,False,2026-03-19,0.3711837044819646,True,1.5564397605622275,0.05118370448195719
bulk,2,14,15,gpr,False,2026-03-20,0.2665804970413461,True,1.556369008759674,0.05341950295866127
bulk,2,14,15,gpr,False,2026-03-21,0.4043464749181851,True,1.5563164394680484,0.05565352508180865
bulk,2,14,15,gpr,False,2026-03-23,0.5798837582815963,True,1.5562658632732393,0.06011624171841845
bulk,2,14,15,gpr,False,2026-03-24,0.017655062944200495,True,1.5562678627187836,0.0623449370557978
bulk,2,14,15,gpr,False,2026-03-25,0.3445718576875265,True,1.556288057371944,0.06457185768753959
bulk,2,14,15,gpr,False,2026-03-27,0.03097962308498836,True,1.5563830402419683,0.06902037691502017
bulk,2,14,15,gpr,False,2026-03-29,0.29346180395606325,True,1.5565508234348613,0.07346180395606439
bulk,2,14,14,linear,False,2026-04-01,0.480000000000004,True,1.9643309920677154,0.0799999999999983
bulk,2,14,14,linear,False,2026-04-02,0.173333333333332,True,1.9223083574581494,0.03333333333333144
bulk,2,14,14,linear,False,2026-04-03,0.2666666666666657,True,1.890178378413026,0.013333333333335418
bulk,2,14,14,linear,False,2026-04-05,0.35333333333333883,True,1.8574927141948194,0.10666666666666913
bulk,2,14,14,linear,False,2026-04-06,0.8533333333333388,True,1.8574927141948194,0.15333333333333599
bulk,2,14,14,linear,False,2026-04-07,0.45999999999999375,True,1.8684514683550049,0.20000000000000284
bulk,2,14,14,linear,False,2026-04-10,0.0800000000000125,True,1.9643309920677154,0.3400000000000176
bulk,2,14,14,linear,False,2026-04-11,0.08666666666667311,True,2.01562763871533,0.38666666666667027
bulk,2,14,14,linear,False,2026-04-12,0.3933333333333451,True,2.0755107843178564,0.43333333333335133
bulk,2,14,14,kalman,False,2026-04-01,0.37182758871611554,True,1.5279356285604706,0.028172411283890142
bulk,2,14,14,kalman,False,2026-04-02,0.11178112077440971,True,1.5279376194043834,0.028218879225590854
bulk,2,14,14,kalman,False,2026-04-03,0.25173465287888064,True,1.527943100334852,0.0282653471211205
bulk,2,14,14,kalman,False,2026-04-05,0.43164171722905564,True,1.5279645322813735,0.028358282770952314
bulk,2,14,14,kalman,False,2026-04-06,0.7284047505239357,True,1.5279804831507136,0.028404750523932876
bulk,2,14,14,kalman,False,2026-04-07,0.2884512182281185,True,1.5279999238132405,0.028451218228127573
bulk,2,14,14,kalman,False,2026-04-10,0.23140937895881564,True,1.528079183110492,0.02859062104118948
bulk,2,14,14,kalman,False,2026-04-11,0.27136291145646396,True,1.5281125813770586,0.028637088543533196
bulk,2,14,14,kalman,False,2026-04-12,0.011316444006226334,True,1.5281494685332007,0.02868355599377992
bulk,2,14,14,gpr,False,2026-04-01,0.3235068894441895,True,1.606831173777465,0.0764931105558162
bulk,2,14,14,gpr,False,2026-04-02,0.0616317475708712,True,1.6068244747845881,0.07836825242912937
bulk,2,14,14,gpr,False,2026-04-03,0.1998303965297339,True,1.6068172143074264,0.08016960347026725
bulk,2,14,14,gpr,False,2026-04-05,0.3764470174042458,True,1.6068000251902674,0.08355298259576216
bulk,2,14,14,gpr,False,2026-04-06,0.7851361795901681,True,1.606789874848431,0.08513617959016528
bulk,2,14,14,gpr,False,2026-04-07,0.346647922157743,True,1.6067787206141588,0.08664792215775208
bulk,2,14,14,gpr,False,2026-04-10,0.16923805078182852,True,1.6067414008948617,0.0907619492181766
bulk,2,14,14,gpr,False,2026-04-11,0.20800432986744966,True,1.606728949636988,0.0919956701325475
bulk,2,14,14,gpr,False,2026-04-12,0.05316210119893583,True,1.6067174080803284,0.09316210119894208
bulk,3,3,3,linear,False,2026-03-09,0.6000000000000085,True,1.7008524696424558,0.38000000000000966
bulk,3,3,3,linear,False,2026-03-10,0.5999999999999943,True,1.634126195152021,0.3199999999999932
bulk,3,3,3,linear,False,2026-03-11,0.09999999999999432,True,1.7008524696424558,0.2600000000000051
bulk,3,3,3,kalman,False,2026-03-09,0.18617009969868548,True,1.3407126421593887,0.03382990030131339
bulk,3,3,3,kalman,False,2026-03-10,0.24658914973709045,True,1.3406426617472107,0.033410850262910685
bulk,3,3,3,kalman,False,2026-03-11,0.3929918065773137,True,1.3405758400260765,0.032991806577314264
bulk,3,3,3,gpr,False,2026-03-09,0.26297725329594357,True,1.196420493122588,0.042977253295944706
bulk,3,3,3,gpr,False,2026-03-10,0.315761351488149,True,1.1965635184577081,0.03576135148814785
bulk,3,3,3,gpr,False,2026-03-11,0.3317749047713221,True,1.196682166661617,0.028225095228677333
bulk,3,3,3,linear,False,2026-04-21,0.15000000000000568,True,1.7175047096874323,0.2499999999999858
bulk,3,3,3,linear,False,2026-04-22,0.19999999999998863,True,1.65012514988274,0.2599999999999909
bulk,3,3,3,linear,False,2026-04-23,0.3499999999999943,True,1.7175047096874323,0.269999999999996
bulk,3,3,3,kalman,False,2026-04-21,0.29438684791989544,True,1.3178821280918953,0.10561315208009603
bulk,3,3,3,kalman,False,2026-04-22,0.04262686818231032,True,1.3178406796352249,0.10262686818231259
bulk,3,3,3,kalman,False,2026-04-23,0.1793447508293866,True,1.3177897998569108,0.09934475082938832
bulk,3,3,3,gpr,False,2026-04-21,0.3533614732854744,True,1.3515182210113323,0.04663852671451707
bulk,3,3,3,gpr,False,2026-04-22,0.015609459403677306,True,1.3515035979422123,0.04439054059632497
bulk,3,3,3,gpr,False,2026-04-23,0.1221428426499358,True,1.3515130109560403,0.042142842649937506
bulk,3,7,8,linear,False,2026-03-20,0.4333333333333371,True,1.6652970787866366,0.11333333333332973
bulk,3,7,8,linear,False,2026-03-21,0.17777777777777715,True,1.6386506062869728,0.11777777777777487
bulk,3,7,8,linear,False,2026-03-23,0.63333333333334,True,1.6652970787866366,0.12666666666665094
bulk,3,7,8,linear,False,2026-03-24,0.21111111111110858,True,1.717350128214008,0.1311111111111103
bulk,3,7,8,linear,False,2026-03-25,0.055555555555542924,True,1.7925978679750187,0.13555555555554122
bulk,3,7,8,kalman,False,2026-03-20,0.35938905185557246,True,1.3071949479108866,0.03938905185556507
bulk,3,7,8,kalman,False,2026-03-21,0.10506567613073514,True,1.3072551370351846,0.04506567613073287
bulk,3,7,8,kalman,False,2026-03-23,0.7038823021361935,False,1.3072779207438145,0.05611769786379739
bulk,3,7,8,kalman,False,2026-03-24,0.14145282860424402,True,1.3072416138543872,0.061452828604245724
bulk,3,7,8,kalman,False,2026-03-25,0.01336613855104929,True,1.3071760572985056,0.066633861448949
bulk,3,7,8,gpr,False,2026-03-20,0.36742537255886987,True,1.2271096219040203,0.04742537255886248
bulk,3,7,8,gpr,False,2026-03-21,0.11410480996893568,True,1.2271807028643593,0.05410480996893341
bulk,3,7,8,gpr,False,2026-03-23,0.6928579986806511,False,1.227236844263416,0.06714200131933978
bulk,3,7,8,gpr,False,2026-03-24,0.15344576744061555,True,1.2272215123035153,0.07344576744061726
bulk,3,7,8,gpr,False,2026-03-25,0.0004284617367886767,True,1.2271777334388503,0.07957153826320962
bulk,3,7,7,linear,False,2026-04-24,0.42499999999999716,True,1.773773082245384,0.14500000000001023
bulk,3,7,7,linear,False,2026-04-25,0.8499999999999943,False,1.6941907412421813,0.20999999999999375
bulk,3,7,7,linear,False,2026-04-27,0.29999999999998295,True,1.6277258135326917,0.3399999999999892
bulk,3,7,7,linear,False,2026-04-28,0.32499999999998863,True,1.6445938890674938,0.40500000000000114
bulk,3,7,7,linear,False,2026-04-29,0.45000000000000284,True,1.6941907412421813,0.46999999999999886
bulk,3,7,7,linear,False,2026-04-30,0.9749999999999943,False,1.773773082245384,0.5349999999999966
bulk,3,7,7,kalman,False,2026-04-24,0.20839148286707143,True,1.3171926815980441,0.0716085171329155
bulk,3,7,7,kalman,False,2026-04-25,0.5721547007856174,True,1.3172215137182377,0.0678452992143832
bulk,3,7,7,kalman,False,2026-04-27,0.0998477674743441,True,1.3172297855774104,0.05984776747433784
bulk,3,7,7,kalman,False,2026-04-28,0.13564850494753955,True,1.3172080548896474,0.055648504947527044
bulk,3,7,7,kalman,False,2026-04-29,0.07133894551267872,True,1.3171697160113638,0.0513389455126827
bulk,3,7,7,kalman,False,2026-04-30,0.3930633851828702,True,1.3171163005802953,0.04693661481712752
bulk,3,7,7,gpr,False,2026-04-24,0.2271867351012702,True,1.3064579501642868,0.05281326489871674
bulk,3,7,7,gpr,False,2026-04-25,0.5894813476007243,True,1.3063997488017378,0.05051865239927622
bulk,3,7,7,gpr,False,2026-04-27,0.08593215138026267,True,1.306345543968547,0.045932151380256414
bulk,3,7,7,gpr,False,2026-04-28,0.12364026265682071,True,1.3063495460056629,0.043640262656808204
bulk,3,7,7,gpr,False,2026-04-29,0.06134928162146025,True,1.3063742864904384,0.04134928162146423
bulk,3,7,7,gpr,False,2026-04-30,0.4009407918778436,True,1.306419765886261,0.03905920812215413
bulk,3,14,14,linear,False,2026-03-14,0.19333333333332803,True,1.821755086670663,0.013333333333335418
bulk,3,14,14,linear,False,2026-03-15,0.5133333333333354,True,1.7691933626210812,0.06666666666666288
bulk,3,14,14,linear,False,2026-03-17,0.07333333333333769,True,1.6872834652602648,0.173333333333332
bulk,3,14,14,linear,False,2026-03-20,0.653333333333336,True,1.6303922996238782,0.3333333333333286
bulk,3,14,14,linear,False,2026-03-21,0.44666666666667254,True,1.6303922996238782,0.38666666666667027
bulk,3,14,14,linear,False,2026-03-23,0.2666666666666657,True,1.6590817554921102,0.4933333333333252
bulk,3,14,14,linear,False,2026-03-24,0.6266666666666652,True,1.6872834652602648,0.5466666666666669
bulk,3,14,14,linear,False,2026-03-25,0.519999999999996,True,1.7241683366537188,0.5999999999999943
bulk,3,14,14,linear,False,2026-03-26,0.5133333333333354,True,1.7691933626210812,0.653333333333336
bulk,3,14,14,linear,False,2026-03-27,0.7066666666666634,True,1.821755086670663,0.7066666666666634
bulk,3,14,14,kalman,False,2026-03-14,0.1663762471864061,True,1.3164181257578491,0.01362375281358652
bulk,3,14,14,kalman,False,2026-03-15,0.5879566115564216,True,1.3167476748332376,0.007956611556423354
bulk,3,14,14,kalman,False,2026-03-17,0.09631604877094446,True,1.317298514322033,0.0036839512290498533
bulk,3,14,14,kalman,False,2026-03-20,0.3415338798181864,True,1.3177761036683648,0.021533879818179003
bulk,3,14,14,kalman,False,2026-03-21,0.08748718085296048,True,1.3178291627573628,0.027487180852958204
bulk,3,14,14,kalman,False,2026-03-23,0.7207518763267018,False,1.317770517509075,0.039248123673289115
bulk,3,14,14,kalman,False,2026-03-24,0.12500554995661162,True,1.3176611931459092,0.04500554995661332
bulk,3,14,14,kalman,False,2026-03-25,0.029352530846139757,True,1.3175020862654208,0.05064746915385854
bulk,3,14,14,kalman,False,2026-03-26,0.08385122648610377,True,1.3172972605370603,0.0561487735138968
bulk,3,14,14,kalman,False,2026-03-27,0.061484355285600145,True,1.3170518110197804,0.061484355285600145
bulk,3,14,14,gpr,False,2026-03-14,0.1527964016114396,True,1.2539586958257019,0.02720359838855302
bulk,3,14,14,gpr,False,2026-03-15,0.5993901810831801,True,1.2542229587320435,0.0193901810831818
bulk,3,14,14,gpr,False,2026-03-17,0.10330907931047761,True,1.2546609368367,0.0033090793104832983
bulk,3,14,14,gpr,False,2026-03-20,0.3414368338721232,True,1.255064259427229,0.021436833872115812
bulk,3,14,14,gpr,False,2026-03-21,0.0897159061437236,True,1.2551259616741675,0.029715906143721327
bulk,3,14,14,gpr,False,2026-03-23,0.7138807715537183,False,1.255136843687751,0.04611922844627259
bulk,3,14,14,gpr,False,2026-03-24,0.13417855043743998,True,1.255086185932612,0.054178550437441686
bulk,3,14,14,gpr,False,2026-03-25,0.017899055126150643,True,1.2549988459453516,0.06210094487384765
bulk,3,14,14,gpr,False,2026-03-26,0.07014399027538332,True,1.2548757926404903,0.06985600972461725
bulk,3,14,14,gpr,False,2026-03-27,0.07741438403176915,True,1.254718308858429,0.07741438403176915
bulk,3,14,14,linear,False,2026-05-16,0.36666666666667425,True,1.8426941591900743,0.06666666666667709
bulk,3,14,14,linear,False,2026-05-17,0.13333333333333997,True,1.7895282958905625,0.07333333333333769
bulk,3,14,14,linear,False,2026-05-19,0.7333333333333343,True,1.70667693428274,0.08666666666667311
bulk,3,14,14,linear,False,2026-05-20,0.06666666666666288,True,1.6781510768558974,0.09333333333333371
bulk,3,14,14,linear,False,2026-05-21,0.20000000000000284,True,1.658861343184725,0.10000000000000853
bulk,3,14,14,linear,False,2026-05-22,0.3333333333333286,True,1.6491318672236446,0.10666666666666913
bulk,3,14,14,linear,False,2026-05-23,0.36666666666666003,True,1.6491318672236446,0.11333333333334394
bulk,3,14,14,linear,False,2026-05-24,0.20000000000000284,True,1.658861343184725,0.12000000000000455
bulk,3,14,14,linear,False,2026-05-25,0.13333333333332575,True,1.6781510768558974,0.12666666666667936
bulk,3,14,14,linear,False,2026-05-26,0.46666666666665435,True,1.70667693428274,0.13333333333335418
bulk,3,14,14,linear,False,2026-05-28,0.13333333333333997,True,1.7895282958905625,0.14666666666667538
bulk,3,14,14,linear,False,2026-05-29,0.4333333333333371,True,1.8426941591900743,0.15333333333333599
bulk,3,14,14,kalman,False,2026-05-16,0.23825934859098652,True,1.298682484855476,0.06174065140901064
bulk,3,14,14,kalman,False,2026-05-17,0.0007719812869737552,True,1.2989143299518275,0.05922801871302852
bulk,3,14,14,kalman,False,2026-05-19,0.8742024085976254,False,1.299304800035344,0.054202408597618046
bulk,3,14,14,kalman,False,2026-05-20,0.21169742138621928,True,1.2994582167366389,0.051697421386222686
bulk,3,14,14,kalman,False,2026-05-21,0.050797027122328586,True,1.299581210983888,0.04920297287766573
bulk,3,14,14,kalman,False,2026-05-22,0.4867230581759685,True,1.2996726363758455,0.04672305817597078
bulk,3,14,14,kalman,False,2026-05-23,0.5242616723850944,True,1.2997320003954087,0.04426167238509038
bulk,3,14,14,kalman,False,2026-05-24,0.03817718939093595,True,1.2997594960513368,0.041822810609062344
bulk,3,14,14,kalman,False,2026-05-25,0.29941046795183013,True,1.299756028625012,0.03941046795182501
bulk,3,14,14,kalman,False,2026-05-26,0.6370286395174247,True,1.2997232375336694,0.037028639517416195
bulk,3,14,14,kalman,False,2026-05-28,0.31237250573303754,True,1.2995800096322796,0.032372505733022194
bulk,3,14,14,kalman,False,2026-05-29,0.24989380940898798,True,1.2994766504829727,0.03010619059101316
bulk,3,14,14,gpr,False,2026-05-16,0.24791872985124996,True,1.3059144502170454,0.052081270148747194
bulk,3,14,14,gpr,False,2026-05-17,0.00991777234551705,True,1.3059714629965526,0.05008222765448522
bulk,3,14,14,gpr,False,2026-05-19,0.8660826167154312,False,1.3061590906491745,0.046082616715423796
bulk,3,14,14,gpr,False,2026-05-20,0.20408204821893605,True,1.3062896931135697,0.04408204821893946
bulk,3,14,14,gpr,False,2026-05-21,0.05791902897786372,True,1.3064448108577267,0.0420809710221306
bulk,3,14,14,gpr,False,2026-05-22,0.48007938512738235,True,1.3066244343705478,0.040079385127384626
bulk,3,14,14,gpr,False,2026-05-23,0.518077290548348,True,1.3068285528226795,0.03807729054834397
bulk,3,14,14,gpr,False,2026-05-24,0.0439253126900212,True,1.307057154069355,0.036074687309977094
bulk,3,14,14,gpr,False,2026-05-25,0.29407157544848417,True,1.307310224653719,0.03407157544847905
bulk,3,14,14,gpr,False,2026-05-26,0.6320679550114079,True,1.307587749810466,0.03206795501139936
bulk,3,14,14,gpr,False,2026-05-28,0.30805918865699766,True,1.3082160982630455,0.028059188656982315
bulk,3,14,14,gpr,False,2026-05-29,0.2539459571088969,True,1.3085668855246126,0.026054042891104245
bulk,4,3,3,linear,False,2026-03-19,0.04999999999999716,True,1.7310411650742878,0.030000000000001137
bulk,4,3,3,linear,False,2026-03-20,0.42500000000001137,True,1.801724768505693,0.045000000000015916
bulk,4,3,3,kalman,False,2026-03-19,0.03788846522600409,True,1.35605503922514,0.05788846522600011
bulk,4,3,3,kalman,False,2026-03-20,0.3219526620647599,True,1.3560539244755887,0.05804733793523553
bulk,4,3,3,gpr,False,2026-03-19,0.032501838260188265,True,1.382002411789216,0.052501838260184286
bulk,4,3,3,gpr,False,2026-03-20,0.3343826690665139,True,1.381998867326672,0.045617330933481526
bulk,4,3,3,linear,False,2026-05-09,0.3599999999999852,True,1.7440694473232554,0.13999999999998636
bulk,4,3,3,linear,False,2026-05-11,0.0799999999999983,True,1.8335663118463117,0.21999999999999886
bulk,4,3,3,kalman,False,2026-05-09,0.272403226205725,True,1.3550061128208313,0.05240322620572613
bulk,4,3,3,kalman,False,2026-05-11,0.248872369291405,True,1.355143169712676,0.051127630708592164
bulk,4,3,3,gpr,False,2026-05-09,0.30148416063003936,True,1.3377371602552728,0.08148416063004049
bulk,4,3,3,gpr,False,2026-05-11,0.2231999524984758,True,1.3376858446049198,0.07680004750152136
bulk,4,7,7,linear,False,2026-02-23,0.2874999999999943,True,1.9209581236058,0.1325000000000074
bulk,4,7,7,linear,False,2026-02-24,0.07499999999998863,True,1.83477215879671,0.18500000000000227
bulk,4,7,7,linear,False,2026-02-25,0.23749999999999716,True,1.7810598338979844,0.23749999999999716
bulk,4,7,7,linear,False,2026-02-26,0.25,True,1.7627920706465545,0.28999999999999204
bulk,4,7,7,linear,False,2026-02-27,0.36249999999999716,True,1.7810598338979844,0.34250000000000114
bulk,4,7,7,linear,False,2026-02-28,0.3749999999999858,True,1.83477215879671,0.394999999999996
bulk,4,7,7,linear,False,2026-03-01,0.5874999999999915,True,1.9209581236058,0.4474999999999909
bulk,4,7,7,kalman,False,2026-02-23,0.48750513180505095,True,1.368563910439434,0.06750513180504925
bulk,4,7,7,kalman,False,2026-02-24,0.327993442226429,True,1.3685361878965807,0.0679934422264381
bulk,4,7,7,kalman,False,2026-02-25,0.0684705231282976,True,1.3685115514286395,0.0684705231282976
bulk,4,7,7,kalman,False,2026-02-26,0.10893632087098126,True,1.3684897353489305,0.06893632087098922
bulk,4,7,7,kalman,False,2026-02-27,0.049390781814864226,True,1.368470491115744,0.06939078181486025
bulk,4,7,7,kalman,False,2026-02-28,0.08983385232029661,True,1.368453587045508,0.06983385232028638
bulk,4,7,7,kalman,False,2026-03-01,0.06973452125235724,True,1.3684388080043561,0.07026547874764333
bulk,4,7,7,gpr,False,2026-02-23,0.48425773761792357,True,1.4401236544631217,0.06425773761792186
bulk,4,7,7,gpr,False,2026-02-24,0.3265501012523373,True,1.4401509375589683,0.0665501012523464
bulk,4,7,7,gpr,False,2026-02-25,0.06883917711965637,True,1.440194528537262,0.06883917711965637
bulk,4,7,7,gpr,False,2026-02-26,0.11112495675500611,True,1.4402544087356262,0.07112495675501407
bulk,4,7,7,gpr,False,2026-02-27,0.05340743375380441,True,1.4403305866095195,0.07340743375380043
bulk,4,7,7,gpr,False,2026-02-28,0.09568660376928051,True,1.4404230977497718,0.07568660376927028
bulk,4,7,7,gpr,False,2026-03-01,0.06203753549196733,True,1.440532004874143,0.07796246450803324
bulk,4,7,8,linear,False,2026-03-06,0.4111111111110972,True,1.875934899054954,0.2511111111111006
bulk,4,7,8,linear,False,2026-03-07,0.27777777777777146,True,1.797188927292666,0.22222222222222854
bulk,4,7,8,linear,False,2026-03-09,0.44444444444444287,True,1.7148307016362878,0.16444444444444173
bulk,4,7,8,linear,False,2026-03-10,0.25555555555556,True,1.7148307016362878,0.13555555555555543
bulk,4,7,8,linear,False,2026-03-11,0.7666666666666799,True,1.7427159560995733,0.10666666666666913
bulk,4,7,8,linear,False,2026-03-12,0.22222222222221433,True,1.797188927292666,0.07777777777778283
bulk,4,7,8,kalman,False,2026-03-06,0.2325961536409551,True,1.3397414803492325,0.0725961536409585
bulk,4,7,8,kalman,False,2026-03-07,0.4268438673520052,True,1.3397540166529893,0.07315613264799481
bulk,4,7,8,kalman,False,2026-03-09,0.3542272095820067,True,1.3397797921734593,0.07422720958200557
bulk,4,7,8,kalman,False,2026-03-10,0.19473682524025548,True,1.3397926821804163,0.07473682524025094
bulk,4,7,8,kalman,False,2026-03-11,0.735228170846824,False,1.3398053705096231,0.07522817084681321
bulk,4,7,8,kalman,False,2026-03-12,0.2242994947326622,True,1.3398177266130915,0.07570050526733496
bulk,4,7,8,gpr,False,2026-03-06,0.22934126626735463,True,1.343084942627172,0.06934126626735804
bulk,4,7,8,gpr,False,2026-03-07,0.42962116391966276,True,1.3430711938433717,0.07037883608033724
bulk,4,7,8,gpr,False,2026-03-09,0.35245504849760323,True,1.3431012525516337,0.07245504849760209
bulk,4,7,8,gpr,False,2026-03-10,0.1934936909273972,True,1.3431450596411594,0.07349369092739266
bulk,4,7,8,gpr,False,2026-03-11,0.73453269070896,False,1.343208050358811,0.07453269070894919
bulk,4,7,8,gpr,False,2026-03-12,0.22442795226388057,True,1.343290222613092,0.07557204773611659
bulk,4,14,14,linear,False,2026-02-14,0.5,True,1.9957976330835834,0.539999999999992
bulk,4,14,14,linear,False,2026-02-15,0.3999999999999915,True,1.9382143908484295,0.5
bulk,4,14,14,linear,False,2026-02-16,0.20000000000000284,True,1.8888878700044813,0.45999999999999375
bulk,4,14,14,linear,False,2026-02-17,0.29999999999999716,True,1.8484791786484038,0.4200000000000017
bulk,4,14,14,linear,False,2026-02-18,0.29999999999999716,True,1.8175832003601897,0.37999999999999545
bulk,4,14,14,linear,False,2026-02-19,0.4000000000000057,True,1.796690745357921,0.3399999999999892
bulk,4,14,14,linear,False,2026-02-20,0.09999999999999432,True,1.7861528788338603,0.29999999999999716
bulk,4,14,14,linear,False,2026-02-22,0.29999999999999716,True,1.796690745357921,0.21999999999999886
bulk,4,14,14,linear,False,2026-02-23,0.5999999999999943,True,1.8175832003601897,0.1799999999999926
bulk,4,14,14,linear,False,2026-02-24,0.3999999999999915,True,1.8484791786484038,0.14000000000000057
bulk,4,14,14,linear,False,2026-02-25,0.09999999999999432,True,1.8888878700044813,0.09999999999999432
bulk,4,14,14,linear,False,2026-02-26,0.09999999999999432,True,1.9382143908484295,0.060000000000002274
bulk,4,14,14,linear,False,2026-02-27,0.0,True,1.9957976330835834,0.01999999999999602
bulk,4,14,14,kalman,False,2026-02-14,0.001391629646121828,True,1.3613242395152838,0.04139162964611387
bulk,4,14,14,kalman,False,2026-02-15,0.05802563376428793,True,1.3612439395249964,0.041974366235720595
bulk,4,14,14,kalman,False,2026-02-16,0.21744350225932862,True,1.3611690965328194,0.04255649774066228
bulk,4,14,14,kalman,False,2026-02-17,0.07686230310866904,True,1.3610993497318304,0.04313769689133551
bulk,4,14,14,kalman,False,2026-02-18,0.636282363581941,True,1.3610343557581075,0.0437176364180516
bulk,4,14,14,kalman,False,2026-02-19,0.695704010948802,False,1.360973788493709,0.04429598905119292
bulk,4,14,14,kalman,False,2026-02-20,0.15512757247888942,True,1.360917338853369,0.04487242752111342
bulk,4,14,14,kalman,False,2026-02-22,0.12601825289270607,True,1.360815639871447,0.04601825289270778
bulk,4,14,14,kalman,False,2026-02-23,0.466586985255077,True,1.360769855372979,0.04658698525507532
bulk,4,14,14,kalman,False,2026-02-24,0.30715249437564296,True,1.3607271176445863,0.047152494375652054
bulk,4,14,14,kalman,False,2026-02-25,0.04771445298477772,True,1.3606871989943556,0.04771445298477772
bulk,4,14,14,kalman,False,2026-02-26,0.08827253381279832,True,1.3606498871433814,0.04827253381280627
bulk,4,14,14,kalman,False,2026-02-27,0.028826409590095636,True,1.3606149849004794,0.04882640959009166
bulk,4,14,14,gpr,False,2026-02-14,0.019603477290459637,True,1.3671578982331312,0.020396522709532405
bulk,4,14,14,gpr,False,2026-02-15,0.07849189233114373,True,1.3672166697021453,0.021508107668864795
bulk,4,14,14,gpr,False,2026-02-16,0.23730448354299938,True,1.367273719312152,0.022695516456991527
bulk,4,14,14,gpr,False,2026-02-17,0.09604221563195381,True,1.367328556429669,0.02395778436805074
bulk,4,14,14,gpr,False,2026-02-18,0.6547061490758352,True,1.3673807980083552,0.02529385092415737
bulk,4,14,14,gpr,False,2026-02-19,0.7132974379127575,False,1.3674301690213326,0.026702562087237425
bulk,4,14,14,gpr,False,2026-02-20,0.1718173273411736,True,1.3674765029782634,0.028182672658829233
bulk,4,14,14,gpr,False,2026-02-22,0.11135167109578958,True,1.3675599401686043,0.03135167109579129
bulk,4,14,14,gpr,False,2026-02-23,0.4530376368618647,True,1.3675972589984156,0.03303763686186301
bulk,4,14,14,gpr,False,2026-02-24,0.29478916384351805,True,1.3676319736100027,0.03478916384352715
bulk,4,14,14,gpr,False,2026-02-25,0.036604593140481256,True,1.3676644710119206,0.036604593140481256
bulk,4,14,14,gpr,False,2026-02-26,0.07848219264384682,True,1.3676952516312895,0.03848219264385477
bulk,4,14,14,gpr,False,2026-02-27,0.020420160544063037,True,1.3677249303628116,0.04042016054405906
bulk,4,14,14,linear,False,2026-03-20,0.35999999999999943,True,1.9589032935667774,0.01999999999999602
bulk,4,14,14,linear,False,2026-03-21,0.0799999999999983,True,1.9023845358536278,0.01999999999999602
bulk,4,14,14,linear,False,2026-03-23,0.05999999999998806,True,1.8143081698866297,0.01999999999998181
bulk,4,14,14,linear,False,2026-03-24,0.0,True,1.783983335031877,0.01999999999999602
bulk,4,14,14,linear,False,2026-03-25,0.2599999999999909,True,1.7634770982089663,0.01999999999999602
bulk,4,14,14,linear,False,2026-03-26,0.3200000000000074,True,1.7531340348146784,0.01999999999999602
bulk,4,14,14,linear,False,2026-03-27,0.6799999999999926,True,1.7531340348146784,0.01999999999999602
bulk,4,14,14,linear,False,2026-03-28,0.05999999999998806,True,1.7634770982089663,0.01999999999999602
bulk,4,14,14,linear,False,2026-03-29,0.4000000000000057,True,1.783983335031877,0.01999999999999602
bulk,4,14,14,linear,False,2026-03-31,0.28000000000000114,True,1.8539698656788346,0.01999999999999602
bulk,4,14,14,linear,False,2026-04-02,0.2400000000000091,True,1.9589032935667774,0.01999999999999602
bulk,4,14,14,kalman,False,2026-03-20,0.34290518993786634,True,1.3631474839288558,0.03709481006212911
bulk,4,14,14,kalman,False,2026-03-21,0.09703303873942559,True,1.3631181135462498,0.03703303873942332
bulk,4,14,14,kalman,False,2026-03-23,0.07690947190108943,True,1.3630686146358357,0.03690947190108318
bulk,4,14,14,kalman,False,2026-03-24,0.016847676023317604,True,1.3630484862911771,0.036847676023313625
bulk,4,14,14,kalman,False,2026-03-25,0.2432141284016467,True,1.3630314387897045,0.036785871598340236
bulk,4,14,14,kalman,False,2026-03-26,0.3032759415549009,True,1.3630174721940023,0.036724058445102514
bulk,4,14,14,kalman,False,2026-03-27,0.6633377636174913,True,1.3630065865551728,0.036662236382497326
bulk,4,14,14,kalman,False,2026-03-28,0.07660040522945621,True,1.3629987819126939,0.03660040522946417
bulk,4,14,14,kalman,False,2026-03-29,0.383461435195116,True,1.3629940582944187,0.03653856480488571
bulk,4,14,14,kalman,False,2026-03-31,0.29641485541684176,True,1.3629938541841966,0.036414855416836645
bulk,4,14,14,kalman,False,2026-04-02,0.22370889323035215,True,1.3630059742160654,0.03629110676965297
bulk,4,14,14,gpr,False,2026-03-20,0.3183351239121919,True,1.3844621527167646,0.06166487608780358
bulk,4,14,14,gpr,False,2026-03-21,0.12344197662893919,True,1.3844039289843124,0.06344197662893691
bulk,4,14,14,gpr,False,2026-03-23,0.10701971830987134,True,1.3843322476683966,0.06701971830986508
bulk,4,14,14,gpr,False,2026-03-24,0.04882035992993394,True,1.3843187775959223,0.06882035992992996
bulk,4,14,14,gpr,False,2026-03-25,0.20937115257234495,True,1.384320219415173,0.07062884742764197
bulk,4,14,14,gpr,False,2026-03-26,0.26755482140067954,True,1.3843365766314264,0.07244517859932387
bulk,4,14,14,gpr,False,2026-03-27,0.6257306497365676,True,1.384367856657775,0.07426935026342107
bulk,4,14,14,gpr,False,2026-03-28,0.11610135826069268,True,1.3844140708172574,0.07610135826070064
bulk,4,14,14,gpr,False,2026-03-29,0.34205880254540943,True,1.3844752343431992,0.07794119745459227
bulk,4,14,14,gpr,False,2026-03-31,0.3416443440028445,True,1.3846424899703607,0.08164434400283938
bulk,4,14,14,gpr,False,2026-04-02,0.17462127070490396,True,1.3848698235255767,0.08537872929510115
bulk,5,3,3,linear,False,2026-03-11,0.29999999999999716,True,1.553352895809411,0.23999999999999488
bulk,5,3,3,linear,False,2026-03-12,0.5,True,1.492413188482459,0.29999999999999716
bulk,5,3,3,linear,False,2026-03-13,0.4000000000000057,True,1.553352895809411,0.35999999999999943
bulk,5,3,3,kalman,False,2026-03-11,0.08780165998298628,True,1.3856887934747988,0.027801659982984006
bulk,5,3,3,kalman,False,2026-03-12,0.22686712932095077,True,1.3856175246966984,0.026867129320947924
bulk,5,3,3,kalman,False,2026-03-13,0.06593260567971981,True,1.385549626873825,0.02593260567971356
bulk,5,3,3,gpr,False,2026-03-11,0.1454313715920108,True,1.3311612336520398,0.08543137159200853
bulk,5,3,3,gpr,False,2026-03-12,0.2939562369829787,True,1.3323807445637499,0.09395623698297584
bulk,5,3,3,gpr,False,2026-03-13,0.1343591567959379,True,1.3310980081610637,0.09435915679593165
bulk,5,3,3,linear,False,2026-02-24,0.42499999999999716,True,1.5235088185998222,0.3649999999999949
bulk,5,3,3,linear,False,2026-02-26,0.875,False,1.5235088185998222,0.13500000000000512
bulk,5,3,3,kalman,False,2026-02-24,0.10720888436482312,True,1.3613373845054468,0.04720888436482085
bulk,5,3,3,kalman,False,2026-02-26,0.7852268334424366,False,1.3611005110574865,0.045226833442441716
bulk,5,3,3,gpr,False,2026-02-24,0.09375891079707799,True,1.3249412653415504,0.033758910797075714
bulk,5,3,3,gpr,False,2026-02-26,0.7724315844083804,False,1.324915408721239,0.03243158440838556
bulk,5,7,7,linear,False,2026-03-21,0.125,True,1.6443977355438903,0.16500000000000625
bulk,5,7,7,linear,False,2026-03-22,0.44999999999998863,True,1.5706199661973699,0.14999999999999147
bulk,5,7,7,linear,False,2026-03-23,0.6749999999999972,True,1.5246406060286688,0.1349999999999909
bulk,5,7,7,linear,False,2026-03-24,0.10000000000000853,True,1.5090028530995596,0.12000000000000455
bulk,5,7,7,linear,False,2026-03-25,0.22499999999999432,True,1.5246406060286688,0.10499999999998977
bulk,5,7,7,linear,False,2026-03-26,0.25,True,1.5706199661973699,0.09000000000000341
bulk,5,7,7,linear,False,2026-03-27,0.17499999999999716,True,1.6443977355438903,0.07499999999998863
bulk,5,7,7,kalman,False,2026-03-21,0.015350795667316675,True,1.3881745828493308,0.024649204332689578
bulk,5,7,7,kalman,False,2026-03-22,0.3237065195948503,True,1.38813702925205,0.023706519594853148
bulk,5,7,7,kalman,False,2026-03-23,0.5627638348604478,True,1.3881028529760613,0.022763834860441534
bulk,5,7,7,kalman,False,2026-03-24,0.0018211501292171306,True,1.3880720542707365,0.02182115012921315
bulk,5,7,7,kalman,False,2026-03-25,0.14087846540093096,True,1.3880446333608347,0.020878465400926416
bulk,5,7,7,kalman,False,2026-03-26,0.17993578067535054,True,1.3880205904464447,0.019935780675353953
bulk,5,7,7,kalman,False,2026-03-27,0.1189930959522485,True,1.387999925703042,0.01899309595223997
bulk,5,7,7,gpr,False,2026-03-21,0.008850345755519129,True,1.3073290023073412,0.04885034575552538
bulk,5,7,7,gpr,False,2026-03-22,0.3533023620103961,True,1.307533550884358,0.05330236201039895
bulk,5,7,7,gpr,False,2026-03-23,0.5976216670238443,True,1.3076925935688735,0.057621667023838086
bulk,5,7,7,gpr,False,2026-03-24,0.04174782704541258,True,1.307802401899238,0.0617478270454086
bulk,5,7,7,gpr,False,2026-03-25,0.1856242591979509,True,1.3078610697730255,0.06562425919794634
bulk,5,7,7,gpr,False,2026-03-26,0.22919885009505947,True,1.307868589352779,0.06919885009506288
bulk,5,7,7,gpr,False,2026-03-27,0.17242448951698464,True,1.3078268320326458,0.07242448951697611
bulk,5,7,7,linear,False,2026-03-09,0.3125,True,1.64352123520257,0.09250000000000114
bulk,5,7,7,linear,False,2026-03-10,0.22500000000000853,True,1.5697827910379374,0.045000000000001705
bulk,5,7,7,linear,False,2026-03-11,0.0625,True,1.5238279388845228,0.0024999999999977263
bulk,5,7,7,linear,False,2026-03-12,0.25,True,1.5081985212233917,0.04999999999999716
bulk,5,7,7,linear,False,2026-03-13,0.13750000000000284,True,1.5238279388845228,0.09749999999999659
bulk,5,7,7,linear,False,2026-03-14,0.2749999999999915,True,1.5697827910379374,0.14500000000001023
bulk,5,7,7,linear,False,2026-03-15,0.11249999999999716,True,1.64352123520257,0.19249999999999545
bulk,5,7,7,kalman,False,2026-03-09,0.19675643135073528,True,1.3965859366439872,0.02324356864926358
bulk,5,7,7,kalman,False,2026-03-10,0.15764979910744614,True,1.3965050666227512,0.02235020089256068
bulk,5,7,7,kalman,False,2026-03-11,0.0814568429421314,True,1.3964276065768786,0.02145684294212913
bulk,5,7,7,kalman,False,2026-03-12,0.22056349479193216,True,1.3963535569196779,0.020563494791929315
bulk,5,7,7,kalman,False,2026-03-13,0.059670156435856825,True,1.3962829180480298,0.019670156435850572
bulk,5,7,7,kalman,False,2026-03-14,0.40122317213217684,True,1.3962156903422738,0.018776827867824863
bulk,5,7,7,kalman,False,2026-03-15,0.06211649091822835,True,1.3961518741662076,0.017883509081769944
bulk,5,7,7,gpr,False,2026-03-09,0.1989900528270283,True,1.3892242454345762,0.021009947172970556
bulk,5,7,7,gpr,False,2026-03-10,0.1592739082029624,True,1.3891768813107888,0.020726091797044432
bulk,5,7,7,gpr,False,2026-03-11,0.0804589103990736,True,1.389147409219305,0.02045891039907133
bulk,5,7,7,gpr,False,2026-03-12,0.22020840481934556,True,1.3891358247759626,0.020208404819342718
bulk,5,7,7,gpr,False,2026-03-13,0.0599745701379959,True,1.3891421416485343,0.019974570137989645
bulk,5,7,7,gpr,False,2026-03-14,0.400242605329737,True,1.3891663915756567,0.019757394670264716
bulk,5,7,7,gpr,False,2026-03-15,0.06044314003376883,True,1.3892086243699566,0.019556859966229467
bulk,5,14,14,linear,False,2026-03-05,0.3266666666666822,True,1.7082974040260979,0.0933333333333195
bulk,5,14,14,linear,False,2026-03-07,0.01999999999999602,True,1.6167882912254754,0.11999999999999034
bulk,5,14,14,linear,False,2026-03-08,0.006666666666674814,True,1.5822005848370964,0.13333333333332575
bulk,5,14,14,linear,False,2026-03-09,0.36666666666667425,True,1.5557552586027725,0.14666666666667538
bulk,5,14,14,linear,False,2026-03-10,0.3400000000000034,True,1.5378724201564182,0.1599999999999966
bulk,5,14,14,linear,False,2026-03-11,0.11333333333332973,True,1.528852562767753,0.173333333333332
bulk,5,14,14,linear,False,2026-03-12,0.013333333333335418,True,1.528852562767753,0.18666666666666742
bulk,5,14,14,linear,False,2026-03-13,0.1599999999999966,True,1.5378724201564182,0.20000000000000284
bulk,5,14,14,linear,False,2026-03-14,0.6333333333333258,True,1.5557552586027725,0.21333333333332405
bulk,5,14,14,linear,False,2026-03-15,0.30666666666667197,True,1.5822005848370964,0.22666666666667368
bulk,5,14,14,linear,False,2026-03-16,0.480000000000004,True,1.6167882912254754,0.2400000000000091
bulk,5,14,14,linear,False,2026-03-17,0.15333333333333599,True,1.6590091888307938,0.2533333333333303
bulk,5,14,14,linear,False,2026-03-18,0.173333333333332,True,1.7082974040260979,0.26666666666667993
bulk,5,14,14,kalman,False,2026-03-05,0.45644723412375754,True,1.4068290411172768,0.036447234123755834
bulk,5,14,14,kalman,False,2026-03-07,0.13453182388245466,True,1.4066343353111108,0.034531823882460344
bulk,5,14,14,kalman,False,2026-03-08,0.17357411894433028,True,1.406542168497964,0.03357411894432971
bulk,5,14,14,kalman,False,2026-03-09,0.187383585871558,True,1.4064534599879153,0.03261641412844085
bulk,5,14,14,kalman,False,2026-03-10,0.14834129056482936,True,1.406368210431907,0.03165870943517746
bulk,5,14,14,kalman,False,2026-03-11,0.0907010048649255,True,1.406286420455615,0.03070100486492322
bulk,5,14,14,kalman,False,2026-03-12,0.22974330041812152,True,1.406208090659561,0.02974330041811868
bulk,5,14,14,kalman,False,2026-03-13,0.06878559609512536,True,1.4061332216190578,0.028785596095119104
bulk,5,14,14,kalman,False,2026-03-14,0.3921721081036509,True,1.406061813884122,0.02782789189635082
bulk,5,14,14,kalman,False,2026-03-15,0.05312981217780077,True,1.4059938679794755,0.026870187822197522
bulk,5,14,14,kalman,False,2026-03-16,0.21408751612693777,True,1.4059293844046579,0.025912483873057113
bulk,5,14,14,kalman,False,2026-03-17,0.12495478004935023,True,1.4058683636337435,0.024954780049355918
bulk,5,14,14,kalman,False,2026-03-18,0.46399707635148957,True,1.4058108061156247,0.02399707635147763
bulk,5,14,14,gpr,False,2026-03-05,0.4569765568530926,True,1.3999966424368893,0.03697655685309087
bulk,5,14,14,gpr,False,2026-03-07,0.13613226253558253,True,1.3997771922331594,0.03613226253558821
bulk,5,14,14,gpr,False,2026-03-08,0.1757153975292738,True,1.3996939694291086,0.03571539752927322
bulk,5,14,14,gpr,False,2026-03-09,0.18469794749725565,True,1.3996284202647473,0.03530205250274321
bulk,5,14,14,gpr,False,2026-03-10,0.14510777379840079,True,1.3995805490449982,0.034892226201606036
bulk,5,14,14,gpr,False,2026-03-11,0.09448591724105881,True,1.3995503602536985,0.03448591724105654
bulk,5,14,14,gpr,False,2026-03-12,0.23408312410607834,True,1.3995378585534013,0.0340831241060755
bulk,5,14,14,gpr,False,2026-03-13,0.07368384515142168,True,1.3995430487847784,0.033683845151415426
bulk,5,14,14,gpr,False,2026-03-14,0.3867119213981596,True,1.3995659359662227,0.03328807860184213
bulk,5,14,14,gpr,False,2026-03-15,0.047104177447948814,True,1.3996065252931373,0.03289582255204948
bulk,5,14,14,gpr,False,2026-03-16,0.20749292503303707,True,1.3996648221373391,0.032507074966957816
bulk,5,14,14,gpr,False,2026-03-17,0.1321218336817651,True,1.3997408320461773,0.032121833681770795
bulk,5,14,14,gpr,False,2026-03-18,0.47174009640201575,True,1.3998345607417662,0.031740096402003815
bulk,5,14,14,linear,False,2026-05-14,0.0799999999999983,True,1.630823633711998,0.2400000000000091
bulk,5,14,14,linear,False,2026-05-16,0.14000000000000057,True,1.5434645921870356,0.1600000000000108
bulk,5,14,14,linear,False,2026-05-17,0.1799999999999926,True,1.5104454885572522,0.11999999999999034
bulk,5,14,14,linear,False,2026-05-19,0.18000000000000682,True,1.4681276705766209,0.04000000000000625
bulk,5,14,14,linear,False,2026-05-20,0.5600000000000023,True,1.45951687683106,0.0
bulk,5,14,14,linear,False,2026-05-21,0.35999999999999943,True,1.45951687683106,0.03999999999999204
bulk,5,14,14,linear,False,2026-05-22,0.4200000000000017,True,1.4681276705766209,0.0799999999999983
bulk,5,14,14,linear,False,2026-05-23,0.29999999999999716,True,1.4851994963064215,0.11999999999999034
bulk,5,14,14,linear,False,2026-05-24,0.1799999999999926,True,1.5104454885572522,0.1599999999999966
bulk,5,14,14,linear,False,2026-05-25,0.46000000000000796,True,1.5434645921870356,0.20000000000000284
bulk,5,14,14,linear,False,2026-05-26,0.44000000000001194,True,1.58377071071709,0.23999999999999488
bulk,5,14,14,linear,False,2026-05-27,0.12000000000000455,True,1.630823633711998,0.28000000000000114
bulk,5,14,14,kalman,False,2026-05-14,0.295468353701537,True,1.393152710460015,0.024531646298470378
bulk,5,14,14,kalman,False,2026-05-16,0.27381641852781513,True,1.393504073979642,0.026183581472196238
bulk,5,14,14,kalman,False,2026-05-17,0.0870095430566522,True,1.3936852140045346,0.02700954305664993
bulk,5,14,14,kalman,False,2026-05-19,0.19133854500809377,True,1.394058404847982,0.0286614549919193
bulk,5,14,14,kalman,False,2026-05-20,0.5305125943488349,True,1.3942504533080182,0.029487405651167364
bulk,5,14,14,kalman,False,2026-05-21,0.43031335297716566,True,1.3944461355191322,0.03031335297717419
bulk,5,14,14,kalman,False,2026-05-22,0.30886070287589007,True,1.3946454502489587,0.03113929712411334
bulk,5,14,14,kalman,False,2026-05-23,0.45196523824624535,True,1.3948483962440719,0.031965238246257854
bulk,5,14,14,kalman,False,2026-05-24,0.012791176497827905,True,1.395054972229815,0.032791176497823926
bulk,5,14,14,kalman,False,2026-05-25,0.22638288796696315,True,1.3952651769106126,0.03361711203304196
bulk,5,14,14,kalman,False,2026-05-26,0.16555695499386047,True,1.395479008969744,0.03444304500615658
bulk,5,14,14,kalman,False,2026-05-27,0.19526897557136635,True,1.3956964670696834,0.035268975571369765
bulk,5,14,14,gpr,False,2026-05-14,0.3044356706527225,True,1.3368209591572509,0.015564329347284911
bulk,5,14,14,gpr,False,2026-05-16,0.2907131548976878,True,1.3420434545111846,0.009286845102323582
bulk,5,14,14,gpr,False,2026-05-17,0.06484707079015095,True,1.3439222873535925,0.004847070790148678
bulk,5,14,14,gpr,False,2026-05-19,0.22108040338436297,True,1.345569148730874,0.0010804033843498928
bulk,5,14,14,gpr,False,2026-05-20,0.5623405189166562,True,1.345893355656898,0.0023405189166538776
bulk,5,14,14,gpr,False,2026-05-21,0.3966601381433179,True,1.346121557951136,0.003339861856673565
bulk,5,14,14,gpr,False,2026-05-22,0.345199097974799,True,1.346223771991646,0.0051990979747955635
bulk,5,14,14,gpr,False,2026-05-23,0.41079287983593815,True,1.345969005895654,0.009207120164049343
bulk,5,14,14,gpr,False,2026-05-24,0.036585863427092136,True,1.344878378142397,0.016585863427096115
bulk,5,14,14,gpr,False,2026-05-25,0.2880303247340237,True,1.3423202889174775,0.028030324734018564
bulk,5,14,14,gpr,False,2026-05-26,0.24300050662735373,True,1.337909809200596,0.043000506627336677
bulk,5,14,14,gpr,False,2026-05-27,0.1009906651828203,True,1.3320364823548516,0.059009334817176295
bulk,6,3,3,linear,False,2026-03-14,0.30000000000001137,True,1.520669483251993,0.28000000000000114
bulk,6,3,3,linear,False,2026-03-15,0.6000000000000085,True,1.461011981405278,0.3200000000000074
bulk,6,3,3,linear,False,2026-03-16,0.10000000000000853,True,1.520669483251993,0.36000000000001364
bulk,6,3,3,kalman,False,2026-03-14,0.006577022112438158,True,1.3446945179879322,0.02657702211244839
bulk,6,3,3,kalman,False,2026-03-15,0.25470042023906103,True,1.3446365957589137,0.025299579760940105
bulk,6,3,3,kalman,False,2026-03-16,0.28402214196631803,True,1.3445819601729738,0.024022141966312915
bulk,6,3,3,gpr,False,2026-03-14,0.05667569943851447,True,1.338549840438617,0.03667569943850424
bulk,6,3,3,gpr,False,2026-03-15,0.3142149016499758,True,1.3398016981959415,0.03421490164997465
bulk,6,3,3,gpr,False,2026-03-16,0.23028866507007706,True,1.338577475092677,0.029711334929928057
bulk,6,3,3,linear,False,2026-02-17,0.05000000000001137,True,1.4627763035816201,0.46999999999999886
bulk,6,3,3,linear,False,2026-02-18,0.025000000000005684,True,1.5225058479952907,0.40500000000000114
bulk,6,3,3,kalman,False,2026-02-17,0.4705412011110752,True,1.335741711284271,0.04945879888893501
bulk,6,3,3,kalman,False,2026-02-18,0.33173465399329416,True,1.3356013415378243,0.04826534600670129
bulk,6,3,3,gpr,False,2026-02-17,0.5086742345550164,True,1.3574274419365508,0.011325765444993863
bulk,6,3,3,gpr,False,2026-02-18,0.37257516622538844,True,1.3573871395794583,0.007424833774607009
bulk,6,7,7,linear,False,2026-05-02,0.8125,False,1.5646743810952444,0.27249999999999375
bulk,6,7,7,linear,False,2026-05-03,0.5250000000000057,True,1.494473490461786,0.24499999999999034
bulk,6,7,7,linear,False,2026-05-04,0.23749999999999716,True,1.4507232922219657,0.21750000000000114
bulk,6,7,7,linear,False,2026-05-05,0.3500000000000085,True,1.4358436856297203,0.18999999999999773
bulk,6,7,7,linear,False,2026-05-06,0.3375000000000057,True,1.4507232922219657,0.16249999999999432
bulk,6,7,7,linear,False,2026-05-07,0.17499999999999716,True,1.494473490461786,0.1349999999999909
bulk,6,7,7,kalman,False,2026-05-02,0.5065056574719051,True,1.3410094012195088,0.03349434252810113
bulk,6,7,7,kalman,False,2026-05-03,0.24524976807484222,True,1.3411194262949948,0.034750231925173125
bulk,6,7,7,kalman,False,2026-05-04,0.01600612132223489,True,1.34123276717375,0.03600612132223091
bulk,6,7,7,kalman,False,2026-05-05,0.1227379892807079,True,1.341349423015231,0.03726201071930291
bulk,6,7,7,kalman,False,2026-05-06,0.5385179001163465,True,1.3414693929546502,0.03851790011634648
bulk,6,7,7,kalman,False,2026-05-07,0.0002262104866019854,True,1.341592676102863,0.03977378951340427
bulk,6,7,7,gpr,False,2026-05-02,0.5350672468075146,True,1.3544624060095316,0.004932753192491646
bulk,6,7,7,gpr,False,2026-05-03,0.2737030764765649,True,1.3544553340122718,0.0062969235234504595
bulk,6,7,7,gpr,False,2026-05-04,0.012353415774640553,True,1.3544609408118617,0.007646584225355468
bulk,6,7,7,gpr,False,2026-05-05,0.1510182429048541,True,1.3544792067472144,0.008981757095156695
bulk,6,7,7,gpr,False,2026-05-06,0.5103024737343702,True,1.3545101493653249,0.01030247373437021
bulk,6,7,7,gpr,False,2026-05-07,0.02839122447052489,True,1.354553823460634,0.011608775529481363
bulk,6,7,8,linear,False,2026-04-21,0.48888888888889426,True,1.5148479935964474,0.1888888888888971
bulk,6,7,8,linear,False,2026-04-22,0.1666666666666714,True,1.4689328035660765,0.173333333333332
bulk,6,7,8,linear,False,2026-04-23,0.4777777777777743,True,1.445428362194832,0.15777777777778113
bulk,6,7,8,linear,False,2026-04-24,0.4222222222222314,True,1.445428362194832,0.14222222222224445
bulk,6,7,8,linear,False,2026-04-26,0.3111111111111171,True,1.5148479935964474,0.11111111111112848
bulk,6,7,8,linear,False,2026-04-27,0.24444444444444002,True,1.5812228613225727,0.09555555555556339
bulk,6,7,8,kalman,False,2026-04-21,0.3283834563963097,True,1.3417829561435326,0.028383456396312567
bulk,6,7,8,kalman,False,2026-04-22,0.31035418330918674,True,1.341845146588497,0.029645816690816673
bulk,6,7,8,kalman,False,2026-04-23,0.3509068417316996,True,1.341910300793728,0.030906841731706436
bulk,6,7,8,kalman,False,2026-04-24,0.31216655118893755,True,1.34197844307036,0.03216655118895062
bulk,6,7,8,kalman,False,2026-04-26,0.23468210203263595,True,1.3421237967164075,0.03468210203264732
bulk,6,7,8,kalman,False,2026-04-27,0.3040620172408808,True,1.34220106434978,0.03593798275912263
bulk,6,7,8,gpr,False,2026-04-21,0.3404093779898858,True,1.36310854214463,0.04040937798988864
bulk,6,7,8,gpr,False,2026-04-22,0.2994290309422354,True,1.3631140925798775,0.040570969057768025
bulk,6,7,8,gpr,False,2026-04-23,0.3607322148036758,True,1.3631389822135134,0.04073221480368261
bulk,6,7,8,gpr,False,2026-04-24,0.3208931153048695,True,1.363183210509078,0.0408931153048826
bulk,6,7,8,gpr,False,2026-04-26,0.24121388091904805,True,1.3633296771372159,0.04121388091905942
bulk,6,7,8,gpr,False,2026-04-27,0.2986262537767317,True,1.3634319105947554,0.04137374622327172
bulk,6,14,14,linear,False,2026-03-10,0.046666666666666856,True,1.6467405276839315,0.22666666666667368
bulk,6,14,14,linear,False,2026-03-11,0.09333333333333371,True,1.599228366564887,0.23333333333333428
bulk,6,14,14,linear,False,2026-03-12,0.6400000000000006,True,1.5585288589510355,0.2400000000000091
bulk,6,14,14,linear,False,2026-03-13,0.4866666666666788,True,1.5251874877500313,0.2466666666666697
bulk,6,14,14,linear,False,2026-03-14,0.23333333333333428,True,1.4996950937586462,0.2533333333333445
bulk,6,14,14,linear,False,2026-03-15,0.01999999999999602,True,1.4824566464307622,0.2600000000000051
bulk,6,14,14,linear,False,2026-03-16,0.5266666666666708,True,1.4737618110462165,0.2666666666666657
bulk,6,14,14,linear,False,2026-03-17,0.673333333333332,True,1.4737618110462165,0.2733333333333263
bulk,6,14,14,linear,False,2026-03-18,0.0800000000000125,True,1.4824566464307622,0.2799999999999869
bulk,6,14,14,linear,False,2026-03-19,0.2666666666666657,True,1.4996950937586462,0.28666666666666174
bulk,6,14,14,linear,False,2026-03-20,0.4133333333333269,True,1.5251874877500313,0.29333333333332234
bulk,6,14,14,linear,False,2026-03-21,0.5599999999999881,True,1.5585288589510355,0.29999999999999716
bulk,6,14,14,linear,False,2026-03-22,0.5066666666666606,True,1.599228366564887,0.30666666666665776
bulk,6,14,14,linear,False,2026-03-23,0.2466666666666697,True,1.6467405276839315,0.31333333333331836
bulk,6,14,14,kalman,False,2026-03-10,0.1432212244701816,True,1.3565779182039535,0.036778775529825225
bulk,6,14,14,kalman,False,2026-03-11,0.10452967584421913,True,1.356501767130311,0.03547032415578144
bulk,6,14,14,kalman,False,2026-03-12,0.43416187572508136,True,1.3564289511460572,0.034161875725089885
bulk,6,14,14,kalman,False,2026-03-13,0.27285343017700825,True,1.356359470748032,0.032853430176999154
bulk,6,14,14,kalman,False,2026-03-14,0.011544987450804456,True,1.3562933264107926,0.03154498745081469
bulk,6,14,14,kalman,False,2026-03-15,0.24976345251418763,True,1.3562305185867558,0.030236547485813503
bulk,6,14,14,kalman,False,2026-03-16,0.28892811022129194,True,1.3561710477060274,0.02892811022128683
bulk,6,14,14,kalman,False,2026-03-17,0.4276196755965316,True,1.3561149141764872,0.027619675596525894
bulk,6,14,14,kalman,False,2026-03-18,0.3336887564492059,True,1.3560621183837611,0.026311243550793506
bulk,6,14,14,kalman,False,2026-03-19,0.0050028140233990825,True,1.3560126606911638,0.025002814023395104
bulk,6,14,14,kalman,False,2026-03-20,0.14369438695361225,True,1.3559665414397841,0.023694386953607705
bulk,6,14,14,kalman,False,2026-03-21,0.28238596228071344,True,1.3559237609483432,0.022385962280722538
bulk,6,14,14,kalman,False,2026-03-22,0.22107753994401946,True,1.3558843195132226,0.02107753994401662
bulk,6,14,14,kalman,False,2026-03-23,0.5402308801172211,True,1.3558482174085498,0.019769119882766972
bulk,6,14,14,gpr,False,2026-03-10,0.1831172283369682,True,1.372226976343427,0.003117228336961375
bulk,6,14,14,gpr,False,2026-03-11,0.1442929014203429,True,1.3721964338690213,0.004292901420342332
bulk,6,14,14,gpr,False,2026-03-12,0.3945759536826614,True,1.3721711931662526,0.005424046317330067
bulk,6,14,14,gpr,False,2026-03-13,0.23348905706879464,True,1.3721509381831254,0.0065109429312144584
bulk,6,14,14,gpr,False,2026-03-14,0.0275538918935041,True,1.3721354144913676,0.007553891893493869
bulk,6,14,14,gpr,False,2026-03-15,0.28855321431449,True,1.3721244295358304,0.008553214314488855
bulk,6,14,14,gpr,False,2026-03-16,0.25049074848203645,True,1.3721178528777216,0.009509251517968664
bulk,6,14,14,gpr,False,2026-03-17,0.3895776352393767,True,1.3721156164310457,0.010422364760628966
bulk,6,14,14,gpr,False,2026-03-18,0.371292934936605,True,1.372117714693104,0.011292934936605548
bulk,6,14,14,gpr,False,2026-03-19,0.03212136226700579,True,1.3721242049681166,0.012121362267009772
bulk,6,14,14,gpr,False,2026-03-20,0.10709193402458084,True,1.3721352075842788,0.01290806597542371
bulk,6,14,14,gpr,False,2026-03-21,0.24634651605077806,True,1.3721509061028883,0.013653483949212841
bulk,6,14,14,gpr,False,2026-03-22,0.18564192761272125,True,1.3721715475192298,0.014358072387281595
bulk,6,14,14,gpr,False,2026-03-23,0.5750223054345014,True,1.372197442453114,0.015022305434513328
bulk,6,14,14,linear,False,2026-03-15,0.22666666666665947,True,1.607487046987501,0.05333333333334167
bulk,6,14,14,linear,False,2026-03-16,0.346666666666664,True,1.5611074369097366,0.0866666666666589
bulk,6,14,14,linear,False,2026-03-17,0.5200000000000102,True,1.5213780865912554,0.12000000000000455
bulk,6,14,14,linear,False,2026-03-18,0.20666666666666345,True,1.4888314762216055,0.15333333333333599
bulk,6,14,14,linear,False,2026-03-19,0.1666666666666714,True,1.4639467463877622,0.18666666666666742
bulk,6,14,14,linear,False,2026-03-20,0.3400000000000034,True,1.4471192132555473,0.21999999999999886
bulk,6,14,14,linear,False,2026-03-21,0.5133333333333354,True,1.438631637331241,0.2533333333333445
bulk,6,14,14,linear,False,2026-03-22,0.4866666666666646,True,1.438631637331241,0.28666666666666174
bulk,6,14,14,linear,False,2026-03-23,0.23999999999999488,True,1.4471192132555473,0.3199999999999932
bulk,6,14,14,linear,False,2026-03-24,0.03333333333334565,True,1.4639467463877622,0.35333333333333883
bulk,6,14,14,linear,False,2026-03-26,0.5799999999999983,True,1.5213780865912554,0.4200000000000017
bulk,6,14,14,linear,False,2026-03-27,0.8533333333333388,False,1.5611074369097366,0.45333333333333314
bulk,6,14,14,linear,False,2026-03-28,0.07333333333333769,True,1.607487046987501,0.4866666666666646
bulk,6,14,14,kalman,False,2026-03-15,0.2554137458097472,True,1.338260222392961,0.024586254190253953
bulk,6,14,14,kalman,False,2026-03-16,0.28330428751574743,True,1.3382036908782595,0.023304287515742317
bulk,6,14,14,kalman,False,2026-03-17,0.42202233475681794,True,1.3381504343978463,0.022022334756812256
bulk,6,14,14,kalman,False,2026-03-18,0.33925960434758906,True,1.3381004532147358,0.02074039565241037
bulk,6,14,14,kalman,False,2026-03-19,0.0005415300584559191,True,1.3380537475773906,0.019458469941540102
bulk,6,14,14,kalman,False,2026-03-20,0.13817655736313839,True,1.338010317719693,0.01817655736313384
bulk,6,14,14,kalman,False,2026-03-21,0.2768946576561859,True,1.3379701638609163,0.016894657656195022
bulk,6,14,14,kalman,False,2026-03-22,0.21561277055965888,True,1.3379332862056685,0.015612770559656042
bulk,6,14,14,kalman,False,2026-03-23,0.5456691041874961,True,1.337899684944034,0.014330895812491917
bulk,6,14,14,kalman,False,2026-03-24,0.3069509668462871,True,1.337869360251375,0.013049033153706091
bulk,6,14,14,kalman,False,2026-03-26,0.1704853430570239,True,1.3378185412015853,0.010485343057027308
bulk,6,14,14,kalman,False,2026-03-27,0.4092035150970901,True,1.337798047122078,0.009203515097084392
bulk,6,14,14,kalman,False,2026-03-28,0.552078301818625,True,1.3377808301668495,0.007921698181377224
bulk,6,14,14,gpr,False,2026-03-15,0.3000625869952813,True,1.3540581162841931,0.020062586995280185
bulk,6,14,14,gpr,False,2026-03-16,0.23965730440531274,True,1.3540160778678114,0.020342695594692373
bulk,6,14,14,gpr,False,2026-03-17,0.37940884299872835,True,1.3539832573299293,0.020591157001277338
bulk,6,14,14,gpr,False,2026-03-18,0.3808080368357025,True,1.353959479882036,0.020808036835703092
bulk,6,14,14,gpr,False,2026-03-19,0.04099341338475426,True,1.3539446113674387,0.02099341338475824
bulk,6,14,14,gpr,False,2026-03-20,0.09885262244789317,True,1.3539385584410866,0.02114737755211138
bulk,6,14,14,gpr,False,2026-03-21,0.2387299671996317,True,1.353941268732484,0.021270032800359218
bulk,6,14,14,gpr,False,2026-03-22,0.1786385049147725,True,1.3539527309919777,0.02136149508523033
bulk,6,14,14,gpr,False,2026-03-23,0.581421892781222,True,1.3539729752196195,0.021421892781233964
bulk,6,14,14,gpr,False,2026-03-24,0.3414513665994292,True,1.354002072777007,0.021451366599436028
bulk,6,14,14,gpr,False,2026-03-26,0.13858183342060215,True,1.3540873206807191,0.021418166579394438
bulk,6,14,14,gpr,False,2026-03-27,0.37864416500700315,True,1.3541438213132153,0.02135583499300253
bulk,6,14,14,gpr,False,2026-03-28,0.581263263812346,True,1.3542098759433827,0.02126326381234378
bulk,7,3,4,linear,False,2026-02-17,0.1600000000000108,True,1.5202942502570238,0.11999999999999034
bulk,7,3,4,linear,False,2026-02-18,0.3399999999999892,True,1.5202942502570238,0.18000000000000682
bulk,7,3,4,linear,False,2026-02-19,0.18000000000000682,True,1.598308098134055,0.2400000000000091
bulk,7,3,4,kalman,False,2026-02-17,0.2635971706053084,True,1.3210523105228447,0.01640282939469273
bulk,7,3,4,kalman,False,2026-02-18,0.5029755282936321,True,1.320974209814068,0.017024471706363897
bulk,7,3,4,kalman,False,2026-02-19,0.042369704090731375,True,1.3209010141461874,0.0176302959092709
bulk,7,3,4,gpr,False,2026-02-17,0.24897822777936085,True,1.3656551529915646,0.031021772220640287
bulk,7,3,4,gpr,False,2026-02-18,0.47815049844926705,True,1.3660468702460946,0.041849501550728974
bulk,7,3,4,gpr,False,2026-02-19,0.007281777426342728,True,1.3643041996281227,0.052718222573659546
bulk,7,3,3,linear,False,2026-05-07,0.07499999999998863,True,1.5606650822823838,0.03499999999998238
bulk,7,3,3,linear,False,2026-05-08,0.5499999999999972,True,1.4994385100036425,0.030000000000001137
bulk,7,3,3,linear,False,2026-05-09,0.125,True,1.5606650822823838,0.09499999999999886
bulk,7,3,3,kalman,False,2026-05-07,0.023168815254877018,True,1.3164422086545926,0.016831184745129235
bulk,7,3,3,kalman,False,2026-05-08,0.5362251708951788,True,1.3164381196848467,0.016225170895182828
bulk,7,3,3,kalman,False,2026-05-09,0.20435171303307698,True,1.3164361511962284,0.015648286966921887
bulk,7,3,3,gpr,False,2026-05-07,0.04053709443323328,True,1.3426685615976623,0.0005370944332270255
bulk,7,3,3,gpr,False,2026-05-08,0.51806068386162,True,1.3426378598767883,0.001939316138376057
bulk,7,3,3,gpr,False,2026-05-09,0.22334209971984365,True,1.3426294515445818,0.003342099719844782
bulk,7,7,9,linear,False,2026-04-12,0.47999999999998977,True,1.5030481506904039,0.13999999999998636
bulk,7,7,9,linear,False,2026-04-13,0.10000000000000853,True,1.493126932362145,0.11999999999999034
bulk,7,7,9,linear,False,2026-04-14,0.3199999999999932,True,1.5030481506904039,0.09999999999999432
bulk,7,7,9,linear,False,2026-04-15,0.2600000000000051,True,1.5324264630773143,0.0799999999999983
bulk,7,7,9,linear,False,2026-04-16,0.45999999999999375,True,1.580177015553204,0.05999999999998806
bulk,7,7,9,linear,False,2026-04-17,0.0799999999999983,True,1.6447003832074927,0.03999999999999204
bulk,7,7,9,kalman,False,2026-04-12,0.31081441939689114,True,1.323351014276625,0.02918558060311227
bulk,7,7,9,kalman,False,2026-04-13,0.24767181339865374,True,1.3233492785115573,0.027671813398654876
bulk,7,7,9,kalman,False,2026-04-14,0.19382766518170058,True,1.3233433074748007,0.026172334818298282
bulk,7,7,9,kalman,False,2026-04-15,0.36468973078423517,True,1.3233331027855684,0.024689730784231756
bulk,7,7,9,kalman,False,2026-04-16,0.3767734127813327,True,1.3233187249939817,0.02322658721867299
bulk,7,7,9,kalman,False,2026-04-17,0.01821450995616658,True,1.323300293294949,0.021785490043839673
bulk,7,7,9,gpr,False,2026-04-12,0.32745244672449303,True,1.3699149896741858,0.012547553275510381
bulk,7,7,9,gpr,False,2026-04-13,0.23082012057811596,True,1.3699060979550666,0.010820120578117098
bulk,7,7,9,gpr,False,2026-04-14,0.2109085381550102,True,1.369915631212308,0.009091461844988658
bulk,7,7,9,gpr,False,2026-04-15,0.3473615773343255,True,1.3699435907999487,0.007361577334322078
bulk,7,7,9,gpr,False,2026-04-16,0.3943695326684491,True,1.3699899774429696,0.005630467331556588
bulk,7,7,9,gpr,False,2026-04-17,0.03610186785064684,True,1.370054791237152,0.0038981321493594123
bulk,7,7,7,linear,False,2026-02-05,0.7750000000000057,True,1.579754929779682,0.4750000000000085
bulk,7,7,7,linear,False,2026-02-06,0.04999999999999716,True,1.5088774332263597,0.39000000000000057
bulk,7,7,7,linear,False,2026-02-08,0.20000000000000284,True,1.4496825462041727,0.21999999999999886
bulk,7,7,7,linear,False,2026-02-09,0.4750000000000085,True,1.4647055645083356,0.13500000000000512
bulk,7,7,7,linear,False,2026-02-10,0.5499999999999972,True,1.5088774332263597,0.04999999999999716
bulk,7,7,7,linear,False,2026-02-11,0.7749999999999915,True,1.579754929779682,0.03499999999999659
bulk,7,7,7,kalman,False,2026-02-05,0.30564845370476235,True,1.2988192199021285,0.005648453704765188
bulk,7,7,7,kalman,False,2026-02-06,0.33298565988233975,True,1.2986723178325406,0.007014340117663664
bulk,7,7,7,kalman,False,2026-02-08,0.010299410692368838,True,1.2984095801255648,0.009700589307627183
bulk,7,7,7,kalman,False,2026-02-09,0.35101794535175657,True,1.298292463559477,0.011017945351753156
bulk,7,7,7,kalman,False,2026-02-10,0.5876838821266404,True,1.2981840600462533,0.01231611787335396
bulk,7,7,7,kalman,False,2026-02-11,0.7264063964940135,False,1.2980838260720304,0.013593603505981378
bulk,7,7,7,gpr,False,2026-02-05,0.30223108103193397,True,1.3406941021862337,0.00223108103193681
bulk,7,7,7,gpr,False,2026-02-06,0.3341834818136391,True,1.3404983520462679,0.005816518186364306
bulk,7,7,7,gpr,False,2026-02-08,0.007013391295885185,True,1.3401873464423488,0.012986608704110836
bulk,7,7,7,gpr,False,2026-02-09,0.3565712621837349,True,1.3400721101943702,0.016571262183731506
bulk,7,7,7,gpr,False,2026-02-10,0.579844345435717,True,1.339983728541199,0.02015565456427737
bulk,7,7,7,gpr,False,2026-02-11,0.7162602140817285,False,1.3399222072096109,0.02373978591826642
bulk,7,14,14,linear,False,2026-03-30,0.020000000000010232,True,1.6946929947076228,0.3400000000000034
bulk,7,14,14,linear,False,2026-03-31,0.7400000000000091,True,1.6457972972627317,0.30000000000001137
bulk,7,14,14,linear,False,2026-04-02,0.28000000000000114,True,1.5696003758048107,0.21999999999999886
bulk,7,14,14,linear,False,2026-04-03,0.20000000000000284,True,1.543365652854078,0.18000000000000682
bulk,7,14,14,linear,False,2026-04-04,0.12000000000000455,True,1.5256252284004006,0.14000000000000057
bulk,7,14,14,linear,False,2026-04-05,0.14000000000000057,True,1.516677202667978,0.10000000000000853
bulk,7,14,14,linear,False,2026-04-06,0.35999999999999943,True,1.516677202667978,0.060000000000002274
bulk,7,14,14,linear,False,2026-04-08,0.20000000000000284,True,1.543365652854078,0.01999999999999602
bulk,7,14,14,linear,False,2026-04-12,0.519999999999996,True,1.6946929947076228,0.1799999999999926
bulk,7,14,14,kalman,False,2026-03-30,0.24627098638407574,True,1.3300483278916033,0.07372901361591744
bulk,7,14,14,kalman,False,2026-03-31,0.5121597722356057,True,1.3300834014344218,0.07215977223560799
bulk,7,14,14,kalman,False,2026-04-02,0.1288326941874658,True,1.3301361215336271,0.06883269418746352
bulk,7,14,14,kalman,False,2026-04-03,0.087084768624905,True,1.3301529784522472,0.06708476862490897
bulk,7,14,14,kalman,False,2026-04-04,0.04528719277350035,True,1.3301631097048698,0.06528719277349637
bulk,7,14,14,kalman,False,2026-04-05,0.10344492218588641,True,1.3301663286388532,0.06344492218589437
bulk,7,14,14,kalman,False,2026-04-06,0.3615629124146835,True,1.3301625354951057,0.061562912414686366
bulk,7,14,14,kalman,False,2026-04-08,0.2776994975320548,True,1.330133952763191,0.05769949753205594
bulk,7,14,14,kalman,False,2026-04-12,0.29028615812066505,True,1.329997942435483,0.04971384187933836
bulk,7,14,14,gpr,False,2026-03-30,0.24904810635712238,True,1.3644119897536768,0.0709518936428708
bulk,7,14,14,gpr,False,2026-03-31,0.5083814064666399,True,1.3643393354204534,0.06838140646664215
bulk,7,14,14,gpr,False,2026-04-02,0.12317012348549383,True,1.3642276501881554,0.06317012348549156
bulk,7,14,14,gpr,False,2026-04-03,0.08052939658588798,True,1.364188423849015,0.06052939658589196
bulk,7,14,14,gpr,False,2026-04-04,0.03786533459981456,True,1.364160188770711,0.05786533459981058
bulk,7,14,14,gpr,False,2026-04-05,0.09517798583165415,True,1.3641429134103191,0.05517798583166211
bulk,7,14,14,gpr,False,2026-04-06,0.35246740409682786,True,1.3641365928289702,0.052467404096830705
bulk,7,14,14,gpr,False,2026-04-08,0.26697678442228323,True,1.3641569296061107,0.04697678442228437
bulk,7,14,14,gpr,False,2026-04-12,0.30428027602498275,True,1.3643318076922242,0.035719723975020656
bulk,7,14,14,linear,False,2026-03-12,0.5266666666666708,True,1.6595909934089548,0.026666666666670835
bulk,7,14,14,linear,False,2026-03-13,0.15333333333332178,True,1.6117080675047077,0.013333333333321207
bulk,7,14,14,linear,False,2026-03-14,0.21999999999999886,True,1.570690958168683,0.0
bulk,7,14,14,linear,False,2026-03-15,0.006666666666660603,True,1.5370894050260517,0.013333333333335418
bulk,7,14,14,linear,False,2026-03-17,0.04000000000000625,True,1.4940251103165565,0.04000000000000625
bulk,7,14,14,linear,False,2026-03-18,0.0866666666666589,True,1.48526242411873,0.05333333333334167
bulk,7,14,14,linear,False,2026-03-19,0.4866666666666646,True,1.48526242411873,0.06666666666666288
bulk,7,14,14,linear,False,2026-03-20,0.05999999999998806,True,1.4940251103165565,0.0799999999999983
bulk,7,14,14,linear,False,2026-03-22,0.693333333333328,True,1.5370894050260517,0.10666666666666913
bulk,7,14,14,linear,False,2026-03-23,0.12000000000000455,True,1.570690958168683,0.12000000000000455
bulk,7,14,14,linear,False,2026-03-24,0.5466666666666811,True,1.6117080675047077,0.13333333333332575
bulk,7,14,14,linear,False,2026-03-25,0.9733333333333292,False,1.6595909934089548,0.14666666666667538
bulk,7,14,14,kalman,False,2026-03-12,0.5016278177127305,True,1.256035661167516,0.0016278177127304616
bulk,7,14,14,kalman,False,2026-03-13,0.14150249542154825,True,1.2559771777704611,0.0015024954215476782
bulk,7,14,14,kalman,False,2026-03-14,0.21862282031919733,True,1.2559215773194978,0.0013771796808015324
bulk,7,14,14,kalman,False,2026-03-15,0.021251870157826147,True,1.2558688600466041,0.0012518701578301261
bulk,7,14,14,kalman,False,2026-03-17,0.001001268434961844,True,1.255772075913086,0.001001268434961844
bulk,7,14,14,kalman,False,2026-03-18,0.140875975569827,True,1.2557280094665089,0.0008759755698264371
bulk,7,14,14,kalman,False,2026-03-19,0.4192493124078851,True,1.2556868270260964,0.0007506875921166056
bulk,7,14,14,kalman,False,2026-03-20,0.020625404169209105,True,1.2556485287739179,0.0006254041691988732
bulk,7,14,14,kalman,False,2026-03-22,0.8003748496573735,False,1.2555805855122912,0.00037484965737633047
bulk,7,14,14,kalman,False,2026-03-23,0.24024957790328472,True,1.2555509408168462,0.0002495779032756218
bulk,7,14,14,kalman,False,2026-03-24,0.680124309373582,False,1.2555241809376412,0.00012430937357521543
bulk,7,14,14,kalman,False,2026-03-25,1.1199990437356604,False,1.25550030600661,9.562643441540786e-07
bulk,7,14,14,gpr,False,2026-03-12,0.46466421172473815,True,1.3753255213350428,0.03533578827526185
bulk,7,14,14,gpr,False,2026-03-13,0.11128694712319032,True,1.3759689233151278,0.028713052876810252
bulk,7,14,14,gpr,False,2026-03-14,0.24220213637798338,True,1.3765323528264446,0.022202136377984516
bulk,7,14,14,gpr,False,2026-03-15,0.004155962483935127,True,1.3770066593372974,0.015844037516060894
bulk,7,14,14,gpr,False,2026-03-17,0.0037354465957690763,True,1.3776595556720395,0.0037354465957690763
bulk,7,14,14,gpr,False,2026-03-18,0.14194851627269145,True,1.377828619679633,0.0019485162726908811
bulk,7,14,14,gpr,False,2026-03-19,0.41265306134593516,True,1.3778897333330633,0.007346938654066548
bulk,7,14,14,gpr,False,2026-03-20,0.03243529533295941,True,1.3778431882064694,0.012435295332949181
bulk,7,14,14,gpr,False,2026-03-22,0.821602105294474,False,1.3774383310201586,0.021602105294476814
bulk,7,14,14,gpr,False,2026-03-23,0.2656499898542819,True,1.3770903360420732,0.025649989854272803
bulk,7,14,14,gpr,False,2026-03-24,0.709326647755006,False,1.3766549921013507,0.029326647754999158
bulk,7,14,14,gpr,False,2026-03-25,1.152625967390449,False,1.3761413626268677,0.032625967390444544
manutenção semanal,0,3,4,linear,False,2026-02-19,0.6000000000000085,True,2.0092617097468235,0.9000000000000057
manutenção semanal,0,3,4,linear,False,2026-02-20,2.0999999999999943,False,2.0092617097468235,1.0
manutenção semanal,0,3,4,linear,False,2026-02-21,0.6000000000000085,True,2.112366906219677,0.6000000000000085
manutenção semanal,0,3,4,kalman,False,2026-02-19,0.0965782067025458,True,1.6646321590011723,0.39657820670254296
manutenção semanal,0,3,4,kalman,False,2026-02-20,1.4965948040944994,False,1.664461716587141,0.3965948040945051
manutenção semanal,0,3,4,kalman,False,2026-02-21,0.10338859852124926,True,1.6642953423105098,0.10338859852124926
manutenção semanal,0,3,4,gpr,False,2026-02-19,0.10517925553170926,True,1.7394491200634832,0.4051792555317064
manutenção semanal,0,3,4,gpr,False,2026-02-20,1.5057595087315576,False,1.7395092579933475,0.4057595087315633
manutenção semanal,0,3,4,gpr,False,2026-02-21,0.0946027478035063,True,1.739560733987588,0.0946027478035063
manutenção semanal,0,3,3,linear,False,2026-04-01,0.5750000000000028,True,2.364567035811689,0.2750000000000057
manutenção semanal,0,3,3,linear,False,2026-04-02,1.0499999999999972,True,2.271802523957348,0.75
manutenção semanal,0,3,3,kalman,False,2026-04-01,0.20537168253979132,True,1.8247470494534639,0.09462831746020584
manutenção semanal,0,3,3,kalman,False,2026-04-02,0.7052940253027771,True,1.8247491364159316,0.4052940253027799
manutenção semanal,0,3,3,gpr,False,2026-04-01,0.21625434874732719,True,1.7307764883912284,0.08374565125266997
manutenção semanal,0,3,3,gpr,False,2026-04-02,0.718829995448985,True,1.7307931445217832,0.4188299954489878
manutenção semanal,0,7,7,linear,False,2026-03-17,0.7375000000000114,True,2.2517437350710168,0.23750000000001137
manutenção semanal,0,7,7,linear,False,2026-03-18,0.024999999999991473,True,2.1507166986536106,0.07500000000000284
manutenção semanal,0,7,7,linear,False,2026-03-19,0.7124999999999915,True,2.087755205844047,0.4124999999999943
manutenção semanal,0,7,7,linear,False,2026-03-20,0.04999999999999716,True,2.066341765879031,0.25
manutenção semanal,0,7,7,linear,False,2026-03-21,0.1875,True,2.087755205844047,0.4124999999999943
manutenção semanal,0,7,7,linear,False,2026-03-22,0.4750000000000085,True,2.1507166986536106,0.5750000000000028
manutenção semanal,0,7,7,linear,False,2026-03-23,0.8375000000000057,True,2.2517437350710168,0.7375000000000114
manutenção semanal,0,7,7,kalman,False,2026-03-17,0.3945953032699663,True,1.7497789188695663,0.10540469673003372
manutenção semanal,0,7,7,kalman,False,2026-03-18,0.20528548026584303,True,1.7497127282737779,0.10528548026584872
manutenção semanal,0,7,7,kalman,False,2026-03-19,0.6948337361983477,True,1.749650803846265,0.3948337361983505
manutenção semanal,0,7,7,kalman,False,2026-03-20,0.19495295266253265,True,1.7495931460399845,0.3949529526625355
manutenção semanal,0,7,7,kalman,False,2026-03-21,0.4950721691267148,True,1.7495397552767997,0.1049278308732795
manutenção semanal,0,7,7,kalman,False,2026-03-22,0.004808614409085976,True,1.749490631947367,0.10480861440908029
manutenção semanal,0,7,7,kalman,False,2026-03-23,0.2046893979448896,True,1.7494457764111644,0.10468939794489529
manutenção semanal,0,7,7,gpr,False,2026-03-17,0.41531432276164537,True,1.7684120653696027,0.08468567723835463
manutenção semanal,0,7,7,gpr,False,2026-03-18,0.1886310798092694,True,1.768499270340925,0.08863107980927509
manutenção semanal,0,7,7,gpr,False,2026-03-19,0.7070954232075195,True,1.7685900174720075,0.40709542320752234
manutenção semanal,0,7,7,gpr,False,2026-03-20,0.20311404858003357,True,1.768675956531581,0.4031140485800364
manutenção semanal,0,7,7,gpr,False,2026-03-21,0.49976245360356586,True,1.7687542581992375,0.10023754639642846
manutenção semanal,0,7,7,gpr,False,2026-03-22,0.002828194943873541,True,1.7688252476989987,0.10282819494386786
manutenção semanal,0,7,7,gpr,False,2026-03-23,0.20461116057370532,True,1.7688954029187585,0.104611160573711
manutenção semanal,0,7,7,linear,False,2026-03-19,0.8749999999999858,True,2.473431601014653,0.5749999999999886
manutenção semanal,0,7,7,linear,False,2026-03-20,0.3499999999999943,True,2.3624582870714335,0.5499999999999972
manutenção semanal,0,7,7,linear,False,2026-03-21,0.625,True,2.293298131971767,0.025000000000005684
manutenção semanal,0,7,7,linear,False,2026-03-22,0.09999999999999432,True,2.2697765037016495,0.0
manutenção semanal,0,7,7,linear,False,2026-03-23,0.125,True,2.293298131971767,0.025000000000005684
manutenção semanal,0,7,7,linear,False,2026-03-24,0.8500000000000085,True,2.3624582870714335,0.04999999999999716
manutenção semanal,0,7,7,linear,False,2026-03-25,0.17499999999998295,True,2.473431601014653,0.07499999999998863
manutenção semanal,0,7,7,kalman,False,2026-03-19,0.7135771584383548,True,1.8277111496270209,0.41357715843835763
manutenção semanal,0,7,7,kalman,False,2026-03-20,0.21344633338020458,True,1.8276535911393523,0.4134463333802074
manutenção semanal,0,7,7,kalman,False,2026-03-21,0.5133155062097359,True,1.827600451784832,0.08668449379025844
manutenção semanal,0,7,7,kalman,False,2026-03-22,0.013184676986568888,True,1.8275517319009111,0.08681532301342543
manutenção semanal,0,7,7,kalman,False,2026-03-23,0.1869461542296449,True,1.8275074317973292,0.08694615422965057
manutenção semanal,0,7,7,kalman,False,2026-03-24,0.8129230126206721,True,1.827467551756314,0.08707698737933356
manutenção semanal,0,7,7,kalman,False,2026-03-25,0.18720782240283995,True,1.827432092032467,0.08720782240284564
manutenção semanal,0,7,7,gpr,False,2026-03-19,0.7295745328342491,True,1.9136118553276162,0.42957453283425195
manutenção semanal,0,7,7,gpr,False,2026-03-20,0.22738237055304467,True,1.9137071810984025,0.4273823705530475
manutenção semanal,0,7,7,gpr,False,2026-03-21,0.5258462291984358,True,1.9138059007608774,0.0741537708015585
manutenção semanal,0,7,7,gpr,False,2026-03-22,0.024775222579449974,True,1.913899766100542,0.07522477742054434
manutenção semanal,0,7,7,gpr,False,2026-03-23,0.17608855480790453,True,1.9139862245939128,0.07608855480791021
manutenção semanal,0,7,7,gpr,False,2026-03-24,0.8230958192179543,True,1.9140664853130147,0.07690418078205141
manutenção semanal,0,7,7,gpr,False,2026-03-25,0.1776600493543441,True,1.9141492682070975,0.07766004935434978
manutenção semanal,0,14,15,linear,False,2026-04-04,0.8624999999999972,True,2.5554011747315144,0.6624999999999943
manutenção semanal,0,14,15,linear,False,2026-04-05,0.4937500000000057,True,2.4929957235914912,0.59375
manutenção semanal,0,14,15,linear,False,2026-04-06,0.8250000000000028,True,2.4407502029003183,0.5250000000000057
manutenção semanal,0,14,15,linear,False,2026-04-08,0.4124999999999943,True,2.369298078849738,0.38750000000000284
manutenção semanal,0,14,15,linear,False,2026-04-09,0.018749999999997158,True,2.3510957753379387,0.18125000000000568
manutenção semanal,0,14,15,linear,False,2026-04-10,0.04999999999999716,True,2.344996943338913,0.25
manutenção semanal,0,14,15,linear,False,2026-04-11,0.5812500000000114,True,2.3510957753379387,0.18125000000000568
manutenção semanal,0,14,15,linear,False,2026-04-12,0.21249999999999147,True,2.369298078849738,0.11249999999999716
manutenção semanal,0,14,15,linear,False,2026-04-13,0.04375000000000284,True,2.39932840377395,0.04375000000000284
manutenção semanal,0,14,15,linear,False,2026-04-14,0.32500000000000284,True,2.4407502029003183,0.025000000000005684
manutenção semanal,0,14,15,linear,False,2026-04-15,0.10625000000000284,True,2.4929957235914912,0.09375
manutenção semanal,0,14,15,linear,False,2026-04-16,0.5625,True,2.5554011747315144,0.6624999999999943
manutenção semanal,0,14,15,linear,False,2026-04-17,0.23125000000000284,True,2.627242663112611,0.7312500000000028
manutenção semanal,0,14,15,kalman,False,2026-04-04,0.30322758510163794,True,1.8728121354848781,0.1032275851016351
manutenção semanal,0,14,15,kalman,False,2026-04-05,0.0033121987121091934,True,1.8728320394902198,0.10331219871210351
manutenção semanal,0,14,15,kalman,False,2026-04-06,0.4033968113879638,True,1.8728564819680003,0.10339681138796664
manutenção semanal,0,14,15,kalman,False,2026-04-08,0.6964339657783825,True,1.8729189816181133,0.1035660342216147
manutenção semanal,0,14,15,kalman,False,2026-04-09,0.1963493554777358,True,1.8729570383569296,0.39634935547773864
manutenção semanal,0,14,15,kalman,False,2026-04-10,0.1962647458259852,True,1.8729996327011236,0.39626474582598803
manutenção semanal,0,14,15,kalman,False,2026-04-11,0.5038198632483102,True,1.8730467643617885,0.1038198632483045
manutenção semanal,0,14,15,kalman,False,2026-04-12,0.20390447181657123,True,1.8730984330212266,0.10390447181657692
manutenção semanal,0,14,15,kalman,False,2026-04-13,0.10398907995023876,True,1.8731546383328066,0.10398907995023876
manutenção semanal,0,14,15,kalman,False,2026-04-14,0.19592631227926915,True,1.873215379921163,0.104073687720728
manutenção semanal,0,14,15,kalman,False,2026-04-15,0.30415829519948545,True,1.8732806573821392,0.10415829519948261
manutenção semanal,0,14,15,kalman,False,2026-04-16,0.29575709754207935,True,1.8733504702827304,0.39575709754207367
manutenção semanal,0,14,15,kalman,False,2026-04-17,0.10432750956748293,True,1.8734248181612259,0.39567249043251707
manutenção semanal,0,14,15,gpr,False,2026-04-04,0.31120745359872615,True,1.9191343556562686,0.1112074535987233
manutenção semanal,0,14,15,gpr,False,2026-04-05,0.009019029636306186,True,1.919226075249469,0.1090190296363005
manutenção semanal,0,14,15,gpr,False,2026-04-06,0.40680108108796276,True,1.919320070960822,0.1068010810879656
manutenção semanal,0,14,15,gpr,False,2026-04-08,0.6969450149382652,True,1.9195381869004962,0.10305498506173194
manutenção semanal,0,14,15,gpr,False,2026-04-09,0.19838653337511403,True,1.9196755784685706,0.39838653337511687
manutenção semanal,0,14,15,gpr,False,2026-04-10,0.19963031522735264,True,1.9198360781896895,0.3996303152273555
manutenção semanal,0,14,15,gpr,False,2026-04-11,0.49923033318670207,True,1.9200198511462645,0.09923033318669638
manutenção semanal,0,14,15,gpr,False,2026-04-12,0.1981391155028689,True,1.9202253450137903,0.09813911550287457
manutenção semanal,0,14,15,gpr,False,2026-04-13,0.09711105174733348,True,1.9204489655560337,0.09711105174733348
manutenção semanal,0,14,15,gpr,False,2026-04-14,0.20374649737743766,True,1.9206847492239945,0.0962535026225595
manutenção semanal,0,14,15,gpr,False,2026-04-15,0.2957512608351749,True,1.9209257052841622,0.09575126083517205
manutenção semanal,0,14,15,gpr,False,2026-04-16,0.3042156513615879,True,1.9211678889367079,0.4042156513615822
manutenção semanal,0,14,15,gpr,False,2026-04-17,0.0963803575096307,True,1.9214153326597625,0.4036196424903693
manutenção semanal,0,14,14,linear,False,2026-04-01,0.5933333333333337,True,2.6073173188405008,0.29333333333333655
manutenção semanal,0,14,14,linear,False,2026-04-02,1.086666666666659,True,2.532090360823304,0.7866666666666617
manutenção semanal,0,14,14,linear,False,2026-04-04,0.07333333333332348,True,2.4148599517875766,0.2733333333333263
manutenção semanal,0,14,14,linear,False,2026-04-05,0.36666666666666003,True,2.3744973328837204,0.2666666666666657
manutenção semanal,0,14,14,linear,False,2026-04-06,0.03999999999999204,True,2.3472033533451793,0.2600000000000051
manutenção semanal,0,14,14,linear,False,2026-04-08,1.0466666666666669,True,2.333436646021539,0.2466666666666697
manutenção semanal,0,14,14,linear,False,2026-04-09,0.539999999999992,True,2.3472033533451793,0.7399999999999949
manutenção semanal,0,14,14,linear,False,2026-04-10,0.5333333333333314,True,2.3744973328837204,0.7333333333333343
manutenção semanal,0,14,14,linear,False,2026-04-11,0.173333333333332,True,2.4148599517875766,0.22666666666667368
manutenção semanal,0,14,14,linear,False,2026-04-12,0.12000000000000455,True,2.467650013794838,0.21999999999999886
manutenção semanal,0,14,14,linear,False,2026-04-13,0.21333333333333826,True,2.532090360823304,0.21333333333333826
manutenção semanal,0,14,14,linear,False,2026-04-14,0.5066666666666606,True,2.6073173188405008,0.20666666666666345
manutenção semanal,0,14,14,kalman,False,2026-04-01,0.20427348005243573,True,1.8556005065164243,0.09572651994756143
manutenção semanal,0,14,14,kalman,False,2026-04-02,0.704195569033061,True,1.8556052737513369,0.40419556903306386
manutenção semanal,0,14,14,kalman,False,2026-04-04,0.2959602537874133,True,1.8556282784071243,0.09596025378741047
manutenção semanal,0,14,14,kalman,False,2026-04-05,0.0039618343595009264,True,1.855646515657412,0.09603816564049339
manutenção semanal,0,14,14,kalman,False,2026-04-06,0.3961160778235069,True,1.855669242691647,0.09611607782350973
manutenção semanal,0,14,14,kalman,False,2026-04-08,0.7037280967167021,True,1.8557281654373696,0.09627190328329505
manutenção semanal,0,14,14,kalman,False,2026-04-09,0.2036501833879072,True,1.8557643607356624,0.40365018338791003
manutenção semanal,0,14,14,kalman,False,2026-04-10,0.2035722696251696,True,1.8558050449916266,0.40357226962517245
manutenção semanal,0,14,14,kalman,False,2026-04-11,0.4965056445975051,True,1.8558502179229777,0.09650564459749944
manutenção semanal,0,14,14,kalman,False,2026-04-12,0.19658355930613425,True,1.8558998792170769,0.09658355930613993
manutenção semanal,0,14,14,kalman,False,2026-04-13,0.09666147452672647,True,1.8559540285310732,0.09666147452672647
manutenção semanal,0,14,14,kalman,False,2026-04-14,0.20326060971471804,True,1.8560126654918179,0.09673939028527911
manutenção semanal,0,14,14,gpr,False,2026-04-01,0.18924548647358108,True,1.775572160141195,0.11075451352641608
manutenção semanal,0,14,14,gpr,False,2026-04-02,0.689526196742591,True,1.7756366797637213,0.3895261967425938
manutenção semanal,0,14,14,gpr,False,2026-04-04,0.31110823690112,True,1.775788261023564,0.11110823690111715
manutenção semanal,0,14,14,gpr,False,2026-04-05,0.011590400580217874,True,1.7758792729147501,0.11159040058021219
manutenção semanal,0,14,14,gpr,False,2026-04-06,0.4119841651269667,True,1.7759867035756542,0.11198416512696951
manutenção semanal,0,14,14,gpr,False,2026-04-08,0.6876495364354298,True,1.7762620765130919,0.11235046356456735
manutenção semanal,0,14,14,gpr,False,2026-04-09,0.18767389599101136,True,1.7764296664585402,0.3876738959910142
manutenção semanal,0,14,14,gpr,False,2026-04-10,0.1878270931131567,True,1.776612492696671,0.38782709311315955
manutenção semanal,0,14,14,gpr,False,2026-04-11,0.5119080858523688,True,1.7768028390927384,0.11190808585236312
manutenção semanal,0,14,14,gpr,False,2026-04-12,0.21158543288613885,True,1.7769907701157877,0.11158543288614453
manutenção semanal,0,14,14,gpr,False,2026-04-13,0.11132175437602143,True,1.777169543584705,0.11132175437602143
manutenção semanal,0,14,14,gpr,False,2026-04-14,0.18869566971100937,True,1.7773436621436076,0.11130433028898779
manutenção semanal,1,3,4,linear,False,2026-03-24,0.1599999999999966,True,2.0939332735945584,0.060000000000002274
manutenção semanal,1,3,4,linear,False,2026-03-25,0.0799999999999983,True,1.9917278276848833,0.01999999999999602
manutenção semanal,1,3,4,linear,False,2026-03-26,0.480000000000004,True,1.9917278276848833,0.480000000000004
manutenção semanal,1,3,4,kalman,False,2026-03-24,0.000988147403930384,True,1.5391728679697962,0.1009881474039247
manutenção semanal,1,3,4,kalman,False,2026-03-25,0.20037541438719586,True,1.5391456597077706,0.10037541438720154
manutenção semanal,1,3,4,kalman,False,2026-03-26,0.40023731854500966,True,1.5391220725108496,0.40023731854500966
manutenção semanal,1,3,4,gpr,False,2026-03-24,0.04019667941830107,True,1.4408970339355847,0.05980332058169324
manutenção semanal,1,3,4,gpr,False,2026-03-25,0.16013578264438877,True,1.440900376050621,0.06013578264439445
manutenção semanal,1,3,4,gpr,False,2026-03-26,0.4395296400604707,True,1.4409190247192782,0.4395296400604707
manutenção semanal,1,3,3,linear,False,2026-04-24,0.7999999999999972,True,2.037884738199125,0.5
manutenção semanal,1,3,3,linear,False,2026-04-25,0.19999999999998863,True,1.9579363247723336,0.19999999999998863
manutenção semanal,1,3,3,kalman,False,2026-04-24,0.7217245177078979,True,1.523935136512904,0.42172451770790076
manutenção semanal,1,3,3,kalman,False,2026-04-25,0.07762538127880703,True,1.5240210382177395,0.07762538127880703
manutenção semanal,1,3,3,gpr,False,2026-04-24,0.7209231735139667,True,1.4598871520539376,0.4209231735139696
manutenção semanal,1,3,3,gpr,False,2026-04-25,0.07985199052326664,True,1.4598908260603878,0.07985199052326664
manutenção semanal,1,7,8,linear,False,2026-02-07,0.1666666666666572,True,2.0777431279510665,0.06666666666666288
manutenção semanal,1,7,8,linear,False,2026-02-08,0.20000000000000284,True,2.0147665316474104,0.0
manutenção semanal,1,7,8,linear,False,2026-02-10,0.06666666666666288,True,1.982528187112564,0.13333333333333997
manutenção semanal,1,7,8,linear,False,2026-02-11,0.10000000000000853,True,2.0147665316474104,0.20000000000000284
manutenção semanal,1,7,8,linear,False,2026-02-12,0.5666666666666629,True,2.0777431279510665,0.7666666666666657
manutenção semanal,1,7,8,linear,False,2026-02-13,0.8333333333333428,True,2.168781915914991,0.8333333333333428
manutenção semanal,1,7,8,kalman,False,2026-02-07,0.23249401133139713,True,1.546265683072022,0.13249401133140282
manutenção semanal,1,7,8,kalman,False,2026-02-08,0.06814683061548976,True,1.5460619314264932,0.13185316938451308
manutenção semanal,1,7,8,kalman,False,2026-02-10,0.33057148559798577,True,1.545665594493471,0.13057148559798293
manutenção semanal,1,7,8,kalman,False,2026-02-11,0.2299306437607811,True,1.5454730120667648,0.12993064376078678
manutenção semanal,1,7,8,kalman,False,2026-02-12,0.17071019803738352,True,1.5452841555301404,0.37071019803738636
manutenção semanal,1,7,8,kalman,False,2026-02-13,0.3713510397953286,True,1.5450990262484652,0.3713510397953286
manutenção semanal,1,7,8,gpr,False,2026-02-07,0.21318884059940046,True,1.66673584673498,0.11318884059940615
manutenção semanal,1,7,8,gpr,False,2026-02-08,0.08973314323755233,True,1.6668300548696209,0.11026685676245052
manutenção semanal,1,7,8,gpr,False,2026-02-10,0.3030621332470105,True,1.6670289962134461,0.10306213324700764
manutenção semanal,1,7,8,gpr,False,2026-02-11,0.19896544055833942,True,1.6671315639882494,0.09896544055834511
manutenção semanal,1,7,8,gpr,False,2026-02-12,0.20516827097740986,True,1.6672341049217039,0.4051682709774127
manutenção semanal,1,7,8,gpr,False,2026-02-13,0.40892187722880635,True,1.6673416266036725,0.40892187722880635
manutenção semanal,1,7,7,linear,False,2026-04-12,0.38750000000000284,True,2.16704249958687,0.11249999999999716
manutenção semanal,1,7,7,linear,False,2026-04-13,0.22499999999999432,True,2.0698156801606444,0.22499999999999432
manutenção semanal,1,7,7,linear,False,2026-04-14,0.3375000000000057,True,2.00922253688654,0.3375000000000057
manutenção semanal,1,7,7,linear,False,2026-04-15,0.75,True,1.9886145814856775,0.45000000000000284
manutenção semanal,1,7,7,linear,False,2026-04-16,0.7625000000000028,True,2.00922253688654,1.0625
manutenção semanal,1,7,7,linear,False,2026-04-17,0.9750000000000085,True,2.0698156801606444,1.1750000000000114
manutenção semanal,1,7,7,linear,False,2026-04-18,0.8875000000000028,True,2.16704249958687,0.7875000000000085
manutenção semanal,1,7,7,kalman,False,2026-04-12,0.5920989158875329,True,1.550925221034504,0.09209891588753294
manutenção semanal,1,7,7,kalman,False,2026-04-13,0.09148544786800983,True,1.5509701777170903,0.09148544786800983
manutenção semanal,1,7,7,kalman,False,2026-04-14,0.09087197984851514,True,1.551018792340784,0.09087197984851514
manutenção semanal,1,7,7,kalman,False,2026-04-15,0.20974148817093408,True,1.5510710645616257,0.09025851182906308
manutenção semanal,1,7,7,kalman,False,2026-04-16,0.1103549561903776,True,1.5511269940099055,0.41035495619037476
manutenção semanal,1,7,7,kalman,False,2026-04-17,0.21096842420978135,True,1.551186580289965,0.4109684242097842
manutenção semanal,1,7,7,kalman,False,2026-04-18,0.011581892229159507,True,1.5512498229804237,0.08841810777083481
manutenção semanal,1,7,7,gpr,False,2026-04-12,0.5940354484121713,True,1.513345004461769,0.09403544841217126
manutenção semanal,1,7,7,gpr,False,2026-04-13,0.09515834012030666,True,1.5133467736743569,0.09515834012030666
manutenção semanal,1,7,7,gpr,False,2026-04-14,0.09628653420399758,True,1.5133624036350568,0.09628653420399758
manutenção semanal,1,7,7,gpr,False,2026-04-15,0.20257995302699783,True,1.5133918807080988,0.09742004697299933
manutenção semanal,1,7,7,gpr,False,2026-04-16,0.10144112023753848,True,1.5134352416708055,0.40144112023753564
manutenção semanal,1,7,7,gpr,False,2026-04-17,0.20029698116181294,True,1.5134925736686,0.4002969811618158
manutenção semanal,1,7,7,gpr,False,2026-04-18,0.00085243535158952,True,1.5135640139794475,0.10085243535158384
manutenção semanal,1,14,15,linear,False,2026-05-16,0.8687499999999915,True,2.194853748019682,0.5687499999999943
manutenção semanal,1,14,15,linear,False,2026-05-17,0.3374999999999915,True,2.1348358584465075,0.5374999999999943
manutenção semanal,1,14,15,linear,False,2026-05-18,0.09375,True,2.0827010327394646,0.5062499999999943
manutenção semanal,1,14,15,linear,False,2026-05-19,0.5749999999999886,True,2.0390540265011907,0.4749999999999943
manutenção semanal,1,14,15,linear,False,2026-05-20,0.6437499999999972,True,2.004449384783584,0.4437499999999943
manutenção semanal,1,14,15,linear,False,2026-05-22,0.01875000000001137,True,1.964154833090305,0.11875000000000568
manutenção semanal,1,14,15,linear,False,2026-05-23,0.5499999999999972,True,1.9590597406347854,0.3499999999999943
manutenção semanal,1,14,15,linear,False,2026-05-25,0.48749999999999716,True,1.9793614200745822,0.2874999999999943
manutenção semanal,1,14,15,linear,False,2026-05-26,0.2562499999999943,True,2.004449384783584,0.2562499999999943
manutenção semanal,1,14,15,linear,False,2026-05-27,0.32499999999998863,True,2.0390540265011907,0.22499999999999432
manutenção semanal,1,14,15,linear,False,2026-05-28,0.8062500000000057,True,2.0827010327394646,0.3062500000000057
manutenção semanal,1,14,15,linear,False,2026-05-29,0.3375000000000057,True,2.1348358584465075,0.3375000000000057
manutenção semanal,1,14,15,kalman,False,2026-05-16,0.35741071403322167,True,1.5267477244729548,0.05741071403322451
manutenção semanal,1,14,15,kalman,False,2026-05-17,0.14333859610761124,True,1.5269418522686635,0.056661403892391604
manutenção semanal,1,14,15,kalman,False,2026-05-18,0.5440879062573316,True,1.5271398431585226,0.055912093742662705
manutenção semanal,1,14,15,kalman,False,2026-05-19,0.15516278358418845,True,1.5273416956415247,0.05516278358419413
manutenção semanal,1,14,15,kalman,False,2026-05-20,0.25441347341713083,True,1.5275474081880418,0.05441347341712799
manutenção semanal,1,14,15,kalman,False,2026-05-22,0.3470851469423337,True,1.5279704072115123,0.44708514694232804
manutenção semanal,1,14,15,kalman,False,2026-05-23,0.25216554286556914,True,1.5281876904875276,0.052165542865566294
manutenção semanal,1,14,15,kalman,False,2026-05-25,0.2506669224572704,True,1.5286338163537891,0.05066692245726756
manutenção semanal,1,14,15,kalman,False,2026-05-26,0.0499176122413445,True,1.5288626555738745,0.0499176122413445
manutenção semanal,1,14,15,kalman,False,2026-05-27,0.1491683020177561,True,1.5290953433583638,0.04916830201776179
manutenção semanal,1,14,15,kalman,False,2026-05-28,0.9515810082133669,False,1.5293318779520746,0.4515810082133669
manutenção semanal,1,14,15,kalman,False,2026-05-29,0.4523303184518994,True,1.5295722575718855,0.4523303184518994
manutenção semanal,1,14,15,gpr,False,2026-05-16,0.3847903140021742,True,1.4066608074105602,0.08479031400217707
manutenção semanal,1,14,15,gpr,False,2026-05-17,0.11630319295431946,True,1.4067012765809181,0.08369680704568339
manutenção semanal,1,14,15,gpr,False,2026-05-18,0.5174372103299163,True,1.4067569043208152,0.08256278967007802
manutenção semanal,1,14,15,gpr,False,2026-05-19,0.18138873630933006,True,1.4068272906268078,0.08138873630933574
manutenção semanal,1,14,15,gpr,False,2026-05-20,0.28017544464425725,True,1.4069121177121815,0.08017544464425441
manutenção semanal,1,14,15,gpr,False,2026-05-22,0.3223640685546485,True,1.4071243093702321,0.4223640685546428
manutenção semanal,1,14,15,gpr,False,2026-05-23,0.27631287574052976,True,1.4072515596496373,0.07631287574052692
manutenção semanal,1,14,15,gpr,False,2026-05-25,0.2735702644505409,True,1.4075490228559033,0.07357026445053805
manutenção semanal,1,14,15,gpr,False,2026-05-26,0.0721555463925938,True,1.4077199058841359,0.0721555463925938
manutenção semanal,1,14,15,gpr,False,2026-05-27,0.1707155022829454,True,1.4079062424284814,0.07071550228295109
manutenção semanal,1,14,15,gpr,False,2026-05-28,0.9307469038462273,False,1.408108729832236,0.43074690384622727
manutenção semanal,1,14,15,gpr,False,2026-05-29,0.4322285424968584,True,1.4083282115159932,0.4322285424968584
manutenção semanal,1,14,14,linear,False,2026-03-07,1.0400000000000063,True,2.12069024973556,0.3400000000000034
manutenção semanal,1,14,14,linear,False,2026-03-08,0.18000000000000682,True,2.059503575128872,0.28000000000000114
manutenção semanal,1,14,14,linear,False,2026-03-09,0.12000000000000455,True,2.0070903093382526,0.21999999999999886
manutenção semanal,1,14,14,linear,False,2026-03-10,0.6600000000000108,True,1.964152931147737,0.1600000000000108
manutenção semanal,1,14,14,linear,False,2026-03-11,0.19999999999998863,True,1.9313235506405704,0.10000000000000853
manutenção semanal,1,14,14,linear,False,2026-03-12,0.2599999999999909,True,1.9091236918563368,0.45999999999999375
manutenção semanal,1,14,14,linear,False,2026-03-13,0.11999999999999034,True,1.8979263888732305,0.519999999999996
manutenção semanal,1,14,14,linear,False,2026-03-14,0.0799999999999983,True,1.8979263888732305,0.0799999999999983
manutenção semanal,1,14,14,linear,False,2026-03-15,0.04000000000000625,True,1.9091236918563368,0.14000000000000057
manutenção semanal,1,14,14,linear,False,2026-03-16,0.29999999999999716,True,1.9313235506405704,0.20000000000000284
manutenção semanal,1,14,14,linear,False,2026-03-18,0.28000000000000114,True,2.0070903093382526,0.3199999999999932
manutenção semanal,1,14,14,linear,False,2026-03-19,1.4799999999999898,False,2.059503575128872,0.8799999999999955
manutenção semanal,1,14,14,linear,False,2026-03-20,0.7399999999999949,True,2.12069024973556,0.9399999999999977
manutenção semanal,1,14,14,kalman,False,2026-03-07,0.8209458084783137,False,1.495651587997088,0.12094580847831082
manutenção semanal,1,14,14,kalman,False,2026-03-08,0.020262842440445183,True,1.4955589163271839,0.1202628424404395
manutenção semanal,1,14,14,kalman,False,2026-03-09,0.01957987645315029,True,1.4954697935032755,0.1195798764531446
manutenção semanal,1,14,14,kalman,False,2026-03-10,0.6188969105166535,True,1.4953842201587406,0.11889691051665352
manutenção semanal,1,14,14,kalman,False,2026-03-11,0.18178605536881776,True,1.4953021969018039,0.1182139446311794
manutenção semanal,1,14,14,kalman,False,2026-03-12,0.1824690212030049,True,1.4952237243157356,0.38246902120300774
manutenção semanal,1,14,14,kalman,False,2026-03-13,0.016848013014296725,True,1.495148802958596,0.38315198698570896
manutenção semanal,1,14,14,kalman,False,2026-03-14,0.11616504728333155,True,1.4950774333633206,0.11616504728333155
manutenção semanal,1,14,14,kalman,False,2026-03-15,0.21548208160433546,True,1.4950096160377768,0.11548208160434115
manutenção semanal,1,14,14,kalman,False,2026-03-16,0.014799115977552901,True,1.4949453514645654,0.11479911597754722
manutenção semanal,1,14,14,kalman,False,2026-03-18,0.7134331848815094,True,1.494827482379776,0.1134331848815151
manutenção semanal,1,14,14,kalman,False,2026-03-19,0.9872497805872484,False,1.4947738787074911,0.3872497805872541
manutenção semanal,1,14,14,kalman,False,2026-03-20,0.1879327460028719,True,1.4947238294661247,0.38793274600287475
manutenção semanal,1,14,14,gpr,False,2026-03-07,0.8072837311268017,False,1.4335233240171874,0.1072837311267989
manutenção semanal,1,14,14,gpr,False,2026-03-08,0.005624064545528995,True,1.433582675759709,0.10562406454552331
manutenção semanal,1,14,14,gpr,False,2026-03-09,0.0036771166474522943,True,1.4336480049915679,0.10367711664744661
manutenção semanal,1,14,14,gpr,False,2026-03-10,0.6017976277065742,True,1.4337145668048379,0.10179762770657419
manutenção semanal,1,14,14,gpr,False,2026-03-11,0.1998113967413815,True,1.4337856494619814,0.10018860325861567
manutenção semanal,1,14,14,gpr,False,2026-03-12,0.20111555528424674,True,1.4338668077759849,0.4011155552842496
manutenção semanal,1,14,14,gpr,False,2026-03-13,0.0022009679998404863,True,1.4339619216460164,0.40220096799984617
manutenção semanal,1,14,14,gpr,False,2026-03-14,0.09678794260626944,True,1.4340723313966919,0.09678794260626944
manutenção semanal,1,14,14,gpr,False,2026-03-15,0.19569686624440408,True,1.4341971212031126,0.09569686624440976
manutenção semanal,1,14,14,gpr,False,2026-03-16,0.0056006129709658126,True,1.4343329676378005,0.0943993870290285
manutenção semanal,1,14,14,gpr,False,2026-03-18,0.6910685453348577,True,1.4346109356839634,0.09106854533486342
manutenção semanal,1,14,14,gpr,False,2026-03-19,1.010722086645515,False,1.434738534311549,0.4107220866455208
manutenção semanal,1,14,14,gpr,False,2026-03-20,0.21225126834156072,True,1.4348582101574152,0.41225126834156356
manutenção semanal,2,3,4,linear,False,2026-05-19,0.8199999999999932,True,2.547446484089619,0.7199999999999989
manutenção semanal,2,3,4,linear,False,2026-05-20,0.14000000000000057,True,2.423104936476477,0.5400000000000063
manutenção semanal,2,3,4,kalman,False,2026-05-19,0.19202416638933073,True,1.9215449690138655,0.09202416638933641
manutenção semanal,2,3,4,kalman,False,2026-05-20,0.30778441836802983,True,1.9217579331954653,0.09221558163197585
manutenção semanal,2,3,4,gpr,False,2026-05-19,0.1947954927108384,True,1.9497198679590326,0.09479549271084409
manutenção semanal,2,3,4,gpr,False,2026-05-20,0.3028969997300237,True,1.9497850999611614,0.09710300026998198
manutenção semanal,2,3,3,linear,False,2026-04-15,0.5499999999999972,True,2.504859959281646,0.04999999999999716
manutenção semanal,2,3,3,linear,False,2026-04-16,0.5,True,2.406591604920351,0.5999999999999943
manutenção semanal,2,3,3,kalman,False,2026-04-15,0.5883769548466518,True,1.9084463490786163,0.08837695484665176
manutenção semanal,2,3,3,kalman,False,2026-04-16,0.3114106544408628,True,1.908508409168718,0.4114106544408571
manutenção semanal,2,3,3,gpr,False,2026-04-15,0.5580169519286358,True,1.8775866400239352,0.05801695192863576
manutenção semanal,2,3,3,gpr,False,2026-04-16,0.3423036556390002,True,1.8776275676252965,0.44230365563899454
manutenção semanal,2,7,7,linear,False,2026-02-03,0.32500000000000284,True,2.6827180926263736,0.42499999999999716
manutenção semanal,2,7,7,linear,False,2026-02-04,0.9499999999999886,True,2.562354902881367,0.3499999999999943
manutenção semanal,2,7,7,linear,False,2026-02-05,0.4750000000000085,True,2.487342842997208,0.22499999999999432
manutenção semanal,2,7,7,linear,False,2026-02-06,0.20000000000000284,True,2.461830959950845,0.29999999999999716
manutenção semanal,2,7,7,linear,False,2026-02-07,0.375,True,2.487342842997208,0.125
manutenção semanal,2,7,7,linear,False,2026-02-08,0.05000000000001137,True,2.562354902881367,0.05000000000001137
manutenção semanal,2,7,7,linear,False,2026-02-09,0.024999999999991473,True,2.6827180926263736,0.024999999999991473
manutenção semanal,2,7,7,kalman,False,2026-02-03,0.02320080567770333,True,1.938503123152259,0.07679919432229099
manutenção semanal,2,7,7,kalman,False,2026-02-04,0.6769576281702996,True,1.9382323436800277,0.07695762817030527
manutenção semanal,2,7,7,kalman,False,2026-02-05,0.2771160641484016,True,1.9379660925010853,0.4228839358516012
manutenção semanal,2,7,7,kalman,False,2026-02-06,0.322725497603642,True,1.9377043712460136,0.4227254976036363
manutenção semanal,2,7,7,kalman,False,2026-02-07,0.4225670569459652,True,1.937447181518678,0.07743294305403481
manutenção semanal,2,7,7,kalman,False,2026-02-08,0.07759138626123274,True,1.9371945248962277,0.07759138626123274
manutenção semanal,2,7,7,kalman,False,2026-02-09,0.0777498321577923,True,1.93694640292901,0.0777498321577923
manutenção semanal,2,7,7,gpr,False,2026-02-03,0.013382973989848779,True,1.9661091825944652,0.08661702601014554
manutenção semanal,2,7,7,gpr,False,2026-02-04,0.6855535601001179,True,1.9660974009938172,0.0855535601001236
manutenção semanal,2,7,7,gpr,False,2026-02-05,0.2844864257143769,True,1.9661140104923618,0.41551357428562596
manutenção semanal,2,7,7,gpr,False,2026-02-06,0.31658462763898854,True,1.9661586501537442,0.41658462763898285
manutenção semanal,2,7,7,gpr,False,2026-02-07,0.4176598616497813,True,1.9662310498285365,0.0823401383502187
manutenção semanal,2,7,7,gpr,False,2026-02-08,0.08126045221543166,True,1.9663310323204541,0.08126045221543166
manutenção semanal,2,7,7,gpr,False,2026-02-09,0.08017603442277732,True,1.9664585150730431,0.08017603442277732
manutenção semanal,2,7,7,linear,False,2026-02-28,0.45000000000000284,True,2.6366879879540477,0.04999999999999716
manutenção semanal,2,7,7,linear,False,2026-03-01,0.20000000000000284,True,2.5183899910587684,0.0
manutenção semanal,2,7,7,linear,False,2026-03-02,0.25,True,2.4446649888708976,0.04999999999999716
manutenção semanal,2,7,7,linear,False,2026-03-03,0.9000000000000057,True,2.4195908389766885,0.09999999999999432
manutenção semanal,2,7,7,linear,False,2026-03-04,0.5499999999999972,True,2.4446649888708976,0.15000000000000568
manutenção semanal,2,7,7,kalman,False,2026-02-28,0.33491228610843393,True,1.9003935903468516,0.06508771389157175
manutenção semanal,2,7,7,kalman,False,2026-03-01,0.2653781392236283,True,1.900252683424526,0.06537813922362545
manutenção semanal,2,7,7,kalman,False,2026-03-02,0.2656686744970358,True,1.90011608735918,0.06566867449703295
manutenção semanal,2,7,7,kalman,False,2026-03-03,0.934040678002745,True,1.899983800518953,0.06595932199725496
manutenção semanal,2,7,7,kalman,False,2026-03-04,0.6337499159902222,True,1.8998558213386048,0.06625008400978061
manutenção semanal,2,7,7,gpr,False,2026-02-28,0.36621447905356774,True,1.8714021475362301,0.03378552094643794
manutenção semanal,2,7,7,gpr,False,2026-03-01,0.23193510899646697,True,1.8714254502534118,0.03193510899646412
manutenção semanal,2,7,7,gpr,False,2026-03-02,0.2300864148667472,True,1.8714656788822879,0.03008641486674435
manutenção semanal,2,7,7,gpr,False,2026-03-03,0.971761501539163,False,1.871522845014141,0.028238498460837036
manutenção semanal,2,7,7,gpr,False,2026-03-04,0.6736095956318024,True,1.8715970257266292,0.026390404368200393
manutenção semanal,2,14,15,linear,False,2026-03-17,0.16250000000000853,True,2.742622955979755,0.16250000000000853
manutenção semanal,2,14,15,linear,False,2026-03-18,0.025000000000005684,True,2.6676264137904013,0.125
manutenção semanal,2,14,15,linear,False,2026-03-19,0.7124999999999915,True,2.6024803101289535,0.4124999999999943
manutenção semanal,2,14,15,linear,False,2026-03-20,0.15000000000000568,True,2.5479403293321354,0.45000000000000284
manutenção semanal,2,14,15,linear,False,2026-03-21,0.4125000000000085,True,2.504699414148689,0.012500000000002842
manutenção semanal,2,14,15,linear,False,2026-03-23,0.5374999999999943,True,2.454348559302616,0.0625
manutenção semanal,2,14,15,linear,False,2026-03-24,0.0,True,2.447981885648886,0.09999999999999432
manutenção semanal,2,14,15,linear,False,2026-03-25,0.4375,True,2.454348559302616,0.13750000000000284
manutenção semanal,2,14,15,linear,False,2026-03-27,0.6125000000000114,True,2.504699414148689,0.7125000000000057
manutenção semanal,2,14,15,linear,False,2026-03-29,0.48750000000001137,True,2.6024803101289535,0.2875000000000085
manutenção semanal,2,14,15,kalman,False,2026-03-17,0.07993445301039515,True,1.9344816358765797,0.07993445301039515
manutenção semanal,2,14,15,kalman,False,2026-03-18,0.019860050021378584,True,1.9344139847214308,0.08013994997861573
manutenção semanal,2,14,15,kalman,False,2026-03-19,0.7196545530531608,True,1.934350703906233,0.4196545530531637
manutenção semanal,2,14,15,kalman,False,2026-03-20,0.11944905608496015,True,1.9342917938598703,0.4194490560849573
manutenção semanal,2,14,15,kalman,False,2026-03-21,0.48075644088326897,True,1.9342372549817242,0.08075644088326328
manutenção semanal,2,14,15,kalman,False,2026-03-23,0.6811674348196846,True,1.934141292179504,0.08116743481969024
manutenção semanal,2,14,15,kalman,False,2026-03-24,0.18137293178790515,True,1.9340998689061166,0.08137293178791083
manutenção semanal,2,14,15,kalman,False,2026-03-25,0.21842157124387995,True,1.934062818102376,0.0815784287561172
manutenção semanal,2,14,15,kalman,False,2026-03-27,0.3180105773074473,True,1.9340018348792398,0.4180105773074416
manutenção semanal,2,14,15,kalman,False,2026-03-29,0.1175995833710175,True,1.9339583441647221,0.08240041662898534
manutenção semanal,2,14,15,gpr,False,2026-03-17,0.02135331638635307,True,1.9343124893591153,0.02135331638635307
manutenção semanal,2,14,15,gpr,False,2026-03-18,0.07818703214363154,True,1.9344064439019917,0.021812967856362775
manutenção semanal,2,14,15,gpr,False,2026-03-19,0.7779066174092577,True,1.9344996451531244,0.47790661740926055
manutenção semanal,2,14,15,gpr,False,2026-03-20,0.17795940683990352,True,1.9345904313276208,0.4779594068399007
manutenção semanal,2,14,15,gpr,False,2026-03-21,0.42163486259958916,True,1.9346857453253108,0.02163486259958347
manutenção semanal,2,14,15,gpr,False,2026-03-23,0.6200647325841402,True,1.9349212113809529,0.020064732584145872
manutenção semanal,2,14,15,gpr,False,2026-03-24,0.11906317579449421,True,1.9350694574500267,0.019063175794499898
manutenção semanal,2,14,15,gpr,False,2026-03-25,0.28202501850120143,True,1.935238835121055,0.017974981498795728
manutenção semanal,2,14,15,gpr,False,2026-03-27,0.3844152686166069,True,1.9356302024608851,0.4844152686166012
manutenção semanal,2,14,15,gpr,False,2026-03-29,0.18681191664015273,True,1.9360444212722996,0.013188083359850111
manutenção semanal,2,14,14,linear,False,2026-04-01,0.46000000000000796,True,2.5747941372367222,0.060000000000002274
manutenção semanal,2,14,14,linear,False,2026-04-02,0.28666666666666174,True,2.519711957267617,0.4866666666666646
manutenção semanal,2,14,14,linear,False,2026-04-03,0.23333333333333428,True,2.477596813735829,0.5333333333333314
manutenção semanal,2,14,14,linear,False,2026-04-05,0.27333333333334053,True,2.4347532924857944,0.12666666666666515
manutenção semanal,2,14,14,linear,False,2026-04-06,0.8733333333333348,True,2.4347532924857944,0.173333333333332
manutenção semanal,2,14,14,linear,False,2026-04-07,0.519999999999996,True,2.449117743322745,0.21999999999999886
manutenção semanal,2,14,14,linear,False,2026-04-10,0.5600000000000023,True,2.5747941372367222,0.8599999999999994
manutenção semanal,2,14,14,linear,False,2026-04-11,0.10666666666666913,True,2.642032451747639,0.4066666666666663
manutenção semanal,2,14,14,linear,False,2026-04-12,0.45333333333333314,True,2.7205257264754152,0.45333333333333314
manutenção semanal,2,14,14,kalman,False,2026-04-01,0.4847306355690222,True,1.9356340952270443,0.0847306355690165
manutenção semanal,2,14,14,kalman,False,2026-04-02,0.21506294902327738,True,1.9356364620122406,0.4150629490232802
manutenção semanal,2,14,14,kalman,False,2026-04-03,0.11485653356486125,True,1.9356431982061224,0.4148565335648584
manutenção semanal,2,14,14,kalman,False,2026-04-05,0.48555629750586604,True,1.9356697786080588,0.08555629750586036
manutenção semanal,2,14,14,kalman,False,2026-04-06,0.6142372868809787,True,1.9356896226363176,0.08576271311902417
manutenção semanal,2,14,14,kalman,False,2026-04-07,0.2140308712153427,True,1.9357138357136137,0.08596912878465446
manutenção semanal,2,14,14,kalman,False,2026-04-10,0.11341162389940962,True,1.9358126874550123,0.4134116238994068
manutenção semanal,2,14,14,kalman,False,2026-04-11,0.38679479198037825,True,1.9358543747960084,0.08679479198038109
manutenção semanal,2,14,14,kalman,False,2026-04-12,0.08700120791479549,True,1.935900430072195,0.08700120791479549
manutenção semanal,2,14,14,gpr,False,2026-04-01,0.4603898075013859,True,1.9565014676398675,0.06038980750138023
manutenção semanal,2,14,14,gpr,False,2026-04-02,0.24131058671305539,True,1.9565869173017632,0.44131058671305823
manutenção semanal,2,14,14,gpr,False,2026-04-03,0.14283032933980166,True,1.9566853386419325,0.4428303293397988
manutenção semanal,2,14,14,gpr,False,2026-04-05,0.4545073411424596,True,1.9569390811919618,0.054507341142453924
manutenção semanal,2,14,14,gpr,False,2026-04-06,0.6468154071377654,True,1.9570991251189298,0.05318459286223742
manutenção semanal,2,14,14,gpr,False,2026-04-07,0.24827863366098768,True,1.9572801601750598,0.05172136633900948
manutenção semanal,2,14,14,gpr,False,2026-04-10,0.1542858254132824,True,1.9578847690347914,0.45428582541327955
manutenção semanal,2,14,14,gpr,False,2026-04-11,0.3432595258865092,True,1.9580759650534105,0.04325952588651205
manutenção semanal,2,14,14,gpr,False,2026-04-12,0.04081612648774069,True,1.9582607992457497,0.04081612648774069
manutenção semanal,3,3,3,linear,False,2026-03-09,0.42500000000001137,True,1.834929302371819,0.22500000000000853
manutenção semanal,3,3,3,linear,False,2026-03-10,0.3500000000000085,True,1.7629430493099392,0.05000000000001137
manutenção semanal,3,3,3,linear,False,2026-03-11,0.5250000000000057,True,1.834929302371819,0.125
manutenção semanal,3,3,3,kalman,False,2026-03-09,0.07649302443675765,True,1.4086564461618707,0.12350697556324519
manutenção semanal,3,3,3,kalman,False,2026-03-10,0.17086986351306166,True,1.4087162504835362,0.1291301364869355
manutenção semanal,3,3,3,kalman,False,2026-03-11,0.5349196458351173,True,1.408764600783229,0.13491964583511162
manutenção semanal,3,3,3,gpr,False,2026-03-09,0.056922804691751594,True,1.2995209412238466,0.14307719530825125
manutenção semanal,3,3,3,gpr,False,2026-03-10,0.1501642705299986,True,1.2996084657641802,0.14983572946999857
manutenção semanal,3,3,3,gpr,False,2026-03-11,0.5567646977332998,True,1.299689740871571,0.15676469773329416
manutenção semanal,3,3,3,linear,False,2026-04-21,0.024999999999991473,True,1.8623181461761078,0.42499999999999716
manutenção semanal,3,3,3,linear,False,2026-04-22,0.45000000000000284,True,1.78925739926936,0.5499999999999972
manutenção semanal,3,3,3,linear,False,2026-04-23,0.2749999999999915,True,1.8623181461761078,0.17499999999999716
manutenção semanal,3,3,3,kalman,False,2026-04-21,0.14594946541370746,True,1.417563509994551,0.2540505345862982
manutenção semanal,3,3,3,kalman,False,2026-04-22,0.15150269981720044,True,1.4175284173700504,0.25150269981719475
manutenção semanal,3,3,3,kalman,False,2026-04-23,0.15133112156637196,True,1.417485632667109,0.2513311215663663
manutenção semanal,3,3,3,gpr,False,2026-04-21,0.18093814757160942,True,1.4790470575687493,0.21906185242839626
manutenção semanal,3,3,3,gpr,False,2026-04-22,0.11664703360244744,True,1.479036890737774,0.21664703360244175
manutenção semanal,3,3,3,gpr,False,2026-04-23,0.18592072266677917,True,1.4790367368142086,0.2859207226667735
manutenção semanal,3,7,8,linear,False,2026-03-20,0.09999999999999432,True,1.7958945001466589,0.20000000000000284
manutenção semanal,3,7,8,linear,False,2026-03-21,0.36666666666666003,True,1.7671583340775499,0.36666666666666003
manutenção semanal,3,7,8,linear,False,2026-03-23,0.29999999999999716,True,1.7958945001466589,0.5
manutenção semanal,3,7,8,linear,False,2026-03-24,0.6666666666666572,True,1.8520297005101725,0.5666666666666629
manutenção semanal,3,7,8,linear,False,2026-03-25,0.63333333333334,True,1.9331785860193804,0.63333333333334
manutenção semanal,3,7,8,kalman,False,2026-03-20,0.014399909301715752,True,1.4110965788539716,0.3143999093017129
manutenção semanal,3,7,8,kalman,False,2026-03-21,0.19185247239806813,True,1.4111517014438562,0.19185247239806813
manutenção semanal,3,7,8,kalman,False,2026-03-23,0.5960082483109375,True,1.4111735724085008,0.2039917516890597
manutenção semanal,3,7,8,kalman,False,2026-03-24,0.3098271058295694,True,1.4111411839466825,0.2098271058295751
manutenção semanal,3,7,8,kalman,False,2026-03-25,0.21547190733296873,True,1.411082056877433,0.21547190733296873
manutenção semanal,3,7,8,gpr,False,2026-03-20,0.01877893227238303,True,1.3649595466104927,0.3187789322723802
manutenção semanal,3,7,8,gpr,False,2026-03-21,0.18563482299876455,True,1.3650065272918255,0.18563482299876455
manutenção semanal,3,7,8,gpr,False,2026-03-23,0.6059166138482794,True,1.3651217154741175,0.19408338615171772
manutenção semanal,3,7,8,gpr,False,2026-03-24,0.2981020612547809,True,1.3651905326192377,0.19810206125478658
manutenção semanal,3,7,8,gpr,False,2026-03-25,0.2019789809388186,True,1.3652678129910214,0.2019789809388186
manutenção semanal,3,7,7,linear,False,2026-04-24,0.4624999999999915,True,1.918492150697574,0.16249999999999432
manutenção semanal,3,7,7,linear,False,2026-04-25,0.42499999999999716,True,1.8324168245597434,0.2750000000000057
manutenção semanal,3,7,7,linear,False,2026-04-27,0.25,True,1.7605291387087902,0.15000000000000568
manutenção semanal,3,7,7,linear,False,2026-04-28,0.08750000000000568,True,1.7787734512619693,0.08750000000000568
manutenção semanal,3,7,7,linear,False,2026-04-29,0.025000000000005684,True,1.8324168245597434,0.025000000000005684
manutenção semanal,3,7,7,linear,False,2026-04-30,0.9375,True,1.918492150697574,0.5374999999999943
manutenção semanal,3,7,7,kalman,False,2026-04-24,0.5777369347695185,True,1.390124302077254,0.2777369347695213
manutenção semanal,3,7,7,kalman,False,2026-04-25,0.48116718721459506,True,1.390153823417819,0.21883281278540778
manutenção semanal,3,7,7,kalman,False,2026-04-27,0.3114824706774044,True,1.3901666510815573,0.2114824706774101
manutenção semanal,3,7,7,kalman,False,2026-04-28,0.20759742888677124,True,1.39014885605161,0.20759742888677124
manutenção semanal,3,7,7,kalman,False,2026-04-29,0.203595838519945,True,1.3901154729312282,0.203595838519945
manutenção semanal,3,7,7,kalman,False,2026-04-30,0.7005047764869516,False,1.3900678726311924,0.30050477648694596
manutenção semanal,3,7,7,gpr,False,2026-04-24,0.6017675862552068,True,1.3959581018290521,0.3017675862552096
manutenção semanal,3,7,7,gpr,False,2026-04-25,0.5045509704896034,True,1.3959744511806207,0.19544902951039944
manutenção semanal,3,7,7,gpr,False,2026-04-27,0.289760543479332,True,1.3960436232251254,0.18976054347933768
manutenção semanal,3,7,7,gpr,False,2026-04-28,0.18687103406477945,True,1.3960958694101464,0.18687103406477945
manutenção semanal,3,7,7,gpr,False,2026-04-29,0.1839607674488235,True,1.3961599306956316,0.1839607674488235
manutenção semanal,3,7,7,gpr,False,2026-04-30,0.7189641471562567,False,1.396236160818006,0.318964147156251
manutenção semanal,3,14,14,linear,False,2026-03-14,0.7199999999999989,True,1.9663705810851297,0.519999999999996
manutenção semanal,3,14,14,linear,False,2026-03-15,0.05999999999998806,True,1.9096363753631636,0.5400000000000063
manutenção semanal,3,14,14,linear,False,2026-03-17,0.480000000000004,True,1.8212242646197865,0.5799999999999983
manutenção semanal,3,14,14,linear,False,2026-03-20,0.4399999999999977,True,1.7598169353637445,0.14000000000000057
manutenção semanal,3,14,14,linear,False,2026-03-21,0.6599999999999966,True,1.7598169353637445,0.6599999999999966
manutenção semanal,3,14,14,linear,False,2026-03-23,0.09999999999999432,True,1.790783832297052,0.7000000000000028
manutenção semanal,3,14,14,linear,False,2026-03-24,0.8199999999999932,True,1.8212242646197865,0.7199999999999989
manutenção semanal,3,14,14,linear,False,2026-03-25,0.7399999999999949,True,1.861037149746835,0.7399999999999949
manutenção semanal,3,14,14,linear,False,2026-03-26,0.05999999999998806,True,1.9096363753631636,0.2599999999999909
manutenção semanal,3,14,14,linear,False,2026-03-27,0.28000000000000114,True,1.9663705810851297,0.28000000000000114
manutenção semanal,3,14,14,kalman,False,2026-03-14,0.3231619419621552,True,1.4139666712807752,0.12316194196215235
manutenção semanal,3,14,14,kalman,False,2026-03-15,0.47153057197893133,True,1.4142236884261195,0.12846942802106298
manutenção semanal,3,14,14,kalman,False,2026-03-17,0.03932107676324392,True,1.414651040935695,0.13932107676323824
manutenção semanal,3,14,14,kalman,False,2026-03-20,0.04408922442237895,True,1.4150193433631273,0.3440892244223761
manutenção semanal,3,14,14,kalman,False,2026-03-21,0.16144941114011147,True,1.4150598805258028,0.16144941114011147
manutenção semanal,3,14,14,kalman,False,2026-03-23,0.627572000142294,True,1.4150133621750456,0.17242799985770318
manutenção semanal,3,14,14,kalman,False,2026-03-24,0.27783069089815626,True,1.4149278742297895,0.17783069089816195
manutenção semanal,3,14,14,kalman,False,2026-03-25,0.18315080498332748,True,1.414803335760638,0.18315080498332748
manutenção semanal,3,14,14,kalman,False,2026-03-26,0.5116302889441471,True,1.4146425697074392,0.31163028894414424
manutenção semanal,3,14,14,kalman,False,2026-03-27,0.3065312219415688,True,1.4144491408966076,0.3065312219415688
manutenção semanal,3,14,14,gpr,False,2026-03-14,0.34783481211907485,True,1.386278757225483,0.147834812119072
manutenção semanal,3,14,14,gpr,False,2026-03-15,0.44780581463419367,True,1.3864279759783642,0.15219418536580065
manutenção semanal,3,14,14,gpr,False,2026-03-17,0.061004409570543316,True,1.3867096411853481,0.16100440957053763
manutenção semanal,3,14,14,gpr,False,2026-03-20,0.025818659420338008,True,1.3870471144289525,0.32581865942033517
manutenção semanal,3,14,14,gpr,False,2026-03-21,0.17850215417317372,True,1.387129207401614,0.17850215417317372
manutenção semanal,3,14,14,gpr,False,2026-03-23,0.6130356537998694,True,1.3872443956835525,0.1869643462001278
manutenção semanal,3,14,14,gpr,False,2026-03-24,0.2910875389897569,True,1.3872788953700876,0.1910875389897626
manutenção semanal,3,14,14,gpr,False,2026-03-25,0.19512926767373528,True,1.3873000443782928,0.19512926767373528
manutenção semanal,3,14,14,gpr,False,2026-03-26,0.500915900696441,True,1.3873100775311116,0.30091590069643814
manutenção semanal,3,14,14,gpr,False,2026-03-27,0.29705227413042223,True,1.3873116486868184,0.29705227413042223
manutenção semanal,3,14,14,linear,False,2026-05-16,0.15333333333333599,True,1.960839931537265,0.45333333333333314
manutenção semanal,3,14,14,linear,False,2026-05-17,0.4066666666666663,True,1.904265297470971,0.4066666666666663
manutenção semanal,3,14,14,linear,False,2026-05-19,1.1133333333333297,False,1.8161018562332174,0.3133333333333326
manutenção semanal,3,14,14,linear,False,2026-05-20,0.46666666666666856,True,1.7857470412223222,0.2666666666666657
manutenção semanal,3,14,14,linear,False,2026-05-21,0.37999999999999545,True,1.7652205312409706,0.28000000000000114
manutenção semanal,3,14,14,linear,False,2026-05-22,0.07333333333333769,True,1.754867242344801,0.326666666666668
manutenção semanal,3,14,14,linear,False,2026-05-23,0.6266666666666652,True,1.754867242344801,0.12666666666666515
manutenção semanal,3,14,14,linear,False,2026-05-24,0.01999999999999602,True,1.7652205312409706,0.0799999999999983
manutenção semanal,3,14,14,linear,False,2026-05-25,0.23333333333333428,True,1.7857470412223222,0.03333333333333144
manutenção semanal,3,14,14,linear,False,2026-05-26,0.5866666666666589,True,1.8161018562332174,0.013333333333335418
manutenção semanal,3,14,14,linear,False,2026-05-28,0.4066666666666663,True,1.904265297470971,0.6066666666666691
manutenção semanal,3,14,14,linear,False,2026-05-29,0.9533333333333331,True,1.960839931537265,0.653333333333336
manutenção semanal,3,14,14,kalman,False,2026-05-16,0.09357056718015144,True,1.3539030940610246,0.20642943281984572
manutenção semanal,3,14,14,kalman,False,2026-05-17,0.20274907978914314,True,1.3542510073019116,0.20274907978914314
manutenção semanal,3,14,14,kalman,False,2026-05-19,0.9952451504702964,False,1.3548413491187716,0.19524515047029922
manutenção semanal,3,14,14,kalman,False,2026-05-20,0.39142712345487496,True,1.3550746519898098,0.19142712345487212
manutenção semanal,3,14,14,kalman,False,2026-05-21,0.41243124561606237,True,1.3552620474181083,0.31243124561606805
manutenção semanal,3,14,14,kalman,False,2026-05-22,0.08367281789385572,True,1.3554012116680099,0.31632718210614996
manutenção semanal,3,14,14,kalman,False,2026-05-23,0.6797420886209693,False,1.3554908305678453,0.1797420886209693
manutenção semanal,3,14,14,kalman,False,2026-05-24,0.07577934120168095,True,1.3555306474743816,0.17577934120167527
manutenção semanal,3,14,14,kalman,False,2026-05-25,0.3717873502723137,True,1.3555215015126407,0.17178735027231085
manutenção semanal,3,14,14,kalman,False,2026-05-26,0.7677688904692559,False,1.355465356131532,0.16776889046926158
manutenção semanal,3,14,14,kalman,False,2026-05-28,0.14033633721248862,True,1.3552256460198464,0.34033633721249146
manutenção semanal,3,14,14,kalman,False,2026-05-29,0.6444175558184497,True,1.3550517509054885,0.34441755581845257
manutenção semanal,3,14,14,gpr,False,2026-05-16,0.10119196048678702,True,1.2777530045947287,0.19880803951321013
manutenção semanal,3,14,14,gpr,False,2026-05-17,0.19519533093114205,True,1.27781043340525,0.19519533093114205
manutenção semanal,3,14,14,gpr,False,2026-05-19,0.9872504600610057,False,1.2779635762013015,0.18725046006100854
manutenção semanal,3,14,14,gpr,False,2026-05-20,0.38337657254444935,True,1.2780628016999742,0.1833765725444465
manutenção semanal,3,14,14,gpr,False,2026-05-21,0.4203150951639998,True,1.2781823790078874,0.32031509516400547
manutenção semanal,3,14,14,gpr,False,2026-05-22,0.07614592445270318,True,1.278325062663754,0.3238540755473025
manutenção semanal,3,14,14,gpr,False,2026-05-23,0.6726916299936079,False,1.2784915035718427,0.17269162999360788
manutenção semanal,3,14,14,gpr,False,2026-05-24,0.0692577512646011,True,1.2786801738558893,0.1692577512645954
manutenção semanal,3,14,14,gpr,False,2026-05-25,0.3658146174408756,True,1.2788869880581615,0.16581461744087278
manutenção semanal,3,14,14,gpr,False,2026-05-26,0.7623855266654118,False,1.2791049074168086,0.1623855266654175
manutenção semanal,3,14,14,gpr,False,2026-05-28,0.14412942821591912,True,1.2795427153162677,0.34412942821592196
manutenção semanal,3,14,14,gpr,False,2026-05-29,0.6471058442252655,False,1.279761340189964,0.34710584422526836
manutenção semanal,4,3,3,linear,False,2026-03-19,0.6499999999999915,True,2.0763119637198884,0.5499999999999972
manutenção semanal,4,3,3,linear,False,2026-03-20,0.9749999999999943,True,2.161094009580239,0.5749999999999886
manutenção semanal,4,3,3,kalman,False,2026-03-19,0.401753700170417,True,1.8128362277886936,0.3017537001704227
manutenção semanal,4,3,3,kalman,False,2026-03-20,0.7019845980118617,True,1.812791460408988,0.30198459801185606
manutenção semanal,4,3,3,gpr,False,2026-03-19,0.40097637047125545,True,1.7393764510268568,0.30097637047126113
manutenção semanal,4,3,3,gpr,False,2026-03-20,0.6992446806633126,True,1.7394160222866617,0.2992446806633069
manutenção semanal,4,3,3,linear,False,2026-05-09,0.7750000000000057,True,2.2672668897904487,0.9750000000000085
manutenção semanal,4,3,3,linear,False,2026-05-11,0.42499999999999716,True,2.2672668897904487,0.125
manutenção semanal,4,3,3,kalman,False,2026-05-09,0.4098611318678138,True,1.907569135957857,0.20986113186781097
manutenção semanal,4,3,3,kalman,False,2026-05-11,0.0908781809964978,True,1.9078773321536175,0.20912181900349935
manutenção semanal,4,3,3,gpr,False,2026-05-09,0.4411484832394734,True,2.068250758123014,0.24114848323947058
manutenção semanal,4,3,3,gpr,False,2026-05-11,0.0640801936135631,True,2.068306729528757,0.23591980638643406
manutenção semanal,4,7,7,linear,False,2026-02-23,0.2500000000000142,True,2.4321034793328806,0.14999999999999147
manutenção semanal,4,7,7,linear,False,2026-02-24,0.10000000000000853,True,2.3229843984398713,0.19999999999998863
manutenção semanal,4,7,7,linear,False,2026-02-25,0.25,True,2.2549798278747915,0.25
manutenção semanal,4,7,7,linear,False,2026-02-26,0.7999999999999972,True,2.2318512182411894,0.7999999999999972
manutenção semanal,4,7,7,linear,False,2026-02-27,0.8499999999999943,True,2.2549798278747915,0.8499999999999943
manutenção semanal,4,7,7,linear,False,2026-02-28,0.4000000000000057,True,2.3229843984398713,0.4000000000000057
manutenção semanal,4,7,7,linear,False,2026-03-01,0.6500000000000057,True,2.4321034793328806,0.45000000000000284
manutenção semanal,4,7,7,kalman,False,2026-02-23,0.6363793621905671,True,1.9181506368450698,0.23637936219056144
manutenção semanal,4,7,7,kalman,False,2026-02-24,0.5363827961199803,True,1.9180430665873018,0.23638279611998314
manutenção semanal,4,7,7,kalman,False,2026-02-25,0.23638152645688137,True,1.9179402171844515,0.23638152645688137
manutenção semanal,4,7,7,kalman,False,2026-02-26,0.2636245607895802,True,1.91784191643265,0.2636245607895802
manutenção semanal,4,7,7,kalman,False,2026-02-27,0.2636355796102521,True,1.9177479993995519,0.2636355796102521
manutenção semanal,4,7,7,kalman,False,2026-02-28,0.23634835600400095,True,1.9176583083720686,0.23634835600400095
manutenção semanal,4,7,7,kalman,False,2026-03-01,0.03632713206233973,True,1.9175726928004906,0.23632713206234257
manutenção semanal,4,7,7,gpr,False,2026-02-23,0.6506896885988454,True,1.8741219158307558,0.25068968859883967
manutenção semanal,4,7,7,gpr,False,2026-02-24,0.5509214803033586,True,1.874195253264162,0.2509214803033615
manutenção semanal,4,7,7,gpr,False,2026-02-25,0.2516217744414462,True,1.8742748939902754,0.2516217744414462
manutenção semanal,4,7,7,gpr,False,2026-02-26,0.24740830871245123,True,1.874353728638141,0.24740830871245123
manutenção semanal,4,7,7,gpr,False,2026-02-27,0.24629047677360916,True,1.874426034015329,0.24629047677360916
manutenção semanal,4,7,7,gpr,False,2026-02-28,0.25514885998789794,True,1.8744891776616441,0.25514885998789794
manutenção semanal,4,7,7,gpr,False,2026-03-01,0.05734272590815692,True,1.8745488407101618,0.25734272590815976
manutenção semanal,4,7,8,linear,False,2026-03-06,0.4111111111111114,True,2.3916868379543246,0.21111111111110858
manutenção semanal,4,7,8,linear,False,2026-03-07,0.12222222222222001,True,2.291291187603832,0.62222222222222
manutenção semanal,4,7,8,linear,False,2026-03-09,0.6444444444444457,True,2.1862901641680708,0.44444444444444287
manutenção semanal,4,7,8,linear,False,2026-03-10,0.4555555555555486,True,2.1862901641680708,0.3555555555555543
manutenção semanal,4,7,8,linear,False,2026-03-11,0.86666666666666,True,2.2218419288409734,0.2666666666666657
manutenção semanal,4,7,8,linear,False,2026-03-12,0.62222222222222,True,2.291291187603832,0.32222222222222285
manutenção semanal,4,7,8,kalman,False,2026-03-06,0.06689812426104425,True,1.8986742046687368,0.2668981242610471
manutenção semanal,4,7,8,kalman,False,2026-03-07,0.26682408965592685,True,1.8986257224365772,0.23317591034407315
manutenção semanal,4,7,8,kalman,False,2026-03-09,0.4333006237876589,True,1.8985370670213229,0.23330062378765604
manutenção semanal,4,7,8,kalman,False,2026-03-10,0.3333505675127384,True,1.8984966223565607,0.23335056751274408
manutenção semanal,4,7,8,kalman,False,2026-03-11,0.8333917458311078,True,1.898458599716946,0.23339174583111344
manutenção semanal,4,7,8,kalman,False,2026-03-12,0.5665762088139275,True,1.8984228847540976,0.2665762088139303
manutenção semanal,4,7,8,gpr,False,2026-03-06,0.050581256474387715,True,1.8487514829153042,0.25058125647439056
manutenção semanal,4,7,8,gpr,False,2026-03-07,0.24716839631241783,True,1.848846322626855,0.2528316036875822
manutenção semanal,4,7,8,gpr,False,2026-03-09,0.45703244059198767,True,1.8490371196034232,0.2570324405919848
manutenção semanal,4,7,8,gpr,False,2026-03-10,0.35837705378411044,True,1.8491281110603381,0.25837705378411613
manutenção semanal,4,7,8,gpr,False,2026-03-11,0.8596063720998046,True,1.8492150760189077,0.2596063720998103
manutenção semanal,4,7,8,gpr,False,2026-03-12,0.5390685651607185,True,1.8492965638722865,0.2390685651607214
manutenção semanal,4,14,14,linear,False,2026-02-14,1.0266666666666566,True,2.503533081336002,1.0266666666666566
manutenção semanal,4,14,14,linear,False,2026-02-15,0.8533333333333388,True,2.4313005315640908,0.9533333333333331
manutenção semanal,4,14,14,linear,False,2026-02-16,0.6799999999999926,True,2.369425231847856,0.8799999999999955
manutenção semanal,4,14,14,linear,False,2026-02-17,0.7066666666666634,True,2.3187364776843538,0.8066666666666578
manutenção semanal,4,14,14,linear,False,2026-02-18,0.13333333333333997,True,2.2799804923867555,0.7333333333333343
manutenção semanal,4,14,14,linear,False,2026-02-19,0.6400000000000006,True,2.253772949406738,0.1599999999999966
manutenção semanal,4,14,14,linear,False,2026-02-20,0.11333333333334394,True,2.2405542257183413,0.0866666666666589
manutenção semanal,4,14,14,linear,False,2026-02-22,0.539999999999992,True,2.253772949406738,0.4399999999999977
manutenção semanal,4,14,14,linear,False,2026-02-23,0.7666666666666657,True,2.2799804923867555,0.36666666666666003
manutenção semanal,4,14,14,linear,False,2026-02-24,0.5933333333333337,True,2.3187364776843538,0.29333333333333655
manutenção semanal,4,14,14,linear,False,2026-02-25,0.21999999999999886,True,2.369425231847856,0.21999999999999886
manutenção semanal,4,14,14,linear,False,2026-02-26,0.35333333333333883,True,2.4313005315640908,0.35333333333333883
manutenção semanal,4,14,14,linear,False,2026-02-27,0.4266666666666623,True,2.503533081336002,0.4266666666666623
manutenção semanal,4,14,14,kalman,False,2026-02-14,0.2205257098962221,True,1.9146580683801062,0.2205257098962221
manutenção semanal,4,14,14,kalman,False,2026-02-15,0.12043364160462033,True,1.9144607697161575,0.22043364160461465
manutenção semanal,4,14,14,kalman,False,2026-02-16,0.020341123608574208,True,1.9142686196698548,0.22034112360857705
manutenção semanal,4,14,14,kalman,False,2026-02-17,0.12024810306138534,True,1.9140815451603999,0.22024810306137965
manutenção semanal,4,14,14,kalman,False,2026-02-18,0.3798454728836447,True,1.9138994751628502,0.22015452711634964
manutenção semanal,4,14,14,kalman,False,2026-02-19,1.0799396570732114,False,1.9137223407057888,0.2799396570732142
manutenção semanal,4,14,14,kalman,False,2026-02-20,0.4800345023540302,True,1.9135500748685388,0.2800345023540274
manutenção semanal,4,14,14,kalman,False,2026-02-22,0.3197736124238446,True,1.913219891606019,0.2197736124238503
manutenção semanal,4,14,14,kalman,False,2026-02-23,0.6196764667891443,True,1.9130618505637074,0.21967646678913866
manutenção semanal,4,14,14,kalman,False,2026-02-24,0.5195784486763841,True,1.9129084308990514,0.21957844867638698
manutenção semanal,4,14,14,kalman,False,2026-02-25,0.21947950523890825,True,1.9127595758914993,0.21947950523890825
manutenção semanal,4,14,14,kalman,False,2026-02-26,0.2806204163699988,True,1.9126152308471092,0.2806204163699988
manutenção semanal,4,14,14,kalman,False,2026-02-27,0.2807213689970496,True,1.9124753430932628,0.2807213689970496
manutenção semanal,4,14,14,gpr,False,2026-02-14,0.22833666240168782,True,1.824844796623296,0.22833666240168782
manutenção semanal,4,14,14,gpr,False,2026-02-15,0.13039711049025016,True,1.8249175080620716,0.23039711049024447
manutenção semanal,4,14,14,gpr,False,2026-02-16,0.03238684194350583,True,1.8250027361433183,0.23238684194350867
manutenção semanal,4,14,14,gpr,False,2026-02-17,0.1343012292948913,True,1.8250989211427395,0.23430122929488562
manutenção semanal,4,14,14,gpr,False,2026-02-18,0.3638614525043806,True,1.8252046788221605,0.2361385474956137
manutenção semanal,4,14,14,gpr,False,2026-02-19,1.0620998511767255,False,1.8253188727640577,0.2620998511767283
manutenção semanal,4,14,14,gpr,False,2026-02-20,0.4604094781744834,True,1.8254406743374716,0.26040947817448057
manutenção semanal,4,14,14,gpr,False,2026-02-22,0.342790748553071,True,1.8257055650011296,0.2427907485530767
manutenção semanal,4,14,14,gpr,False,2026-02-23,0.6443241645193893,True,1.8258488252911604,0.24432416451938366
manutenção semanal,4,14,14,gpr,False,2026-02-24,0.5458328271407566,True,1.8260000184558294,0.2458328271407595
manutenção semanal,4,14,14,gpr,False,2026-02-25,0.24733389275829154,True,1.82616009435705,0.24733389275829154
manutenção semanal,4,14,14,gpr,False,2026-02-26,0.25115417212462887,True,1.8263302650719595,0.25115417212462887
manutenção semanal,4,14,14,gpr,False,2026-02-27,0.24961212325790427,True,1.826511936255173,0.24961212325790427
manutenção semanal,4,14,14,linear,False,2026-03-20,0.30000000000001137,True,2.331715432164259,0.09999999999999432
manutenção semanal,4,14,14,linear,False,2026-03-21,0.6999999999999886,True,2.2644402072977243,0.5999999999999943
manutenção semanal,4,14,14,linear,False,2026-03-23,0.5999999999999943,True,2.159601432250156,0.5999999999999943
manutenção semanal,4,14,14,linear,False,2026-03-24,0.5999999999999943,True,2.1235052729140307,0.5999999999999943
manutenção semanal,4,14,14,linear,False,2026-03-25,0.29999999999999716,True,2.0990963554281166,0.5999999999999943
manutenção semanal,4,14,14,linear,False,2026-03-26,0.20000000000000284,True,2.0867848336640975,0.09999999999999432
manutenção semanal,4,14,14,linear,False,2026-03-27,0.6000000000000085,True,2.0867848336640975,0.09999999999999432
manutenção semanal,4,14,14,linear,False,2026-03-28,0.5999999999999943,True,2.0990963554281166,0.5999999999999943
manutenção semanal,4,14,14,linear,False,2026-03-29,0.09999999999999432,True,2.1235052729140307,0.5999999999999943
manutenção semanal,4,14,14,linear,False,2026-03-31,0.7999999999999972,True,2.2068114136964994,0.5999999999999943
manutenção semanal,4,14,14,linear,False,2026-04-02,0.10000000000000853,True,2.331715432164259,0.09999999999999432
manutenção semanal,4,14,14,kalman,False,2026-03-20,0.7074785779180388,True,1.8131411391014751,0.3074785779180331
manutenção semanal,4,14,14,kalman,False,2026-03-21,0.29228077772233974,True,1.813099658119853,0.19228077772234542
manutenção semanal,4,14,14,kalman,False,2026-03-23,0.19179948641111366,True,1.8130288329468556,0.19179948641111366
manutenção semanal,4,14,14,kalman,False,2026-03-24,0.19155883937428086,True,1.8129994891859553,0.19155883937428086
manutenção semanal,4,14,14,kalman,False,2026-03-25,0.10868180864017063,True,1.8129741915551563,0.19131819135982653
manutenção semanal,4,14,14,kalman,False,2026-03-26,0.6089224576748649,True,1.812952940208561,0.3089224576748677
manutenção semanal,4,14,14,kalman,False,2026-03-27,1.0091631077724088,False,1.8129357352759712,0.30916310777240597
manutenção semanal,4,14,14,kalman,False,2026-03-28,0.19059624102459338,True,1.8129225768626327,0.19059624102459338
manutenção semanal,4,14,14,kalman,False,2026-03-29,0.3096444113264738,True,1.8129134650494336,0.1903555886735262
manutenção semanal,4,14,14,kalman,False,2026-03-31,0.38987428035672167,True,1.8129073814244805,0.18987428035671883
manutenção semanal,4,14,14,kalman,False,2026-04-02,0.5106070330637209,True,1.812917484558767,0.31060703306371806
manutenção semanal,4,14,14,gpr,False,2026-03-20,0.6958484909894338,True,1.8766416044500147,0.2958484909894281
manutenção semanal,4,14,14,gpr,False,2026-03-21,0.3050039126007533,True,1.8767093890218973,0.205003912600759
manutenção semanal,4,14,14,gpr,False,2026-03-23,0.20622807952655364,True,1.8768626296954096,0.20622807952655364
manutenção semanal,4,14,14,gpr,False,2026-03-24,0.2068915699313436,True,1.8769520267617281,0.2068915699313436
manutenção semanal,4,14,14,gpr,False,2026-03-25,0.09228564371349535,True,1.8770566871233996,0.2077143562865018
manutenção semanal,4,14,14,gpr,False,2026-03-26,0.5912739779771243,True,1.8771803854590416,0.2912739779771272
manutenção semanal,4,14,14,gpr,False,2026-03-27,0.9900612125674826,False,1.8773245236723142,0.29006121256747974
manutenção semanal,4,14,14,gpr,False,2026-03-28,0.21137715723448025,True,1.8774883238560562,0.21137715723448025
manutenção semanal,4,14,14,gpr,False,2026-03-29,0.2869186868535678,True,1.8776687764088251,0.2130813131464322
manutenção semanal,4,14,14,gpr,False,2026-03-31,0.4173256388068012,True,1.8780571277025047,0.21732563880679834
manutenção semanal,4,14,14,gpr,False,2026-04-02,0.4780811519193975,True,1.8784561766444483,0.27808115191939464
manutenção semanal,5,3,3,linear,False,2026-03-11,0.375,True,1.7439526813442967,0.2750000000000057
manutenção semanal,5,3,3,linear,False,2026-03-12,0.04999999999999716,True,1.6755355391225635,0.15000000000000568
manutenção semanal,5,3,3,linear,False,2026-03-13,0.07500000000000284,True,1.7439526813442967,0.07500000000000284
manutenção semanal,5,3,3,kalman,False,2026-03-11,0.2631243204695721,True,1.6147662780656162,0.1631243204695778
manutenção semanal,5,3,3,kalman,False,2026-03-12,0.13772950838288978,True,1.6146832064155774,0.3377295083828926
manutenção semanal,5,3,3,kalman,False,2026-03-13,0.33858333061020573,True,1.6146040636336636,0.33858333061020573
manutenção semanal,5,3,3,gpr,False,2026-03-11,0.2519543676720275,True,1.594524533793276,0.15195436767203319
manutenção semanal,5,3,3,gpr,False,2026-03-12,0.14754518666353533,True,1.5945421124047527,0.3475451866635382
manutenção semanal,5,3,3,gpr,False,2026-03-13,0.34762881315963057,True,1.5945647496717754,0.34762881315963057
manutenção semanal,5,3,3,linear,False,2026-02-24,0.5999999999999943,True,1.7100751610824432,0.5
manutenção semanal,5,3,3,linear,False,2026-02-26,0.7999999999999972,True,1.7100751610824432,0.0
manutenção semanal,5,3,3,kalman,False,2026-02-24,0.28505859300379655,True,1.607374114807584,0.18505859300380223
manutenção semanal,5,3,3,kalman,False,2026-02-26,0.4832011247651451,True,1.6070943903600892,0.31679887523485206
manutenção semanal,5,3,3,gpr,False,2026-02-24,0.27827453021143356,True,1.5653437518190572,0.17827453021143924
manutenção semanal,5,3,3,gpr,False,2026-02-26,0.45925487117126806,True,1.5652962778105746,0.3407451288287291
manutenção semanal,5,7,7,linear,False,2026-03-21,0.625,True,1.8212797029758292,0.625
manutenção semanal,5,7,7,linear,False,2026-03-22,0.8499999999999943,True,1.739565923555432,0.5499999999999972
manutenção semanal,5,7,7,linear,False,2026-03-23,1.0749999999999886,False,1.6886407285001042,0.4749999999999943
manutenção semanal,5,7,7,linear,False,2026-03-24,0.4000000000000057,True,1.6713208785670304,0.4000000000000057
manutenção semanal,5,7,7,linear,False,2026-03-25,0.42499999999999716,True,1.6886407285001042,0.32500000000000284
manutenção semanal,5,7,7,linear,False,2026-03-26,0.15000000000000568,True,1.739565923555432,0.25
manutenção semanal,5,7,7,linear,False,2026-03-27,0.22500000000000853,True,1.8212797029758292,0.32500000000000284
manutenção semanal,5,7,7,kalman,False,2026-03-21,0.16521597418524436,True,1.609334721143739,0.16521597418524436
manutenção semanal,5,7,7,kalman,False,2026-03-22,0.46431858242111446,True,1.6092912132575066,0.1643185824211173
manutenção semanal,5,7,7,kalman,False,2026-03-23,0.7634211924190879,True,1.6092516183095427,0.16342119241909359
manutenção semanal,5,7,7,kalman,False,2026-03-24,0.16252380406966438,True,1.609215936525601,0.16252380406966438
manutenção semanal,5,7,7,kalman,False,2026-03-25,0.26162641726330094,True,1.6091841681101755,0.16162641726330662
manutenção semanal,5,7,7,kalman,False,2026-03-26,0.23927096810949422,True,1.6091563132465865,0.33927096810948854
manutenção semanal,5,7,7,kalman,False,2026-03-27,0.24016835215824983,True,1.6091323720968376,0.34016835215824415
manutenção semanal,5,7,7,gpr,False,2026-03-21,0.18121106723245362,True,1.5453377736171205,0.18121106723245362
manutenção semanal,5,7,7,gpr,False,2026-03-22,0.4802607942627759,True,1.5454164162382256,0.18026079426277875
manutenção semanal,5,7,7,gpr,False,2026-03-23,0.7787350186830935,False,1.5454966893046844,0.17873501868309916
manutenção semanal,5,7,7,gpr,False,2026-03-24,0.17683804081896426,True,1.545572425718035,0.17683804081896426
manutenção semanal,5,7,7,gpr,False,2026-03-25,0.27490300927891553,True,1.5456429112183514,0.17490300927892122
manutenção semanal,5,7,7,gpr,False,2026-03-26,0.22671849270322753,True,1.5457110545155217,0.32671849270322184
manutenção semanal,5,7,7,gpr,False,2026-03-27,0.22772117655992474,True,1.5457845365187097,0.32772117655991906
manutenção semanal,5,7,7,linear,False,2026-03-09,0.45000000000000284,True,1.8841644784916696,0.15000000000000568
manutenção semanal,5,7,7,linear,False,2026-03-10,0.29999999999999716,True,1.7996293022989676,0.09999999999999432
manutenção semanal,5,7,7,linear,False,2026-03-11,0.04999999999999716,True,1.7469457724563426,0.04999999999999716
manutenção semanal,5,7,7,linear,False,2026-03-12,0.29999999999999716,True,1.7290279062640366,0.5
manutenção semanal,5,7,7,linear,False,2026-03-13,0.45000000000000284,True,1.7469457724563426,0.45000000000000284
manutenção semanal,5,7,7,linear,False,2026-03-14,0.4000000000000057,True,1.7996293022989676,0.09999999999999432
manutenção semanal,5,7,7,linear,False,2026-03-15,0.05000000000001137,True,1.8841644784916696,0.15000000000000568
manutenção semanal,5,7,7,kalman,False,2026-03-09,0.1490619518350229,True,1.699137411345987,0.15093804816497425
manutenção semanal,5,7,7,kalman,False,2026-03-10,0.049862871466558545,True,1.69909893582917,0.1501371285334443
manutenção semanal,5,7,7,kalman,False,2026-03-11,0.24935038636076,True,1.6990627671246727,0.1493503863607657
manutenção semanal,5,7,7,kalman,False,2026-03-12,0.15142217885652087,True,1.699028767122968,0.3514221788565237
manutenção semanal,5,7,7,kalman,False,2026-03-13,0.35218056762194294,True,1.6989968082024518,0.35218056762194294
manutenção semanal,5,7,7,kalman,False,2026-03-14,0.35292478043896836,True,1.6989667731183715,0.14707521956103164
manutenção semanal,5,7,7,kalman,False,2026-03-15,0.04634518218892936,True,1.698938554883,0.14634518218892367
manutenção semanal,5,7,7,gpr,False,2026-03-09,0.17500259078360614,True,1.618379549248374,0.12499740921639102
manutenção semanal,5,7,7,gpr,False,2026-03-10,0.07349019790504485,True,1.618536827980165,0.126509802094958
manutenção semanal,5,7,7,gpr,False,2026-03-11,0.22765522870835753,True,1.6186598638682312,0.1276552287083632
manutenção semanal,5,7,7,gpr,False,2026-03-12,0.17168163626524802,True,1.6187306637498011,0.37168163626525086
manutenção semanal,5,7,7,gpr,False,2026-03-13,0.37156721467719933,True,1.6187414810460155,0.37156721467719933
manutenção semanal,5,7,7,gpr,False,2026-03-14,0.3720138367764747,True,1.6186979366958099,0.1279861632235253
manutenção semanal,5,7,7,gpr,False,2026-03-15,0.027022500748614675,True,1.6186184928204455,0.127022500748609
manutenção semanal,5,14,14,linear,False,2026-03-05,0.1733333333333178,True,1.9448518458530657,0.5733333333333235
manutenção semanal,5,14,14,linear,False,2026-03-07,0.0799999999999983,True,1.8406711179989657,0.01999999999999602
manutenção semanal,5,14,14,linear,False,2026-03-08,0.20666666666667766,True,1.801293920296331,0.006666666666674814
manutenção semanal,5,14,14,linear,False,2026-03-09,0.2666666666666657,True,1.7711866091104582,0.03333333333333144
manutenção semanal,5,14,14,linear,False,2026-03-10,0.14000000000000057,True,1.7508274659779204,0.060000000000002274
manutenção semanal,5,14,14,linear,False,2026-03-11,0.18666666666666742,True,1.7405585946149245,0.08666666666667311
manutenção semanal,5,14,14,linear,False,2026-03-12,0.18666666666666742,True,1.7405585946149245,0.38666666666667027
manutenção semanal,5,14,14,linear,False,2026-03-13,0.35999999999999943,True,1.7508274659779204,0.35999999999999943
manutenção semanal,5,14,14,linear,False,2026-03-14,0.3333333333333286,True,1.7711866091104582,0.1666666666666714
manutenção semanal,5,14,14,linear,False,2026-03-15,0.09333333333333371,True,1.801293920296331,0.19333333333332803
manutenção semanal,5,14,14,linear,False,2026-03-16,0.01999999999999602,True,1.8406711179989657,0.21999999999999886
manutenção semanal,5,14,14,linear,False,2026-03-17,0.346666666666664,True,1.888738503951629,0.2466666666666697
manutenção semanal,5,14,14,linear,False,2026-03-18,0.7733333333333263,True,1.9448518458530657,0.2733333333333263
manutenção semanal,5,14,14,kalman,False,2026-03-05,0.07922415159458751,True,1.7139102309367047,0.3207758484054182
manutenção semanal,5,14,14,kalman,False,2026-03-07,0.27804501277304894,True,1.7136722707380159,0.17804501277305462
manutenção semanal,5,14,14,kalman,False,2026-03-08,0.377455444871984,True,1.71355949272251,0.17745544487198117
manutenção semanal,5,14,14,kalman,False,2026-03-09,0.12313412201947926,True,1.7134508504973383,0.1768658779805179
manutenção semanal,5,14,14,kalman,False,2026-03-10,0.02372368789897905,True,1.7133463448274142,0.1762763121010238
manutenção semanal,5,14,14,kalman,False,2026-03-11,0.2756867472358664,True,1.713245976449059,0.17568674723587208
manutenção semanal,5,14,14,kalman,False,2026-03-12,0.1249028166125754,True,1.7131497460697744,0.32490281661257825
manutenção semanal,5,14,14,kalman,False,2026-03-13,0.3254923794419682,True,1.713057654368356,0.3254923794419682
manutenção semanal,5,14,14,kalman,False,2026-03-14,0.3260819412499245,True,1.7129697019948082,0.1739180587500755
manutenção semanal,5,14,14,kalman,False,2026-03-15,0.07332849796591745,True,1.7128858895703445,0.17332849796591177
manutenção semanal,5,14,14,kalman,False,2026-03-16,0.02726106179208898,True,1.71280621768733,0.17273893820791386
manutenção semanal,5,14,14,kalman,False,2026-03-17,0.2721493794784209,True,1.7127306869093388,0.17214937947842657
manutenção semanal,5,14,14,kalman,False,2026-03-18,0.6715598217798373,True,1.7126592977710402,0.1715598217798373
manutenção semanal,5,14,14,gpr,False,2026-03-05,0.06625923562926062,True,1.6135585914867079,0.33374076437074507
manutenção semanal,5,14,14,gpr,False,2026-03-07,0.2702748870932794,True,1.6137178693436738,0.1702748870932851
manutenção semanal,5,14,14,gpr,False,2026-03-08,0.3715140294392256,True,1.613797650867042,0.17151402943922278
manutenção semanal,5,14,14,gpr,False,2026-03-09,0.1277359944785985,True,1.6138828473097533,0.17226400552139864
manutenção semanal,5,14,14,gpr,False,2026-03-10,0.027341640939923195,True,1.6139804995200109,0.17265835906007965
manutenção semanal,5,14,14,gpr,False,2026-03-11,0.27284490980531473,True,1.6140951883582204,0.1728449098053204
manutenção semanal,5,14,14,gpr,False,2026-03-12,0.1270454837316919,True,1.6142284284597963,0.32704548373169473
manutenção semanal,5,14,14,gpr,False,2026-03-13,0.3269114167186302,True,1.6143791029274155,0.3269114167186302
manutenção semanal,5,14,14,gpr,False,2026-03-14,0.3266976457951358,True,1.614543301846652,0.17330235420486417
manutenção semanal,5,14,14,gpr,False,2026-03-15,0.07356871773426121,True,1.614713757946106,0.17356871773425553
manutenção semanal,5,14,14,gpr,False,2026-03-16,0.026267317215783237,True,1.6148807993695584,0.1737326827842196
manutenção semanal,5,14,14,gpr,False,2026-03-17,0.2734999728278211,True,1.6150368743793138,0.1734999728278268
manutenção semanal,5,14,14,gpr,False,2026-03-18,0.6725158907688211,True,1.6151833178752497,0.17251589076882112
manutenção semanal,5,14,14,linear,False,2026-05-14,0.3333333333333428,True,1.8615593625238205,0.63333333333334
manutenção semanal,5,14,14,linear,False,2026-05-16,0.29999999999999716,True,1.7618403994856635,0.0
manutenção semanal,5,14,14,linear,False,2026-05-17,0.03333333333333144,True,1.7241496153729088,0.06666666666666288
manutenção semanal,5,14,14,linear,False,2026-05-19,0.4000000000000057,True,1.675844496024041,0.20000000000000284
manutenção semanal,5,14,14,linear,False,2026-05-20,0.7666666666666657,True,1.666015411269285,0.2666666666666657
manutenção semanal,5,14,14,linear,False,2026-05-21,0.5666666666666771,True,1.666015411269285,0.1666666666666714
manutenção semanal,5,14,14,linear,False,2026-05-22,0.29999999999999716,True,1.675844496024041,0.10000000000000853
manutenção semanal,5,14,14,linear,False,2026-05-23,0.06666666666666288,True,1.6953317148536655,0.46666666666666856
manutenção semanal,5,14,14,linear,False,2026-05-24,0.5333333333333314,True,1.7241496153729088,0.5333333333333314
manutenção semanal,5,14,14,linear,False,2026-05-25,0.7999999999999972,True,1.7618403994856635,0.5999999999999943
manutenção semanal,5,14,14,linear,False,2026-05-26,0.86666666666666,True,1.8078491957561766,0.6666666666666572
manutenção semanal,5,14,14,linear,False,2026-05-27,0.5333333333333314,True,1.8615593625238205,0.7333333333333343
manutenção semanal,5,14,14,kalman,False,2026-05-14,0.05424419493472499,True,1.692206481155381,0.35424419493472215
manutenção semanal,5,14,14,kalman,False,2026-05-16,0.44525836750267445,True,1.692589192412271,0.1452583675026773
manutenção semanal,5,14,14,kalman,False,2026-05-17,0.04501404933472486,True,1.6927884382821219,0.14501404933471918
manutenção semanal,5,14,14,kalman,False,2026-05-19,0.3445339346392018,True,1.693203149035412,0.14453393463919895
manutenção semanal,5,14,14,kalman,False,2026-05-20,0.6442980262771272,True,1.6934187969963546,0.14429802627712718
manutenção semanal,5,14,14,kalman,False,2026-05-21,0.7559351906508596,True,1.6936400996783618,0.3559351906508539
manutenção semanal,5,14,14,kalman,False,2026-05-22,0.04383422793803504,True,1.6938671550525157,0.35616577206197064
manutenção semanal,5,14,14,kalman,False,2026-05-23,0.25639377387351203,True,1.6941000636764727,0.14360622612649365
manutenção semanal,5,14,14,kalman,False,2026-05-24,0.14338074799729839,True,1.6943389287011428,0.14338074799729839
manutenção semanal,5,14,14,kalman,False,2026-05-25,0.34315773763317736,True,1.694583855876317,0.14315773763317452
manutenção semanal,5,14,14,kalman,False,2026-05-26,0.34293713911687007,True,1.6948349535555849,0.14293713911686723
manutenção semanal,5,14,14,kalman,False,2026-05-27,0.05728110346889537,True,1.695092332700682,0.14271889653110748
manutenção semanal,5,14,14,gpr,False,2026-05-14,0.05904467973935823,True,1.778671320924758,0.3590446797393554
manutenção semanal,5,14,14,gpr,False,2026-05-16,0.44755727708597703,True,1.7822541930324007,0.14755727708597988
manutenção semanal,5,14,14,gpr,False,2026-05-17,0.05279424997569038,True,1.7835626864048209,0.1527942499756847
manutenção semanal,5,14,14,gpr,False,2026-05-19,0.3611418764286043,True,1.7848081217366882,0.16114187642860145
manutenção semanal,5,14,14,gpr,False,2026-05-20,0.6641502472037075,True,1.7851200834473957,0.16415024720370752
manutenção semanal,5,14,14,gpr,False,2026-05-21,0.7325608420917149,True,1.7853818708793767,0.3325608420917092
manutenção semanal,5,14,14,gpr,False,2026-05-22,0.07228945884170912,True,1.785568254396992,0.32771054115829656
manutenção semanal,5,14,14,gpr,False,2026-05-23,0.22000878165265192,True,1.7855124125531745,0.17999121834735377
manutenção semanal,5,14,14,gpr,False,2026-05-24,0.1913188294046364,True,1.7848688036595775,0.1913188294046364
manutenção semanal,5,14,14,gpr,False,2026-05-25,0.40581965929152375,True,1.7831734734286897,0.2058196592915209
manutenção semanal,5,14,14,gpr,False,2026-05-26,0.42120236866490757,True,1.7801212082644895,0.22120236866490472
manutenção semanal,5,14,14,gpr,False,2026-05-27,0.033320645788094794,True,1.7759481606225336,0.23332064578809764
manutenção semanal,6,3,3,linear,False,2026-03-14,0.125,True,2.0840275444440692,0.125
manutenção semanal,6,3,3,linear,False,2026-03-15,0.2500000000000142,True,2.0022688990246422,0.05000000000001137
manutenção semanal,6,3,3,linear,False,2026-03-16,0.07499999999998863,True,2.0840275444440692,0.22500000000000853
manutenção semanal,6,3,3,kalman,False,2026-03-14,0.15568439593457128,True,1.7387121493946154,0.15568439593457128
manutenção semanal,6,3,3,kalman,False,2026-03-15,0.045897034183767005,True,1.738635597205871,0.15410296581623584
manutenção semanal,6,3,3,kalman,False,2026-03-16,0.45252153569791176,True,1.7385632527714563,0.1525215356979146
manutenção semanal,6,3,3,gpr,False,2026-03-14,0.11382857340319674,True,1.760585934315543,0.11382857340319674
manutenção semanal,6,3,3,gpr,False,2026-03-15,0.08535435787732126,True,1.7612982805854926,0.11464564212268158
manutenção semanal,6,3,3,gpr,False,2026-03-16,0.41537220383195006,True,1.760626530887066,0.1153722038319529
manutenção semanal,6,3,3,linear,False,2026-02-17,0.15000000000000568,True,1.9883842749273697,0.75
manutenção semanal,6,3,3,linear,False,2026-02-18,0.42499999999999716,True,2.069575969494707,0.8250000000000028
manutenção semanal,6,3,3,kalman,False,2026-02-17,0.41725747448992934,True,1.7363964197841142,0.18274252551006498
manutenção semanal,6,3,3,kalman,False,2026-02-18,0.21884762092533094,True,1.7362220182002375,0.18115237907467474
manutenção semanal,6,3,3,gpr,False,2026-02-17,0.4323926308249497,True,1.6110298315922762,0.1676073691750446
manutenção semanal,6,3,3,gpr,False,2026-02-18,0.23524726793557704,True,1.6110585899238004,0.16475273206442864
manutenção semanal,6,7,7,linear,False,2026-05-02,1.2124999999999915,False,2.151596531542083,0.7124999999999915
manutenção semanal,6,7,7,linear,False,2026-05-03,0.9249999999999972,True,2.055062712989752,0.625
manutenção semanal,6,7,7,linear,False,2026-05-04,0.6374999999999886,True,1.9949014577634898,0.5374999999999943
manutenção semanal,6,7,7,linear,False,2026-05-05,0.6499999999999915,True,1.974440389108338,0.44999999999998863
manutenção semanal,6,7,7,linear,False,2026-05-06,0.13750000000000284,True,1.9949014577634898,0.36249999999999716
manutenção semanal,6,7,7,linear,False,2026-05-07,0.1250000000000142,True,2.055062712989752,0.22500000000000853
manutenção semanal,6,7,7,kalman,False,2026-05-02,0.5809245061539912,True,1.738505000857515,0.08092450615399116
manutenção semanal,6,7,7,kalman,False,2026-05-03,0.3794114753364255,True,1.7386434904526311,0.07941147533642834
manutenção semanal,6,7,7,kalman,False,2026-05-04,0.17789845015444428,True,1.738786233159999,0.07789845015444996
manutenção semanal,6,7,7,kalman,False,2026-05-05,0.27638543052148634,True,1.738933228104628,0.0763854305214835
manutenção semanal,6,7,7,kalman,False,2026-05-06,0.42512758364900094,True,1.7390844743869707,0.07487241635099906
manutenção semanal,6,7,7,kalman,False,2026-05-07,0.32664059244358157,True,1.7392399710829238,0.4266405924435759
manutenção semanal,6,7,7,gpr,False,2026-05-02,0.5976751764999051,True,1.841934484699948,0.09767517649990509
manutenção semanal,6,7,7,gpr,False,2026-05-03,0.39906574476417234,True,1.84202713831192,0.09906574476417518
manutenção semanal,6,7,7,gpr,False,2026-05-04,0.19968832509880485,True,1.8421209346085448,0.09968832509881054
manutenção semanal,6,7,7,gpr,False,2026-05-05,0.29928610255842614,True,1.842208337818903,0.0992861025584233
manutenção semanal,6,7,7,gpr,False,2026-05-06,0.40196762280719156,True,1.8422884864146454,0.09803237719280844
manutenção semanal,6,7,7,gpr,False,2026-05-07,0.3036339410910358,True,1.8423648824806094,0.4036339410910301
manutenção semanal,6,7,8,linear,False,2026-04-21,0.4777777777777743,True,2.066182200126036,0.17777777777777715
manutenção semanal,6,7,8,linear,False,2026-04-22,0.23333333333333428,True,2.0035560166692505,0.1666666666666714
manutenção semanal,6,7,8,linear,False,2026-04-23,0.9555555555555486,True,1.9714970519476935,0.6555555555555515
manutenção semanal,6,7,8,linear,False,2026-04-24,0.8444444444444485,True,1.9714970519476935,0.6444444444444457
manutenção semanal,6,7,8,linear,False,2026-04-26,0.32222222222222285,True,2.066182200126036,0.12222222222222001
manutenção semanal,6,7,8,linear,False,2026-04-27,0.1888888888888971,True,2.156714432278136,0.11111111111110006
manutenção semanal,6,7,8,kalman,False,2026-04-21,0.22254494527304303,True,1.7230762108384567,0.07745505472695413
manutenção semanal,6,7,8,kalman,False,2026-04-22,0.47602862542649405,True,1.7231253507553959,0.07602862542648836
manutenção semanal,6,7,8,kalman,False,2026-04-23,0.7253895169742606,True,1.723177169083442,0.4253895169742634
manutenção semanal,6,7,8,kalman,False,2026-04-24,0.6267992408121472,True,1.7232317642531996,0.4267992408121444
manutenção semanal,6,7,8,kalman,False,2026-04-26,0.12959290614675467,True,1.7233497164579887,0.07040709385324817
manutenção semanal,6,7,8,kalman,False,2026-04-27,0.3690234156828467,True,1.7234133081342122,0.06902341568284953
manutenção semanal,6,7,8,gpr,False,2026-04-21,0.24301573829269785,True,1.759232990154203,0.05698426170729931
manutenção semanal,6,7,8,gpr,False,2026-04-22,0.45520284047117343,True,1.759322215204918,0.05520284047116775
manutenção semanal,6,7,8,gpr,False,2026-04-23,0.7466183180015946,True,1.7594096104576238,0.44661831800159746
manutenção semanal,6,7,8,gpr,False,2026-04-24,0.6489425049431787,True,1.7594944759960356,0.4489425049431759
manutenção semanal,6,7,8,gpr,False,2026-04-26,0.15602086148373928,True,1.7596496173425749,0.04397913851626356
manutenção semanal,6,7,8,gpr,False,2026-04-27,0.3395403549129412,True,1.7597209498722464,0.03954035491294405
manutenção semanal,6,14,14,linear,False,2026-03-10,0.10666666666666913,True,2.290096479807403,0.20666666666666345
manutenção semanal,6,14,14,linear,False,2026-03-11,0.11333333333334394,True,2.224022055149959,0.21333333333333826
manutenção semanal,6,14,14,linear,False,2026-03-12,0.12000000000000455,True,2.167421881929357,0.28000000000000114
manutenção semanal,6,14,14,linear,False,2026-03-13,0.07333333333332348,True,2.12105455475438,0.2733333333333263
manutenção semanal,6,14,14,linear,False,2026-03-14,0.23333333333333428,True,2.085602678298983,0.23333333333333428
manutenção semanal,6,14,14,linear,False,2026-03-15,0.03999999999999204,True,2.061629437293959,0.23999999999999488
manutenção semanal,6,14,14,linear,False,2026-03-16,0.5466666666666669,True,2.0495376647457704,0.2466666666666697
manutenção semanal,6,14,14,linear,False,2026-03-17,0.653333333333336,True,2.0495376647457704,0.2533333333333303
manutenção semanal,6,14,14,linear,False,2026-03-18,0.14000000000000057,True,2.061629437293959,0.2600000000000051
manutenção semanal,6,14,14,linear,False,2026-03-19,0.23333333333333428,True,2.085602678298983,0.23333333333333428
manutenção semanal,6,14,14,linear,False,2026-03-20,0.12666666666667936,True,2.12105455475438,0.22666666666667368
manutenção semanal,6,14,14,linear,False,2026-03-21,0.5799999999999983,True,2.167421881929357,0.28000000000000114
manutenção semanal,6,14,14,linear,False,2026-03-22,0.4866666666666646,True,2.224022055149959,0.28666666666666174
manutenção semanal,6,14,14,linear,False,2026-03-23,0.30666666666665776,True,2.290096479807403,0.29333333333333655
manutenção semanal,6,14,14,kalman,False,2026-03-10,0.0625873967662045,True,1.7722763562572368,0.16258739676619882
manutenção semanal,6,14,14,kalman,False,2026-03-11,0.06099960054109488,True,1.7721752869028364,0.1609996005410892
manutenção semanal,6,14,14,kalman,False,2026-03-12,0.05941181280289243,True,1.7720785315509318,0.34058818719711326
manutenção semanal,6,14,14,kalman,False,2026-03-13,0.1421759666085194,True,1.7719860907868679,0.34217596660852223
manutenção semanal,6,14,14,kalman,False,2026-03-14,0.15623626214673436,True,1.7718979651714335,0.15623626214673436
manutenção semanal,6,14,14,kalman,False,2026-03-15,0.04535150109147423,True,1.7718141552410316,0.1546484989085286
manutenção semanal,6,14,14,kalman,False,2026-03-16,0.45306074351672976,True,1.7717346615075371,0.1530607435167326
manutenção semanal,6,14,14,kalman,False,2026-03-17,0.5514729958112383,True,1.7716594844582971,0.15147299581123264
manutenção semanal,6,14,14,kalman,False,2026-03-18,0.2501147443681049,True,1.7715886245561023,0.1498852556319008
manutenção semanal,6,14,14,kalman,False,2026-03-19,0.3517024771813908,True,1.7715220822392155,0.3517024771813908
manutenção semanal,6,14,14,kalman,False,2026-03-20,0.2532902027887758,True,1.7714598579213714,0.3532902027887701
manutenção semanal,6,14,14,kalman,False,2026-03-21,0.4451220786496606,True,1.7714019519916349,0.14512207864966342
manutenção semanal,6,14,14,kalman,False,2026-03-22,0.3435343669737563,True,1.7713483648145427,0.14353436697375344
manutenção semanal,6,14,14,kalman,False,2026-03-23,0.4580533379766081,True,1.7712990967299902,0.14194666202338624
manutenção semanal,6,14,14,gpr,False,2026-03-10,0.015223508453630075,True,1.8004910491520434,0.08477649154636424
manutenção semanal,6,14,14,gpr,False,2026-03-11,0.0077860844148744945,True,1.8014804653028023,0.09221391558511982
manutenção semanal,6,14,14,gpr,False,2026-03-12,0.0013239827911206703,True,1.8022308102556224,0.40132398279112635
manutenção semanal,6,14,14,gpr,False,2026-03-13,0.19676188539597206,True,1.8027072733594594,0.3967618853959749
manutenção semanal,6,14,14,gpr,False,2026-03-14,0.10579009812671814,True,1.8029854591277967,0.10579009812671814
manutenção semanal,6,14,14,gpr,False,2026-03-15,0.09323453374837243,True,1.8031662166860087,0.10676546625163041
manutenção semanal,6,14,14,gpr,False,2026-03-16,0.40678415238161847,True,1.80331943654366,0.10678415238162131
manutenção semanal,6,14,14,gpr,False,2026-03-17,0.506423265664182,True,1.8034749518997444,0.10642326566417637
manutenção semanal,6,14,14,gpr,False,2026-03-18,0.2938450012606779,True,1.8036318141365086,0.10615499873932777
manutenção semanal,6,14,14,gpr,False,2026-03-19,0.39362277183208505,True,1.803761742957306,0.39362277183208505
manutenção semanal,6,14,14,gpr,False,2026-03-20,0.2925523432401178,True,1.8038073676278543,0.3925523432401121
manutenção semanal,6,14,14,gpr,False,2026-03-21,0.4096731303368273,True,1.803694335220257,0.10967313033683013
manutenção semanal,6,14,14,gpr,False,2026-03-22,0.3132490635281613,True,1.8033699747705896,0.11324906352815844
manutenção semanal,6,14,14,gpr,False,2026-03-23,0.48183750305939554,True,1.8028450771039957,0.11816249694059877
manutenção semanal,6,14,14,linear,False,2026-03-15,0.1666666666666714,True,2.264687176957665,0.03333333333333144
manutenção semanal,6,14,14,linear,False,2026-03-16,0.36666666666666003,True,2.199345867730756,0.06666666666666288
manutenção semanal,6,14,14,linear,False,2026-03-17,0.5,True,2.143373690297807,0.09999999999999432
manutenção semanal,6,14,14,linear,False,2026-03-18,0.2666666666666657,True,2.0975208224344613,0.13333333333333997
manutenção semanal,6,14,14,linear,False,2026-03-19,0.3333333333333286,True,2.06246229511234,0.3333333333333286
manutenção semanal,6,14,14,linear,False,2026-03-20,0.20000000000000284,True,2.0387550443598457,0.29999999999999716
manutenção semanal,6,14,14,linear,False,2026-03-21,0.5333333333333314,True,2.0267974336312022,0.23333333333333428
manutenção semanal,6,14,14,linear,False,2026-03-22,0.46666666666666856,True,2.0267974336312022,0.2666666666666657
manutenção semanal,6,14,14,linear,False,2026-03-23,0.29999999999999716,True,2.0387550443598457,0.29999999999999716
manutenção semanal,6,14,14,linear,False,2026-03-24,0.03333333333333144,True,2.06246229511234,0.3333333333333286
manutenção semanal,6,14,14,linear,False,2026-03-26,0.0,True,2.143373690297807,0.09999999999999432
manutenção semanal,6,14,14,linear,False,2026-03-27,0.3333333333333428,True,2.199345867730756,0.06666666666666288
manutenção semanal,6,14,14,linear,False,2026-03-28,0.13333333333332575,True,2.264687176957665,0.46666666666666856
manutenção semanal,6,14,14,kalman,False,2026-03-15,0.06543987964411713,True,1.7570876004182026,0.13456012035588572
manutenção semanal,6,14,14,kalman,False,2026-03-16,0.432881081770077,True,1.7570547173546913,0.13288108177007985
manutenção semanal,6,14,14,kalman,False,2026-03-17,0.5312137122357967,True,1.7570237463152978,0.13121371223579104
manutenção semanal,6,14,14,kalman,False,2026-03-18,0.27044217522959,True,1.7569945889411258,0.12955782477041566
manutenção semanal,6,14,14,kalman,False,2026-03-19,0.3720867676086357,True,1.7569671552618331,0.3720867676086357
manutenção semanal,6,14,14,kalman,False,2026-03-20,0.2737202518839297,True,1.7569413636798288,0.373720251883924
manutenção semanal,6,14,14,kalman,False,2026-03-21,0.42465718496194427,True,1.7569171409500655,0.12465718496194711
manutenção semanal,6,14,14,kalman,False,2026-03-22,0.32304535594639106,True,1.7568944221557672,0.12304535594638821
manutenção semanal,6,14,14,kalman,False,2026-03-23,0.478555925913156,True,1.7568731506799509,0.12144407408683833
manutenção semanal,6,14,14,kalman,False,2026-03-24,0.18014684759930333,True,1.7568532781728834,0.11985315240069383
manutenção semanal,6,14,14,kalman,False,2026-03-26,0.2832983583817139,True,1.7568175777774115,0.3832983583817082
manutenção semanal,6,14,14,kalman,False,2026-03-27,0.015140678556875287,True,1.756801694174186,0.3848593214431304
manutenção semanal,6,14,14,kalman,False,2026-03-28,0.48641067226148493,True,1.7567870980158489,0.11358932773850938
manutenção semanal,6,14,14,gpr,False,2026-03-15,0.10718415505030521,True,1.7944832832228315,0.09281584494969763
manutenção semanal,6,14,14,gpr,False,2026-03-16,0.3918631776249981,True,1.7945718760418572,0.09186317762500096
manutenção semanal,6,14,14,gpr,False,2026-03-17,0.4908076722997521,True,1.7946609512893588,0.0908076722997464
manutenção semanal,6,14,14,gpr,False,2026-03-18,0.3102376839900245,True,1.7947489855508536,0.08976231600998119
manutenção semanal,6,14,14,gpr,False,2026-03-19,0.4112285999142813,True,1.7948424712834026,0.4112285999142813
manutenção semanal,6,14,14,gpr,False,2026-03-20,0.31215334655991,True,1.7949493147874307,0.4121533465599043
manutenção semanal,6,14,14,gpr,False,2026-03-21,0.38700310766792256,True,1.7950746659419394,0.0870031076679254
manutenção semanal,6,14,14,gpr,False,2026-03-22,0.286281272819366,True,1.795220240188172,0.08628127281936315
manutenção semanal,6,14,14,gpr,False,2026-03-23,0.5142514655535706,True,1.7953848107930241,0.08574853444642372
manutenção semanal,6,14,14,gpr,False,2026-03-24,0.21452661184243027,True,1.795564031167288,0.08547338815756689
manutenção semanal,6,14,14,gpr,False,2026-03-26,0.31435485413493325,True,1.7959313249843945,0.41435485413492756
manutenção semanal,6,14,14,gpr,False,2026-03-27,0.014244558781143724,True,1.7961001932208092,0.4142445587811494
manutenção semanal,6,14,14,gpr,False,2026-03-28,0.5145154267184608,True,1.7962579803345875,0.08548457328153347
manutenção semanal,7,3,4,linear,False,2026-02-17,0.37999999999999545,True,1.8968640589332324,0.0799999999999983
manutenção semanal,7,3,4,linear,False,2026-02-18,0.6200000000000045,True,1.8968640589332324,0.12000000000000455
manutenção semanal,7,3,4,linear,False,2026-02-19,0.2400000000000091,True,1.9942015737675831,0.3400000000000034
manutenção semanal,7,3,4,kalman,False,2026-02-17,0.43151949467316797,True,1.7514269183020303,0.1315194946731708
manutenção semanal,7,3,4,kalman,False,2026-02-18,0.6306007905906341,True,1.7513131467457868,0.13060079059063412
manutenção semanal,7,3,4,kalman,False,2026-02-19,0.27030363244669786,True,1.7512056870354513,0.3703036324466922
manutenção semanal,7,3,4,gpr,False,2026-02-17,0.4194369959195683,True,1.7171899289242845,0.11943699591957113
manutenção semanal,7,3,4,gpr,False,2026-02-18,0.6163180127065999,True,1.7172381632563543,0.11631801270659992
manutenção semanal,7,3,4,gpr,False,2026-02-19,0.28690862216261337,True,1.7172751579507803,0.3869086221626077
manutenção semanal,7,3,3,linear,False,2026-05-07,0.45000000000000284,True,1.944442818668648,0.45000000000000284
manutenção semanal,7,3,3,linear,False,2026-05-08,1.0,False,1.8681602323977984,0.5
manutenção semanal,7,3,3,linear,False,2026-05-09,0.15000000000000568,True,1.944442818668648,0.04999999999999716
manutenção semanal,7,3,3,kalman,False,2026-05-07,0.4029288665719122,True,1.738011639009045,0.4029288665719122
manutenção semanal,7,3,3,kalman,False,2026-05-08,0.9023814700198471,False,1.738065275351346,0.40238147001984714
manutenção semanal,7,3,3,kalman,False,2026-05-09,0.29817009449018883,True,1.7381241515108172,0.09817009449018599
manutenção semanal,7,3,3,gpr,False,2026-05-07,0.39916350529921374,True,1.82417286003232,0.39916350529921374
manutenção semanal,7,3,3,gpr,False,2026-05-08,0.8963966553400979,True,1.8242084248961419,0.39639665534009794
manutenção semanal,7,3,3,gpr,False,2026-05-09,0.3068293643811586,True,1.8242272747376376,0.10682936438115576
manutenção semanal,7,7,9,linear,False,2026-04-12,0.5200000000000102,True,1.886231251606688,0.12000000000000455
manutenção semanal,7,7,9,linear,False,2026-04-13,0.10000000000000853,True,1.8737807442452663,0.09999999999999432
manutenção semanal,7,7,9,linear,False,2026-04-14,0.28000000000000114,True,1.886231251606688,0.0799999999999983
manutenção semanal,7,7,9,linear,False,2026-04-15,0.3400000000000034,True,1.9230991928753554,0.060000000000002274
manutenção semanal,7,7,9,linear,False,2026-04-16,0.05999999999998806,True,1.9830231442937816,0.45999999999999375
manutenção semanal,7,7,9,linear,False,2026-04-17,0.480000000000004,True,2.063995927815398,0.480000000000004
manutenção semanal,7,7,9,kalman,False,2026-04-12,0.5304393319719907,True,1.696141115929862,0.13043933197198498
manutenção semanal,7,7,9,kalman,False,2026-04-13,0.0697275183675572,True,1.6961885690305394,0.13027248163244565
manutenção semanal,7,7,9,kalman,False,2026-04-14,0.33010577026733756,True,1.696239855897403,0.13010577026733472
manutenção semanal,7,7,9,kalman,False,2026-04-15,0.27006080697186974,True,1.6962949779902772,0.12993919302813595
manutenção semanal,7,7,9,kalman,False,2026-04-16,0.0297727450663956,True,1.696353936910441,0.3702272549336101
manutenção semanal,7,7,9,kalman,False,2026-04-17,0.3703935784664054,True,1.6964167344006569,0.3703935784664054
manutenção semanal,7,7,9,gpr,False,2026-04-12,0.5298847536480338,True,1.798937464295534,0.1298847536480281
manutenção semanal,7,7,9,gpr,False,2026-04-13,0.06919616443546772,True,1.7990278163695734,0.13080383556453512
manutenção semanal,7,7,9,gpr,False,2026-04-14,0.3316709765925765,True,1.7991242930605438,0.13167097659257365
manutenção semanal,7,7,9,gpr,False,2026-04-15,0.26742710272444015,True,1.79922108304919,0.13257289727556554
manutenção semanal,7,7,9,gpr,False,2026-04-16,0.033713830757534424,True,1.7993122606381178,0.36628616924247126
manutenção semanal,7,7,9,gpr,False,2026-04-17,0.3646320563367169,True,1.799399709859813,0.3646320563367169
manutenção semanal,7,7,7,linear,False,2026-02-05,1.2499999999999858,False,1.968663602413102,0.9499999999999886
manutenção semanal,7,7,7,linear,False,2026-02-06,0.3999999999999915,True,1.8803372771936893,0.7999999999999972
manutenção semanal,7,7,7,linear,False,2026-02-08,0.0,True,1.806569620367469,0.0
manutenção semanal,7,7,7,linear,False,2026-02-09,0.14999999999999147,True,1.825291049100656,0.15000000000000568
manutenção semanal,7,7,7,linear,False,2026-02-10,0.8999999999999915,True,1.8803372771936893,0.29999999999999716
manutenção semanal,7,7,7,linear,False,2026-02-11,1.1499999999999915,False,1.968663602413102,0.44999999999998863
manutenção semanal,7,7,7,kalman,False,2026-02-05,0.6539299693557723,True,1.7395498345694875,0.35392996935577514
manutenção semanal,7,7,7,kalman,False,2026-02-06,0.044931060879818574,True,1.7393232909509209,0.3550689391201871
manutenção semanal,7,7,7,kalman,False,2026-02-08,0.1426780698867134,True,1.73890227969531,0.1426780698867134
manutenção semanal,7,7,7,kalman,False,2026-02-09,0.15843484087700688,True,1.7387069596965432,0.14156515912299028
manutenção semanal,7,7,7,kalman,False,2026-02-10,0.7404620451577841,True,1.7385212216879324,0.14046204515778982
manutenção semanal,7,7,7,kalman,False,2026-02-11,0.83936928322359,True,1.738344678896766,0.1393692832235871
manutenção semanal,7,7,7,gpr,False,2026-02-05,0.6769359754381554,True,1.6931567585953076,0.37693597543815827
manutenção semanal,7,7,7,gpr,False,2026-02-06,0.020959544407062936,True,1.6932317581598681,0.37904045559294275
manutenção semanal,7,7,7,gpr,False,2026-02-08,0.12019284224591331,True,1.693410635407588,0.12019284224591331
manutenção semanal,7,7,7,gpr,False,2026-02-09,0.17989077310116386,True,1.693498771419911,0.1201092268988333
manutenção semanal,7,7,7,gpr,False,2026-02-10,0.7194495348540784,True,1.6935836031204872,0.11944953485408405
manutenção semanal,7,7,7,gpr,False,2026-02-11,0.8177685729291966,True,1.6936726074584385,0.11776857292919374
manutenção semanal,7,14,14,linear,False,2026-03-30,0.060000000000002274,True,2.1083505538340717,0.35999999999999943
manutenção semanal,7,14,14,linear,False,2026-03-31,0.7200000000000131,True,2.0475199071564703,0.3200000000000074
manutenção semanal,7,14,14,linear,False,2026-04-02,0.8400000000000034,True,1.9527240815656626,0.7400000000000091
manutenção semanal,7,14,14,linear,False,2026-04-03,0.7000000000000028,True,1.9200857259250768,0.7000000000000028
manutenção semanal,7,14,14,linear,False,2026-04-04,0.1599999999999966,True,1.898015041831286,0.1599999999999966
manutenção semanal,7,14,14,linear,False,2026-04-05,0.12000000000000455,True,1.8868828927827224,0.12000000000000455
manutenção semanal,7,14,14,linear,False,2026-04-06,0.37999999999999545,True,1.8868828927827224,0.0799999999999983
manutenção semanal,7,14,14,linear,False,2026-04-08,0.20000000000000284,True,1.9200857259250768,0.0
manutenção semanal,7,14,14,linear,False,2026-04-12,0.5600000000000023,True,2.1083505538340717,0.1599999999999966
manutenção semanal,7,14,14,kalman,False,2026-03-30,0.4190790525495345,True,1.70310687493091,0.11907905254953732
manutenção semanal,7,14,14,kalman,False,2026-03-31,0.2809667613963711,True,1.7031072190801524,0.11903323860363457
manutenção semanal,7,14,14,kalman,False,2026-04-02,0.48102599485251574,True,1.7031106293957805,0.3810259948525214
manutenção semanal,7,14,14,kalman,False,2026-04-03,0.3810400895564072,True,1.7031136788178003,0.3810400895564072
manutenção semanal,7,14,14,kalman,False,2026-04-04,0.11895571362673252,True,1.7031176259510232,0.11895571362673252
manutenção semanal,7,14,14,kalman,False,2026-04-05,0.11896107710009574,True,1.7031224815112296,0.11896107710009574
manutenção semanal,7,14,14,kalman,False,2026-04-06,0.18102433673314522,True,1.7031282638932908,0.11897566326685194
manutenção semanal,7,14,14,kalman,False,2026-04-08,0.08096884670672466,True,1.7031427212064898,0.11903115329327818
manutenção semanal,7,14,14,kalman,False,2026-04-12,0.5192379514069216,True,1.7031844230564275,0.11923795140691595
manutenção semanal,7,14,14,gpr,False,2026-03-30,0.39915594058281556,True,1.797170371449937,0.0991559405828184
manutenção semanal,7,14,14,gpr,False,2026-03-31,0.29785178003135115,True,1.7972605689960517,0.10214821996865453
manutenção semanal,7,14,14,gpr,False,2026-04-02,0.492449105160091,True,1.7974376432532324,0.3924491051600967
manutenção semanal,7,14,14,gpr,False,2026-04-03,0.3898621872243382,True,1.7975295681521573,0.3898621872243382
manutenção semanal,7,14,14,gpr,False,2026-04-04,0.11262023702460056,True,1.7976340678815461,0.11262023702460056
manutenção semanal,7,14,14,gpr,False,2026-04-05,0.11498006164401886,True,1.7977564304823659,0.11498006164401886
manutenção semanal,7,14,14,gpr,False,2026-04-06,0.18277120525361568,True,1.797898438910977,0.11722879474638148
manutenção semanal,7,14,14,gpr,False,2026-04-08,0.07850465462006184,True,1.7982333872964773,0.121495345379941
manutenção semanal,7,14,14,gpr,False,2026-04-12,0.5299122721583416,True,1.7989002448147744,0.1299122721583359
manutenção semanal,7,14,14,linear,False,2026-03-12,0.01999999999999602,True,2.0624723819171322,0.480000000000004
manutenção semanal,7,14,14,linear,False,2026-03-13,0.2599999999999909,True,2.0029654234948,0.45999999999999375
manutenção semanal,7,14,14,linear,False,2026-03-14,0.23999999999999488,True,1.951991023460323,0.060000000000002274
manutenção semanal,7,14,14,linear,False,2026-03-15,0.0799999999999983,True,1.9102323759252045,0.0799999999999983
manutenção semanal,7,14,14,linear,False,2026-03-17,0.12000000000000455,True,1.8567138169321709,0.12000000000000455
manutenção semanal,7,14,14,linear,False,2026-03-18,0.23999999999999488,True,1.8458239058961396,0.14000000000000057
manutenção semanal,7,14,14,linear,False,2026-03-19,0.7400000000000091,True,1.8458239058961396,0.3400000000000034
manutenção semanal,7,14,14,linear,False,2026-03-20,0.3200000000000074,True,1.8567138169321709,0.3200000000000074
manutenção semanal,7,14,14,linear,False,2026-03-22,1.019999999999996,False,1.9102323759252045,0.21999999999999886
manutenção semanal,7,14,14,linear,False,2026-03-23,0.4399999999999977,True,1.951991023460323,0.23999999999999488
manutenção semanal,7,14,14,linear,False,2026-03-24,0.9599999999999937,True,2.0029654234948,0.2599999999999909
manutenção semanal,7,14,14,linear,False,2026-03-25,1.3799999999999955,False,2.0624723819171322,0.28000000000000114
manutenção semanal,7,14,14,kalman,False,2026-03-12,0.15309796276125098,True,1.6182263561842376,0.346902037238749
manutenção semanal,7,14,14,kalman,False,2026-03-13,0.14711827086152596,True,1.6181509672390746,0.3471182708615288
manutenção semanal,7,14,14,kalman,False,2026-03-14,0.14733449955811295,True,1.6180792943706876,0.1526655004418842
manutenção semanal,7,14,14,kalman,False,2026-03-15,0.15244927651593798,True,1.6180113379714953,0.15244927651593798
manutenção semanal,7,14,14,kalman,False,2026-03-17,0.15201684235395874,True,1.6178865760558665,0.15201684235395874
manutenção semanal,7,14,14,kalman,False,2026-03-18,0.2518006318068444,True,1.6178297712295944,0.1518006318068501
manutenção semanal,7,14,14,kalman,False,2026-03-19,0.7484155745916752,True,1.6177766842528456,0.3484155745916695
manutenção semanal,7,14,14,kalman,False,2026-03-20,0.3486317769971521,True,1.6177273154233376,0.3486317769971521
manutenção semanal,7,14,14,kalman,False,2026-03-22,0.9509358295489392,False,1.617639733301644,0.15093582954894202
manutenção semanal,7,14,14,kalman,False,2026-03-23,0.3507196381894744,True,1.6176015205098508,0.15071963818947154
manutenção semanal,7,14,14,kalman,False,2026-03-24,0.850503450200975,False,1.61756702686597,0.1505034502009721
manutenção semanal,7,14,14,kalman,False,2026-03-25,1.2502872654279003,False,1.6175362525726484,0.15028726542790594
manutenção semanal,7,14,14,gpr,False,2026-03-12,0.12301241058250412,True,1.7485468117116625,0.3769875894174959
manutenção semanal,7,14,14,gpr,False,2026-03-13,0.17631470721877918,True,1.7486071277299402,0.376314707218782
manutenção semanal,7,14,14,gpr,False,2026-03-14,0.1754427860851564,True,1.7486805349078054,0.12455721391484076
manutenção semanal,7,14,14,gpr,False,2026-03-15,0.12543866470326748,True,1.7487603882440226,0.12543866470326748
manutenção semanal,7,14,14,gpr,False,2026-03-17,0.12692880936310758,True,1.748950552644743,0.12692880936310758
manutenção semanal,7,14,14,gpr,False,2026-03-18,0.2275737157286244,True,1.7490704059334519,0.12757371572863008
manutenção semanal,7,14,14,gpr,False,2026-03-19,0.7717467702367315,True,1.7492096133410087,0.37174677023672587
manutenção semanal,7,14,14,gpr,False,2026-03-20,0.37092732263816686,True,1.749366986629667,0.37092732263816686
manutenção semanal,7,14,14,gpr,False,2026-03-22,0.9314606183218075,False,1.749716165317949,0.13146061832181033
manutenção semanal,7,14,14,gpr,False,2026-03-23,0.3329737153658101,True,1.7498901068580324,0.13297371536580727
manutenção semanal,7,14,14,gpr,False,2026-03-24,0.8344117700998055,True,1.7500524894642808,0.13441177009980265
manutenção semanal,7,14,14,gpr,False,2026-03-25,1.2354155162957454,False,1.750205467884257,0.1354155162957511
cutting→bulk,0,3,4,linear,False,2026-02-19,0.10000000000000853,True,1.6669214520176752,0.4000000000000057
cutting→bulk,0,3,4,linear,False,2026-02-20,1.5999999999999943,False,1.6669214520176752,0.5
cutting→bulk,0,3,4,linear,False,2026-02-21,0.6000000000000085,True,1.7524594697788132,0.6000000000000085
cutting→bulk,0,3,4,kalman,False,2026-02-19,0.2866193546718563,True,1.4767701726107134,0.013380645328140872
cutting→bulk,0,3,4,kalman,False,2026-02-20,1.120471535659263,False,1.4774162488861577,0.020471535659268625
cutting→bulk,0,3,4,kalman,False,2026-02-21,0.02739714578703456,True,1.4775710031080962,0.02739714578703456
cutting→bulk,0,3,4,gpr,False,2026-02-19,0.2809603229622013,True,1.5333073311637122,0.019039677037795855
cutting→bulk,0,3,4,gpr,False,2026-02-20,1.116827797336569,False,1.5332947567868018,0.01682779733657469
cutting→bulk,0,3,4,gpr,False,2026-02-21,0.014617276737723728,True,1.5333090683339776,0.014617276737723728
cutting→bulk,0,3,3,linear,False,2026-04-01,0.4749999999999943,True,1.8171754484858411,0.17500000000001137
cutting→bulk,0,3,3,linear,False,2026-04-02,0.45000000000000284,True,1.7458856982358384,0.20000000000001705
cutting→bulk,0,3,3,kalman,False,2026-04-01,0.1220662960855492,True,1.5197125489960115,0.42206629608553214
cutting→bulk,0,3,3,kalman,False,2026-04-02,0.09831413146670798,True,1.5199839874293843,0.34831413146669377
cutting→bulk,0,3,3,gpr,False,2026-04-01,0.16291056601190235,True,1.733015215539325,0.4629105660118853
cutting→bulk,0,3,3,gpr,False,2026-04-02,0.14229189079688354,True,1.7332337363369277,0.3922918907968693
cutting→bulk,0,7,7,linear,False,2026-03-17,0.7374999999999972,True,1.8537430755009154,0.23750000000001137
cutting→bulk,0,7,7,linear,False,2026-03-18,0.025000000000005684,True,1.770572790054871,0.07500000000000284
cutting→bulk,0,7,7,linear,False,2026-03-19,0.21249999999999147,True,1.7187398796303626,0.08749999999999147
cutting→bulk,0,7,7,linear,False,2026-03-20,0.45000000000000284,True,1.7011113122940742,0.2499999999999858
cutting→bulk,0,7,7,linear,False,2026-03-21,0.1875,True,1.7187398796303626,0.4124999999999943
cutting→bulk,0,7,7,linear,False,2026-03-22,0.4750000000000085,True,1.770572790054871,0.5749999999999886
cutting→bulk,0,7,7,linear,False,2026-03-23,0.8375000000000057,True,1.8537430755009154,0.7374999999999972
cutting→bulk,0,7,7,kalman,False,2026-03-17,0.7854558313859599,False,1.5044530871518873,0.2854558313859741
cutting→bulk,0,7,7,kalman,False,2026-03-18,0.17317921665727454,True,1.506204715866403,0.27317921665728306
cutting→bulk,0,7,7,kalman,False,2026-03-19,0.5562760591358114,True,1.5073397318608102,0.2562760591358284
cutting→bulk,0,7,7,kalman,False,2026-03-20,0.034932538338111385,True,1.5077349519795007,0.23493253833812844
cutting→bulk,0,7,7,kalman,False,2026-03-21,0.8093348337806958,False,1.5073509588628156,0.2093348337807015
cutting→bulk,0,7,7,kalman,False,2026-03-22,0.27966912498008867,True,1.5062353151071193,0.17966912498010856
cutting→bulk,0,7,7,kalman,False,2026-03-23,0.046121591452859434,True,1.5045189542841229,0.14612159145286796
cutting→bulk,0,7,7,gpr,False,2026-03-17,0.805230504085813,True,1.6521426435785713,0.3052305040858272
cutting→bulk,0,7,7,gpr,False,2026-03-18,0.1953701855736938,True,1.6524492619608964,0.2953701855737023
cutting→bulk,0,7,7,gpr,False,2026-03-19,0.5811967612772833,True,1.6526533672975745,0.2811967612773003
cutting→bulk,0,7,7,gpr,False,2026-03-20,0.06251585244095281,True,1.6527476976534956,0.26251585244096987
cutting→bulk,0,7,7,gpr,False,2026-03-21,0.8391485567421881,False,1.652727634415811,0.23914855674219382
cutting→bulk,0,7,7,gpr,False,2026-03-22,0.3109324183263027,True,1.6525914115161413,0.2109324183263226
cutting→bulk,0,7,7,gpr,False,2026-03-23,0.07772232218735553,True,1.652340284789119,0.17772232218736406
cutting→bulk,0,7,7,linear,False,2026-03-19,0.4375,True,1.8514034166580018,0.13750000000001705
cutting→bulk,0,7,7,linear,False,2026-03-20,0.025000000000005684,True,1.7683381026594134,0.17500000000001137
cutting→bulk,0,7,7,linear,False,2026-03-21,0.8125,True,1.7165706119410231,0.21250000000000568
cutting→bulk,0,7,7,linear,False,2026-03-22,0.3499999999999943,True,1.6989642940922636,0.2500000000000142
cutting→bulk,0,7,7,linear,False,2026-03-23,0.1875,True,1.7165706119410231,0.2875000000000085
cutting→bulk,0,7,7,linear,False,2026-03-24,1.2250000000000085,False,1.7683381026594134,0.32500000000001705
cutting→bulk,0,7,7,linear,False,2026-03-25,0.26249999999998863,True,1.8514034166580018,0.36250000000001137
cutting→bulk,0,7,7,kalman,False,2026-03-19,0.5535808542988718,True,1.4860432142293405,0.2535808542988889
cutting→bulk,0,7,7,kalman,False,2026-03-20,0.039954297441852304,True,1.4881839150114615,0.23995429744186936
cutting→bulk,0,7,7,kalman,False,2026-03-21,0.8222730082720915,False,1.489714805618405,0.22227300827209717
cutting→bulk,0,7,7,kalman,False,2026-03-22,0.3002310207123884,True,1.490493456440504,0.20023102071240828
cutting→bulk,0,7,7,kalman,False,2026-03-23,0.07352236868560169,True,1.4904636478351563,0.17352236868561022
cutting→bulk,0,7,7,kalman,False,2026-03-24,1.0418410861145304,False,1.4896590248366977,0.14184108611453894
cutting→bulk,0,7,7,kalman,False,2026-03-25,0.004881206921965031,True,1.488199603134177,0.10488120692198777
cutting→bulk,0,7,7,gpr,False,2026-03-19,0.5936204287302331,True,1.6600679470380157,0.2936204287302502
cutting→bulk,0,7,7,gpr,False,2026-03-20,0.08113987691730529,True,1.66068202152519,0.28113987691732234
cutting→bulk,0,7,7,gpr,False,2026-03-21,0.8638696457823158,False,1.661166578388162,0.2638696457823215
cutting→bulk,0,7,7,gpr,False,2026-03-22,0.34153987937303043,True,1.661505890859388,0.24153987937305033
cutting→bulk,0,7,7,gpr,False,2026-03-23,0.11389945724980066,True,1.6616869902765643,0.2138994572498092
cutting→bulk,0,7,7,gpr,False,2026-03-24,1.0807185952873937,False,1.6617002107257406,0.1807185952874022
cutting→bulk,0,7,7,gpr,False,2026-03-25,0.04179133720525385,True,1.661539738908175,0.1417913372052766
cutting→bulk,0,14,15,linear,False,2026-04-04,0.4374999999999858,True,1.935393796235502,0.18749999999997158
cutting→bulk,0,14,15,linear,False,2026-04-05,0.056250000000005684,True,1.8881295450556763,0.1562499999999858
cutting→bulk,0,14,15,linear,False,2026-04-06,0.375,True,1.8485601586021403,0.12499999999998579
cutting→bulk,0,14,15,linear,False,2026-04-08,0.7875000000000085,True,1.7944441947437895,0.06249999999997158
cutting→bulk,0,14,15,linear,False,2026-04-09,0.23124999999998863,True,1.7806582476908375,0.03124999999997158
cutting→bulk,0,14,15,linear,False,2026-04-10,0.14999999999999147,True,1.7760391523675878,2.842170943040401e-14
cutting→bulk,0,14,15,linear,False,2026-04-11,0.3687500000000057,True,1.7806582476908375,0.03125000000002842
cutting→bulk,0,14,15,linear,False,2026-04-12,0.08749999999999147,True,1.7944441947437895,0.06250000000002842
cutting→bulk,0,14,15,linear,False,2026-04-13,0.09375,True,1.8171883748482571,0.09375000000002842
cutting→bulk,0,14,15,linear,False,2026-04-14,0.3750000000000142,True,1.8485601586021403,0.12500000000002842
cutting→bulk,0,14,15,linear,False,2026-04-15,0.04374999999998863,True,1.8881295450556763,0.15625000000004263
cutting→bulk,0,14,15,linear,False,2026-04-16,0.13750000000000284,True,1.935393796235502,0.18750000000002842
cutting→bulk,0,14,15,linear,False,2026-04-17,0.28125,True,1.9898046544208796,0.21875000000002842
cutting→bulk,0,14,15,kalman,False,2026-04-04,0.5668425297714919,True,1.564612470048587,0.31684252977147764
cutting→bulk,0,14,15,kalman,False,2026-04-05,0.1697592543205957,True,1.57200009471552,0.2697592543205758
cutting→bulk,0,14,15,kalman,False,2026-04-06,0.4779882737603032,True,1.5788230447383285,0.22798827376028896
cutting→bulk,0,14,15,kalman,False,2026-04-08,0.6911971170485458,True,1.5897270937429653,0.1588028829514343
cutting→bulk,0,14,15,kalman,False,2026-04-09,0.33059831552279206,True,1.5934006445241664,0.130598315522775
cutting→bulk,0,14,15,kalman,False,2026-04-10,0.25612572862459615,True,1.5957075197233905,0.10612572862457625
cutting→bulk,0,14,15,kalman,False,2026-04-11,0.484990043666798,True,1.59658578764234,0.08499004366676388
cutting→bulk,0,14,15,kalman,False,2026-04-12,0.2167961820593689,True,1.5960345038843684,0.06679618205934901
cutting→bulk,0,14,15,kalman,False,2026-04-13,0.051149065212300115,True,1.5941132187729181,0.051149065212271694
cutting→bulk,0,14,15,kalman,False,2026-04-14,0.2123463854645138,True,1.590939710244868,0.037653614535472
cutting→bulk,0,14,15,kalman,False,2026-04-15,0.22591475143893547,True,1.5866858212144734,0.025914751438904204
cutting→bulk,0,14,15,kalman,False,2026-04-16,0.06553739733259079,True,1.5815711725614108,0.015537397332565206
cutting→bulk,0,14,15,kalman,False,2026-04-17,0.5061264736264093,True,1.5758544386038693,0.006126473626380857
cutting→bulk,0,14,15,gpr,False,2026-04-04,0.6007431058032751,True,1.746187713977207,0.35074310580326085
cutting→bulk,0,14,15,gpr,False,2026-04-05,0.20118643383240453,True,1.7497668605528531,0.30118643383238464
cutting→bulk,0,14,15,gpr,False,2026-04-06,0.5057094313526846,True,1.7530630649583827,0.25570943135267044
cutting→bulk,0,14,15,gpr,False,2026-04-08,0.6738426279393934,True,1.7585630485366153,0.17615737206058668
cutting→bulk,0,14,15,gpr,False,2026-04-09,0.3416475231464773,True,1.7606615812545954,0.14164752314646023
cutting→bulk,0,14,15,gpr,False,2026-04-10,0.2603523784483741,True,1.7622692958359778,0.11035237844835422
cutting→bulk,0,14,15,gpr,False,2026-04-11,0.48204861373628205,True,1.763355686845813,0.08204861373624794
cutting→bulk,0,14,15,gpr,False,2026-04-12,0.2065145303447764,True,1.7639007562556799,0.05651453034475651
cutting→bulk,0,14,15,gpr,False,2026-04-13,0.033532145609939334,True,1.7638955627037376,0.03353214560991091
cutting→bulk,0,14,15,gpr,False,2026-04-14,0.23711083318640647,True,1.7633425045262356,0.012889166813579322
cutting→bulk,0,14,15,gpr,False,2026-04-15,0.19438082754656705,True,1.7622553266140528,0.005619172453464216
cutting→bulk,0,14,15,gpr,False,2026-04-16,0.027811567188976483,True,1.7606588475868818,0.022188432811049097
cutting→bulk,0,14,15,gpr,False,2026-04-17,0.4629965362359485,True,1.7585884102051637,0.037003463764079925
cutting→bulk,0,14,14,linear,False,2026-04-01,0.45333333333333314,True,1.9769023875979315,0.1533333333333502
cutting→bulk,0,14,14,linear,False,2026-04-02,0.4066666666666663,True,1.9198643156144044,0.1566666666666805
cutting→bulk,0,14,14,linear,False,2026-04-04,0.0866666666666589,True,1.8309786729474524,0.1633333333333553
cutting→bulk,0,14,14,linear,False,2026-04-05,0.2666666666666657,True,1.80037520281968,0.16666666666668561
cutting→bulk,0,14,14,linear,False,2026-04-06,0.0799999999999983,True,1.779680547463812,0.17000000000001592
cutting→bulk,0,14,14,linear,False,2026-04-08,1.0266666666666708,False,1.7692424483568345,0.17666666666669073
cutting→bulk,0,14,14,linear,False,2026-04-09,0.01999999999999602,True,1.779680547463812,0.18000000000002103
cutting→bulk,0,14,14,linear,False,2026-04-10,0.03333333333333144,True,1.80037520281968,0.18333333333335133
cutting→bulk,0,14,14,linear,False,2026-04-11,0.21333333333333826,True,1.8309786729474524,0.18666666666669585
cutting→bulk,0,14,14,linear,False,2026-04-12,0.04000000000000625,True,1.8710047943824861,0.19000000000002615
cutting→bulk,0,14,14,linear,False,2026-04-13,0.19333333333332803,True,1.9198643156144044,0.19333333333335645
cutting→bulk,0,14,14,linear,False,2026-04-14,0.44666666666667254,True,1.9769023875979315,0.19666666666668675
cutting→bulk,0,14,14,kalman,False,2026-04-01,0.2049867885457246,True,1.5568558079028207,0.5049867885457076
cutting→bulk,0,14,14,kalman,False,2026-04-02,0.18597057204833334,True,1.562872413348714,0.4359705720483191
cutting→bulk,0,14,14,kalman,False,2026-04-04,0.5643788087135277,True,1.5731458310184792,0.31437880871351354
cutting→bulk,0,14,14,kalman,False,2026-04-05,0.161334739377196,True,1.576949919572769,0.2613347393771761
cutting→bulk,0,14,14,kalman,False,2026-04-06,0.4631461965956163,True,1.5796416616371118,0.21314619659560208
cutting→bulk,0,14,14,kalman,False,2026-04-08,0.7196013543011333,True,1.581347259823616,0.13039864569884685
cutting→bulk,0,14,14,kalman,False,2026-04-09,0.29537111508477665,True,1.5803392464021329,0.0953711150847596
cutting→bulk,0,14,14,kalman,False,2026-04-10,0.21426206602758668,True,1.5781759095857524,0.06426206602756679
cutting→bulk,0,14,14,kalman,False,2026-04-11,0.436837237277814,True,1.574993181445791,0.03683723727777988
cutting→bulk,0,14,14,kalman,False,2026-04-12,0.16286236758601547,True,1.5709794559773513,0.012862367585995571
cutting→bulk,0,14,14,kalman,False,2026-04-13,0.007896804297274684,True,1.5663685912116705,0.007896804297303106
cutting→bulk,0,14,14,kalman,False,2026-04-14,0.27567453962153365,True,1.5614302409702532,0.025674539621547865
cutting→bulk,0,14,14,gpr,False,2026-04-01,0.24458434250483663,True,1.7178877995691266,0.5445843425048196
cutting→bulk,0,14,14,gpr,False,2026-04-02,0.22496653081431361,True,1.7197934548675278,0.4749665308142994
cutting→bulk,0,14,14,gpr,False,2026-04-04,0.5982731694584373,True,1.7231140818080064,0.3482731694584231
cutting→bulk,0,14,14,gpr,False,2026-04-05,0.19103963250034894,True,1.7244751684831954,0.29103963250032905
cutting→bulk,0,14,14,gpr,False,2026-04-06,0.487760683533466,True,1.7256071548667933,0.2377606835334518
cutting→bulk,0,14,14,gpr,False,2026-04-08,0.707345135113556,True,1.727120695827324,0.1426548648864241
cutting→bulk,0,14,14,gpr,False,2026-04-09,0.30060455214906767,True,1.7274822946613142,0.10060455214905062
cutting→bulk,0,14,14,gpr,False,2026-04-10,0.2120636194889869,True,1.727575183182239,0.06206361948896699
cutting→bulk,0,14,14,gpr,False,2026-04-11,0.42690652624534664,True,1.7274015309454853,0.026906526245312534
cutting→bulk,0,14,14,gpr,False,2026-04-12,0.14500371558260383,True,1.7269683542927226,0.004996284417416064
cutting→bulk,0,14,14,gpr,False,2026-04-13,0.03377756033600576,True,1.726287380000457,0.033777560336034185
cutting→bulk,0,14,14,gpr,False,2026-04-14,0.309572433097415,True,1.7253748235591502,0.05957243309742921
cutting→bulk,1,3,4,linear,False,2026-03-24,0.1600000000000108,True,1.8283018972660159,0.060000000000016485
cutting→bulk,1,3,4,linear,False,2026-03-25,0.0799999999999983,True,1.7390619902336653,0.020000000000024443
cutting→bulk,1,3,4,linear,False,2026-03-26,0.020000000000010232,True,1.7390619902336653,0.01999999999999602
cutting→bulk,1,3,4,kalman,False,2026-03-24,0.21025297855936742,True,1.3373666345567017,0.1102529785593731
cutting→bulk,1,3,4,kalman,False,2026-03-25,0.007954801269718814,True,1.3380967241228632,0.09204519873030392
cutting→bulk,1,3,4,kalman,False,2026-03-26,0.06889320723887238,True,1.338327460206898,0.06889320723888659
cutting→bulk,1,3,4,gpr,False,2026-03-24,0.23006644953956368,True,1.2133077961365473,0.13006644953956936
cutting→bulk,1,3,4,gpr,False,2026-03-25,0.006087239606770822,True,1.2136785528299185,0.10608723960679356
cutting→bulk,1,3,4,gpr,False,2026-03-26,0.07695333948794314,True,1.213986237744649,0.07695333948795735
cutting→bulk,1,3,3,linear,False,2026-04-24,0.7249999999999943,True,1.7775556547258589,0.3750000000000284
cutting→bulk,1,3,3,linear,False,2026-04-25,0.45000000000000284,True,1.7078202316622537,0.45000000000003126
cutting→bulk,1,3,3,kalman,False,2026-04-24,0.5407521962307555,True,1.324772872667154,0.19075219623078965
cutting→bulk,1,3,3,kalman,False,2026-04-25,0.17758608654519037,True,1.3243123550611529,0.1775860865452188
cutting→bulk,1,3,3,gpr,False,2026-04-24,0.49051719817714456,True,1.2291157729010251,0.14051719817717867
cutting→bulk,1,3,3,gpr,False,2026-04-25,0.126575198554832,True,1.2290412750748487,0.12657519855486044
cutting→bulk,1,7,8,linear,False,2026-02-07,0.22222222222222854,True,1.8221379745446882,0.32222222222222285
cutting→bulk,1,7,8,linear,False,2026-02-08,0.5333333333333314,True,1.766908795302669,0.3333333333333286
cutting→bulk,1,7,8,linear,False,2026-02-10,0.15555555555555145,True,1.7386364304356334,0.3555555555555543
cutting→bulk,1,7,8,linear,False,2026-02-11,0.2666666666666657,True,1.766908795302669,0.36666666666667425
cutting→bulk,1,7,8,linear,False,2026-02-12,0.17777777777776294,True,1.8221379745446882,0.3777777777777658
cutting→bulk,1,7,8,linear,False,2026-02-13,0.38888888888888573,True,1.9019771185052718,0.38888888888888573
cutting→bulk,1,7,8,kalman,False,2026-02-07,0.06188333355891018,True,1.3671123909634275,0.038116666441084135
cutting→bulk,1,7,8,kalman,False,2026-02-08,0.2455399742936919,True,1.3692661526659151,0.045539974293689056
cutting→bulk,1,7,8,kalman,False,2026-02-10,0.1401586192944535,True,1.3704470905668131,0.05984138070554934
cutting→bulk,1,7,8,kalman,False,2026-02-11,0.03361135453185682,True,1.3693724868130062,0.06638864546815171
cutting→bulk,1,7,8,kalman,False,2026-02-12,0.12768693792924068,True,1.3673039569316074,0.07231306207076216
cutting→bulk,1,7,8,kalman,False,2026-02-13,0.07744921361508261,True,1.364458539897555,0.07744921361508261
cutting→bulk,1,7,8,gpr,False,2026-02-07,0.06905753692780081,True,1.3990427248549224,0.030942463072193505
cutting→bulk,1,7,8,gpr,False,2026-02-08,0.23251022999008342,True,1.3988560320163401,0.032510229990080575
cutting→bulk,1,7,8,gpr,False,2026-02-10,0.16435250622539854,True,1.398563051480835,0.0356474937746043
cutting→bulk,1,7,8,gpr,False,2026-02-11,0.06278300974787498,True,1.3984567775397636,0.03721699025213354
cutting→bulk,1,7,8,gpr,False,2026-02-12,0.16121293715922036,True,1.3983773217636042,0.03878706284078248
cutting→bulk,1,7,8,gpr,False,2026-02-13,0.04035771131658805,True,1.3983246881930995,0.04035771131658805
cutting→bulk,1,7,7,linear,False,2026-04-12,0.3375000000000057,True,1.8609704057551824,0.11250000000002558
cutting→bulk,1,7,7,linear,False,2026-04-13,0.22499999999999432,True,1.777475857940658,0.22500000000002274
cutting→bulk,1,7,7,linear,False,2026-04-14,0.2874999999999943,True,1.7254408625742599,0.3375000000000199
cutting→bulk,1,7,7,linear,False,2026-04-15,0.75,True,1.7077435653908992,0.45000000000003126
cutting→bulk,1,7,7,linear,False,2026-04-16,0.21250000000000568,True,1.7254408625742599,0.5625000000000284
cutting→bulk,1,7,7,linear,False,2026-04-17,0.4749999999999943,True,1.777475857940658,0.6750000000000256
cutting→bulk,1,7,7,linear,False,2026-04-18,0.9375,False,1.8609704057551824,0.7875000000000227
cutting→bulk,1,7,7,kalman,False,2026-04-12,0.14776100662543,True,1.3503725160125555,0.30223899337460125
cutting→bulk,1,7,7,kalman,False,2026-04-13,0.3137320287709855,True,1.3529376867070368,0.3137320287710139
cutting→bulk,1,7,7,kalman,False,2026-04-14,0.27072365541204135,True,1.3548096846332385,0.32072365541206693
cutting→bulk,1,7,7,kalman,False,2026-04-15,0.623398286244992,True,1.3557786845713338,0.3233982862450233
cutting→bulk,1,7,7,kalman,False,2026-04-16,0.02805966578283403,True,1.3557323184951997,0.3219403342171887
cutting→bulk,1,7,7,kalman,False,2026-04-17,0.11653421227579486,True,1.3546634678588134,0.3165342122758261
cutting→bulk,1,7,7,kalman,False,2026-04-18,0.4573643333682327,True,1.3526692917763512,0.3073643333682554
cutting→bulk,1,7,7,gpr,False,2026-04-12,0.13224799123602793,True,1.2441909855215556,0.31775200876400334
cutting→bulk,1,7,7,gpr,False,2026-04-13,0.3269108475366096,True,1.2447158720920584,0.326910847536638
cutting→bulk,1,7,7,gpr,False,2026-04-14,0.2813178789492383,True,1.2450061857703645,0.3313178789492639
cutting→bulk,1,7,7,gpr,False,2026-04-15,0.6313802112831439,False,1.2450517301860202,0.3313802112831752
cutting→bulk,1,7,7,gpr,False,2026-04-16,0.022482250326959274,True,1.244849492780503,0.32751774967306346
cutting→bulk,1,7,7,gpr,False,2026-04-17,0.12015841454233112,True,1.2444038009601286,0.3201584145423624
cutting→bulk,1,7,7,gpr,False,2026-04-18,0.45973337230996947,True,1.243726135372981,0.3097333723099922
cutting→bulk,1,14,15,linear,False,2026-05-16,0.3499999999999943,True,1.9341763174600146,0.0999999999999659
cutting→bulk,1,14,15,linear,False,2026-05-17,0.10000000000000853,True,1.8812866063614706,0.0999999999999659
cutting→bulk,1,14,15,linear,False,2026-05-18,0.5499999999999972,True,1.8353437068454923,0.0999999999999801
cutting→bulk,1,14,15,linear,False,2026-05-19,0.20000000000000284,True,1.7968805491657633,0.0999999999999801
cutting→bulk,1,14,15,linear,False,2026-05-20,0.3499999999999943,True,1.766385816409752,0.0999999999999801
cutting→bulk,1,14,15,linear,False,2026-05-22,0.14999999999999147,True,1.7308769504189456,0.0999999999999659
cutting→bulk,1,14,15,linear,False,2026-05-23,0.29999999999998295,True,1.7263869896771098,0.0999999999999659
cutting→bulk,1,14,15,linear,False,2026-05-25,0.29999999999999716,True,1.74427748812721,0.0999999999999801
cutting→bulk,1,14,15,linear,False,2026-05-26,0.04999999999999716,True,1.766385816409752,0.0999999999999659
cutting→bulk,1,14,15,linear,False,2026-05-27,0.19999999999998863,True,1.7968805491657633,0.0999999999999659
cutting→bulk,1,14,15,linear,False,2026-05-28,0.45000000000001705,True,1.8353437068454923,0.0999999999999659
cutting→bulk,1,14,15,linear,False,2026-05-29,0.09999999999999432,True,1.8812866063614706,0.0999999999999801
cutting→bulk,1,14,15,kalman,False,2026-05-16,0.3243715768929434,True,1.368942276039263,0.07437157689291496
cutting→bulk,1,14,15,kalman,False,2026-05-17,0.11841720398903988,True,1.3776707429755106,0.08158279601093454
cutting→bulk,1,14,15,kalman,False,2026-05-18,0.5623160526272102,True,1.3861099096010037,0.08768394737276708
cutting→bulk,1,14,15,kalman,False,2026-05-19,0.19263898657308687,True,1.3937891824712665,0.09263898657306413
cutting→bulk,1,14,15,kalman,False,2026-05-20,0.34641186920643463,True,1.4002935543954607,0.09641186920642042
cutting→bulk,1,14,15,kalman,False,2026-05-22,0.15026698715081466,True,1.4085012637914076,0.10026698715078908
cutting→bulk,1,14,15,kalman,False,2026-05-23,0.3002771336510932,True,1.4097923816813989,0.10027713365107616
cutting→bulk,1,14,15,kalman,False,2026-05-25,0.29628237968094595,True,1.4064580939466111,0.0962823796809289
cutting→bulk,1,14,15,kalman,False,2026-05-26,0.04220539039974369,True,1.402018178906303,0.09220539039971243
cutting→bulk,1,14,15,kalman,False,2026-05-27,0.18669393371396836,True,1.3960150300053158,0.08669393371394563
cutting→bulk,1,14,15,kalman,False,2026-05-28,0.47028803478177394,True,1.3887731539315382,0.079711965218209
cutting→bulk,1,14,15,kalman,False,2026-05-29,0.07122344050715412,True,1.3806910480793988,0.07122344050713991
cutting→bulk,1,14,15,gpr,False,2026-05-16,0.19951878922924493,True,1.183542744216112,0.05048121077078349
cutting→bulk,1,14,15,gpr,False,2026-05-17,0.24966363978421668,True,1.1836160219522753,0.049663639784242264
cutting→bulk,1,14,15,gpr,False,2026-05-18,0.6989351751654027,False,1.1836757036905112,0.04893517516542545
cutting→bulk,1,14,15,gpr,False,2026-05-19,0.051704402321377074,True,1.1837213881553055,0.04829559767864566
cutting→bulk,1,14,15,gpr,False,2026-05-20,0.20225556790197174,True,1.1837529088414271,0.047744432098042466
cutting→bulk,1,14,15,gpr,False,2026-05-22,0.0030958287517250938,True,1.1837740313271468,0.046904171248300486
cutting→bulk,1,14,15,gpr,False,2026-05-23,0.1533871276155736,True,1.183764572736635,0.04661287238444345
cutting→bulk,1,14,15,gpr,False,2026-05-25,0.1537193799704255,True,1.1837100485335554,0.046280620029591546
cutting→bulk,1,14,15,gpr,False,2026-05-26,0.0962360429505793,True,1.1836676388928424,0.04623604295061057
cutting→bulk,1,14,15,gpr,False,2026-05-27,0.05373028616195086,True,1.1836174186885557,0.04626971383807188
cutting→bulk,1,14,15,gpr,False,2026-05-28,0.5963792805937658,False,1.1835615076206238,0.04637928059378282
cutting→bulk,1,14,15,gpr,False,2026-05-29,0.04656219204730405,True,1.18350236004747,0.04656219204731826
cutting→bulk,1,14,14,linear,False,2026-03-07,0.5733333333333377,True,1.8664740102777273,0.12666666666666515
cutting→bulk,1,14,14,linear,False,2026-03-08,0.2533333333333303,True,1.8126220448891388,0.15333333333333599
cutting→bulk,1,14,14,linear,False,2026-03-09,0.28000000000000114,True,1.766491782157857,0.18000000000000682
cutting→bulk,1,14,14,linear,False,2026-03-10,0.29333333333332234,True,1.7287014917219778,0.20666666666667766
cutting→bulk,1,14,14,linear,False,2026-03-11,0.5333333333333456,True,1.6998075099168375,0.2333333333333485
cutting→bulk,1,14,14,linear,False,2026-03-12,0.060000000000002274,True,1.6802688434577817,0.2600000000000193
cutting→bulk,1,14,14,linear,False,2026-03-13,0.11333333333332973,True,1.670413809227398,0.28666666666667595
cutting→bulk,1,14,14,linear,False,2026-03-14,0.3133333333333326,True,1.670413809227398,0.3133333333333468
cutting→bulk,1,14,14,linear,False,2026-03-15,0.23999999999999488,True,1.6802688434577817,0.3400000000000176
cutting→bulk,1,14,14,linear,False,2026-03-16,0.46666666666666856,True,1.6998075099168375,0.36666666666667425
cutting→bulk,1,14,14,linear,False,2026-03-18,0.1799999999999926,True,1.766491782157857,0.4200000000000159
cutting→bulk,1,14,14,linear,False,2026-03-19,1.046666666666681,False,1.8126220448891388,0.44666666666668675
cutting→bulk,1,14,14,linear,False,2026-03-20,0.27333333333334053,True,1.8664740102777273,0.4733333333333576
cutting→bulk,1,14,14,kalman,False,2026-03-07,0.5584275963340559,True,1.350961737830204,0.14157240366594692
cutting→bulk,1,14,14,kalman,False,2026-03-08,0.24932747528347932,True,1.3580319022310334,0.149327475283485
cutting→bulk,1,14,14,kalman,False,2026-03-09,0.2573498512098382,True,1.3645507824259369,0.1573498512098439
cutting→bulk,1,14,14,kalman,False,2026-03-10,0.334623713740811,True,1.3701153040650524,0.165376286259189
cutting→bulk,1,14,14,kalman,False,2026-03-11,0.4731435352457112,True,1.3743834298220747,0.17314353524571402
cutting→bulk,1,14,14,kalman,False,2026-03-12,0.0196116470164327,True,1.3770907989404009,0.18038835298358435
cutting→bulk,1,14,14,kalman,False,2026-03-13,0.21315250571306876,True,1.378062172701192,0.18684749428693692
cutting→bulk,1,14,14,kalman,False,2026-03-14,0.1922577139699797,True,1.377218575052325,0.19225771396999392
cutting→bulk,1,14,14,kalman,False,2026-03-15,0.09635576684688374,True,1.3745807601541458,0.19635576684690648
cutting→bulk,1,14,14,kalman,False,2026-03-16,0.2988784077318343,True,1.3702693072608838,0.19887840773183996
cutting→bulk,1,14,14,kalman,False,2026-03-18,0.4018555272175348,True,1.357583008206774,0.1981444727824737
cutting→bulk,1,14,14,kalman,False,2026-03-19,0.7943614065765274,False,1.349898263927912,0.1943614065765331
cutting→bulk,1,14,14,kalman,False,2026-03-20,0.012050052364728003,True,1.3418907633917456,0.18794994763528905
cutting→bulk,1,14,14,gpr,False,2026-03-07,0.6019836493475452,True,1.2724199750327045,0.09801635065245762
cutting→bulk,1,14,14,gpr,False,2026-03-08,0.2047599054272098,True,1.2752689513737607,0.10475990542721547
cutting→bulk,1,14,14,gpr,False,2026-03-09,0.21241529508405677,True,1.2776678584883143,0.11241529508406245
cutting→bulk,1,14,14,gpr,False,2026-03-10,0.3791685155776179,True,1.2795344306465495,0.12083148442238212
cutting→bulk,1,14,14,gpr,False,2026-03-11,0.42981592403984337,True,1.2808032611306999,0.1298159240398462
cutting→bulk,1,14,14,gpr,False,2026-03-12,0.06086477294910253,True,1.2814290634593704,0.13913522705091452
cutting→bulk,1,14,14,gpr,False,2026-03-13,0.25148348974128965,True,1.2813890104854408,0.14851651025871604
cutting→bulk,1,14,14,gpr,False,2026-03-14,0.1576493879639287,True,1.2806840273761964,0.1576493879639429
cutting→bulk,1,14,14,gpr,False,2026-03-15,0.06618859628537166,True,1.2793389625612974,0.1661885962853944
cutting→bulk,1,14,14,gpr,False,2026-03-16,0.2737572158823838,True,1.2774016108143371,0.17375721588238946
cutting→bulk,1,14,14,gpr,False,2026-03-18,0.41566008224307893,True,1.272042324408119,0.1843399177569296
cutting→bulk,1,14,14,gpr,False,2026-03-19,0.7864783731372995,False,1.2688067520927007,0.1864783731373052
cutting→bulk,1,14,14,gpr,False,2026-03-20,0.014095164096602275,True,1.2653428106594617,0.18590483590341478
cutting→bulk,2,3,4,linear,False,2026-05-19,0.8599999999999994,True,2.2337071252898113,0.7599999999999767
cutting→bulk,2,3,4,linear,False,2026-05-20,0.11999999999999034,True,2.124679280109291,0.569999999999979
cutting→bulk,2,3,4,kalman,False,2026-05-19,0.17632600103719653,True,1.7670558059022596,0.0763260010371738
cutting→bulk,2,3,4,kalman,False,2026-05-20,0.36090736006920565,True,1.767527843223661,0.08909263993078298
cutting→bulk,2,3,4,gpr,False,2026-05-19,0.20190636574409382,True,1.6739868946401657,0.10190636574407108
cutting→bulk,2,3,4,gpr,False,2026-05-20,0.3363948435391819,True,1.6760894706705471,0.11360515646080671
cutting→bulk,2,3,3,linear,False,2026-04-15,0.5249999999999915,True,2.215387752788075,0.024999999999963052
cutting→bulk,2,3,3,linear,False,2026-04-16,0.05000000000001137,True,2.128475704898136,0.10000000000002274
cutting→bulk,2,3,3,kalman,False,2026-04-15,0.2702962506939315,True,1.770208045552181,0.22970374930609694
cutting→bulk,2,3,3,kalman,False,2026-04-16,0.08212194085282931,True,1.7699823529220566,0.23212194085286342
cutting→bulk,2,3,3,gpr,False,2026-04-15,0.273132692355361,True,1.7838377215134926,0.22686730764466745
cutting→bulk,2,3,3,gpr,False,2026-04-16,0.07620593934633746,True,1.7834001697445387,0.22620593934637157
cutting→bulk,2,7,7,linear,False,2026-02-03,0.32500000000000284,True,2.344339971180773,0.42499999999999716
cutting→bulk,2,7,7,linear,False,2026-02-04,0.9500000000000028,True,2.239158499615229,0.3500000000000085
cutting→bulk,2,7,7,linear,False,2026-02-05,0.9750000000000085,True,2.173607903452904,0.2750000000000057
cutting→bulk,2,7,7,linear,False,2026-02-06,0.29999999999999716,True,2.151313899722112,0.20000000000000284
cutting→bulk,2,7,7,linear,False,2026-02-07,0.375,True,2.173607903452904,0.125
cutting→bulk,2,7,7,linear,False,2026-02-08,0.04999999999999716,True,2.239158499615229,0.04999999999999716
cutting→bulk,2,7,7,linear,False,2026-02-09,0.024999999999991473,True,2.344339971180773,0.024999999999991473
cutting→bulk,2,7,7,kalman,False,2026-02-03,0.14795435605753937,True,1.7845663457994476,0.047954356057545056
cutting→bulk,2,7,7,kalman,False,2026-02-04,0.5435672337456623,True,1.7861293194433472,0.05643276625433202
cutting→bulk,2,7,7,kalman,False,2026-02-05,0.6356319768648007,True,1.7868684596705577,0.06436802313520218
cutting→bulk,2,7,7,kalman,False,2026-02-06,0.02861316130845637,True,1.7866875095457146,0.07138683869153795
cutting→bulk,2,7,7,kalman,False,2026-02-07,0.5771159249148354,True,1.7855820185064601,0.07711592491483543
cutting→bulk,2,7,7,kalman,False,2026-02-08,0.08118199379649127,True,1.7836419895160134,0.08118199379649127
cutting→bulk,2,7,7,kalman,False,2026-02-09,0.08321175732794472,True,1.7810471839959519,0.08321175732794472
cutting→bulk,2,7,7,gpr,False,2026-02-03,0.10448079611994388,True,1.8087970216006966,0.004480796119949559
cutting→bulk,2,7,7,gpr,False,2026-02-04,0.5957196107543439,True,1.808642052986528,0.00428038924565044
cutting→bulk,2,7,7,gpr,False,2026-02-05,0.6958244942745324,True,1.808509702748779,0.00417550572547043
cutting→bulk,2,7,7,gpr,False,2026-02-06,0.09583397331560661,True,1.8083985359148755,0.0041660266843877025
cutting→bulk,2,7,7,gpr,False,2026-02-07,0.5042518036365067,True,1.8083073210162866,0.004251803636506679
cutting→bulk,2,7,7,gpr,False,2026-02-08,0.004432658541702494,True,1.8082350309973947,0.004432658541702494
cutting→bulk,2,7,7,gpr,False,2026-02-09,0.004708383876860012,True,1.808180844082301,0.004708383876860012
cutting→bulk,2,7,7,linear,False,2026-02-28,0.8874999999999886,True,2.2958505335034545,0.48749999999999716
cutting→bulk,2,7,7,linear,False,2026-03-01,0.17500000000001137,True,2.1928445955520317,0.3750000000000142
cutting→bulk,2,7,7,linear,False,2026-03-02,0.0625,True,2.1286498230272457,0.26250000000000284
cutting→bulk,2,7,7,linear,False,2026-03-03,1.1500000000000057,False,2.106816940003256,0.15000000000000568
cutting→bulk,2,7,7,linear,False,2026-03-04,0.7374999999999972,True,2.1286498230272457,0.037500000000008527
cutting→bulk,2,7,7,kalman,False,2026-02-28,0.4972784325791366,True,1.751579657195066,0.09727843257914515
cutting→bulk,2,7,7,kalman,False,2026-03-01,0.09487466949825318,True,1.7534208257961268,0.10512533050174966
cutting→bulk,2,7,7,kalman,False,2026-03-02,0.08695425611773544,True,1.7544631914187505,0.1130457438822674
cutting→bulk,2,7,7,kalman,False,2026-03-03,1.1210454166547095,False,1.7545869791348991,0.12104541665470947
cutting→bulk,2,7,7,kalman,False,2026-03-04,0.8291300927530187,True,1.7537523006171511,0.1291300927530301
cutting→bulk,2,7,7,gpr,False,2026-02-28,0.4269172388544007,True,1.7574041597853238,0.02691723885440922
cutting→bulk,2,7,7,gpr,False,2026-03-01,0.16898724556665456,True,1.7579080661812156,0.031012754433348277
cutting→bulk,2,7,7,gpr,False,2026-03-02,0.16321450933844517,True,1.7580026975982435,0.036785490661557674
cutting→bulk,2,7,7,gpr,False,2026-03-03,1.0442163187668996,False,1.7576823270965178,0.044216318766899576
cutting→bulk,2,7,7,gpr,False,2026-03-04,0.753244328548945,True,1.756957080773617,0.05324432854895633
cutting→bulk,2,14,15,linear,False,2026-03-17,0.16249999999999432,True,2.4239512568564408,0.1624999999999801
cutting→bulk,2,14,15,linear,False,2026-03-18,0.024999999999991473,True,2.357668736211963,0.12499999999998579
cutting→bulk,2,14,15,linear,False,2026-03-19,0.21249999999999147,True,2.3000921088796815,0.08749999999999147
cutting→bulk,2,14,15,linear,False,2026-03-20,0.3499999999999943,True,2.2518892544868834,0.04999999999998295
cutting→bulk,2,14,15,linear,False,2026-03-21,0.4124999999999943,True,2.2136726011631254,0.012499999999988631
cutting→bulk,2,14,15,linear,False,2026-03-23,0.5374999999999943,True,2.1691721284962853,0.06250000000001421
cutting→bulk,2,14,15,linear,False,2026-03-24,1.4210854715202004e-14,True,2.1635452133670015,0.10000000000002274
cutting→bulk,2,14,15,linear,False,2026-03-25,0.4375,True,2.1691721284962853,0.13750000000001705
cutting→bulk,2,14,15,linear,False,2026-03-27,0.11250000000001137,True,2.2136726011631254,0.2125000000000199
cutting→bulk,2,14,15,linear,False,2026-03-29,0.48750000000001137,True,2.3000921088796815,0.28750000000002274
cutting→bulk,2,14,15,kalman,False,2026-03-17,0.22432992118055495,True,1.832346040363774,0.22432992118056916
cutting→bulk,2,14,15,kalman,False,2026-03-18,0.33023082087575517,True,1.8409548443630968,0.23023082087576086
cutting→bulk,2,14,15,kalman,False,2026-03-19,0.5324585810707987,True,1.8492893349631458,0.23245858107081574
cutting→bulk,2,14,15,kalman,False,2026-03-20,0.06928648409666494,True,1.8569142543622092,0.23071351590334643
cutting→bulk,2,14,15,kalman,False,2026-03-21,0.17530406048909697,True,1.863445507227965,0.22469593951090872
cutting→bulk,2,14,15,kalman,False,2026-03-23,0.40135549039840157,True,1.8720362119199194,0.19864450960160696
cutting→bulk,2,14,15,kalman,False,2026-03-24,0.07801128435993121,True,1.8737029942413415,0.17801128435993974
cutting→bulk,2,14,15,kalman,False,2026-03-25,0.4519068044436949,True,1.873502443102609,0.15190680444371196
cutting→bulk,2,14,15,kalman,False,2026-03-27,0.017914662862054342,True,1.8676985270566888,0.08208533713795418
cutting→bulk,2,14,15,kalman,False,2026-03-29,0.18678262078513796,True,1.8558922449966815,0.013217379214850666
cutting→bulk,2,14,15,gpr,False,2026-03-17,0.22275902733653652,True,1.8274315403796493,0.22275902733655073
cutting→bulk,2,14,15,gpr,False,2026-03-18,0.33429279153149594,True,1.8311787538023054,0.23429279153150162
cutting→bulk,2,14,15,gpr,False,2026-03-19,0.5426529770869308,True,1.8346463847740324,0.24265297708694789
cutting→bulk,2,14,15,gpr,False,2026-03-20,0.05263437101517354,True,1.8377408619224695,0.24736562898483783
cutting→bulk,2,14,15,gpr,False,2026-03-21,0.1520372627726374,True,1.8403762222821172,0.24796273722736828
cutting→bulk,2,14,15,gpr,False,2026-03-23,0.36500300592146573,True,1.8439836738259316,0.2349969940785428
cutting→bulk,2,14,15,gpr,False,2026-03-24,0.1205711072914255,True,1.8448501296429924,0.22057110729143403
cutting→bulk,2,14,15,gpr,False,2026-03-25,0.500312822212976,True,1.8450503774656113,0.20031282221299307
cutting→bulk,2,14,15,gpr,False,2026-03-27,0.04086226454792552,True,1.8434424196083228,0.14086226454793405
cutting→bulk,2,14,15,gpr,False,2026-03-29,0.2541253555764911,True,1.8393305776115767,0.05412535557650244
cutting→bulk,2,14,14,linear,False,2026-04-01,0.8200000000000074,True,2.27155611302814,0.4199999999999875
cutting→bulk,2,14,14,linear,False,2026-04-02,0.4933333333333252,True,2.222961058061145,0.3433333333333195
cutting→bulk,2,14,14,linear,False,2026-04-03,0.5666666666666629,True,2.185805888893583,0.2666666666666373
cutting→bulk,2,14,14,linear,False,2026-04-05,0.5133333333333354,True,2.1480081243299196,0.11333333333331552
cutting→bulk,2,14,14,linear,False,2026-04-06,0.6133333333333439,True,2.1480081243299196,0.03666666666664753
cutting→bulk,2,14,14,linear,False,2026-04-07,0.3400000000000034,True,2.1606808485827287,0.040000000000034674
cutting→bulk,2,14,14,linear,False,2026-04-10,0.020000000000010232,True,2.27155611302814,0.27000000000002444
cutting→bulk,2,14,14,linear,False,2026-04-11,0.04666666666668107,True,2.3308756532384223,0.34666666666670665
cutting→bulk,2,14,14,linear,False,2026-04-12,0.37333333333333485,True,2.40012463724878,0.42333333333336043
cutting→bulk,2,14,14,kalman,False,2026-04-01,0.7945302315446412,True,1.8271614124159044,0.3945302315446213
cutting→bulk,2,14,14,kalman,False,2026-04-02,0.4705304434932174,True,1.8319524222671646,0.3205304434932117
cutting→bulk,2,14,14,kalman,False,2026-04-03,0.5515120147859562,True,1.8354654240404784,0.25151201478593066
cutting→bulk,2,14,14,kalman,False,2026-04-05,0.5282342658551471,True,1.8380506778675851,0.1282342658551272
cutting→bulk,2,14,14,kalman,False,2026-04-06,0.5761175391427855,True,1.8369907390402034,0.07388246085720596
cutting→bulk,2,14,14,kalman,False,2026-04-07,0.2756729543453105,True,1.8343936377060857,0.024327045654658264
cutting→bulk,2,14,14,kalman,False,2026-04-10,0.15397671494748977,True,1.8188429615247799,0.09602328505252444
cutting→bulk,2,14,14,kalman,False,2026-04-11,0.17314443505460986,True,1.8118760776471845,0.12685556494541572
cutting→bulk,2,14,14,kalman,False,2026-04-12,0.10312266697883388,True,1.8045460766985002,0.15312266697885946
cutting→bulk,2,14,14,gpr,False,2026-04-01,0.7803149344635614,True,1.8566427144288582,0.3803149344635415
cutting→bulk,2,14,14,gpr,False,2026-04-02,0.4550070249227929,True,1.8577357379925274,0.3050070249227872
cutting→bulk,2,14,14,gpr,False,2026-04-03,0.5349431605869626,True,1.858555133086412,0.23494316058693698
cutting→bulk,2,14,14,gpr,False,2026-04-05,0.5104121783294318,True,1.8593185184690526,0.11041217832941186
cutting→bulk,2,14,14,gpr,False,2026-04-06,0.5941652205414414,True,1.8592493825247516,0.05583477945855009
cutting→bulk,2,14,14,gpr,False,2026-04-07,0.293718241735732,True,1.8588804846682194,0.006281758264236714
cutting→bulk,2,14,14,gpr,False,2026-04-10,0.13673813418370173,True,1.856078589106147,0.11326186581631248
cutting→bulk,2,14,14,gpr,False,2026-04-11,0.15617895570589724,True,1.8546398789748366,0.14382104429412834
cutting→bulk,2,14,14,gpr,False,2026-04-12,0.11997793257398826,True,1.8529905401128985,0.16997793257401383
cutting→bulk,3,3,3,linear,False,2026-03-09,0.5499999999999972,True,1.774240825427313,0.3500000000000085
cutting→bulk,3,3,3,linear,False,2026-03-10,0.5999999999999943,True,1.704635446687746,0.29999999999999716
cutting→bulk,3,3,3,linear,False,2026-03-11,0.14999999999999147,True,1.774240825427313,0.2500000000000142
cutting→bulk,3,3,3,kalman,False,2026-03-09,0.3241726961529281,True,1.3757023957546721,0.12417269615293947
cutting→bulk,3,3,3,kalman,False,2026-03-10,0.41538578402158066,True,1.3766112278887022,0.1153857840215835
cutting→bulk,3,3,3,kalman,False,2026-03-11,0.29436792869434214,True,1.3771637086540522,0.10563207130566354
cutting→bulk,3,3,3,gpr,False,2026-03-09,0.27027752969945595,True,1.291635592832904,0.07027752969946732
cutting→bulk,3,3,3,gpr,False,2026-03-10,0.366122381498144,True,1.2923781844377231,0.06612238149814686
cutting→bulk,3,3,3,gpr,False,2026-03-11,0.3374473780643683,True,1.293016399246369,0.06255262193563738
cutting→bulk,3,3,3,linear,False,2026-04-21,0.15000000000000568,True,1.7908990030497591,0.24999999999997158
cutting→bulk,3,3,3,linear,False,2026-04-22,0.20000000000001705,True,1.7206401060583687,0.2499999999999858
cutting→bulk,3,3,3,linear,False,2026-04-23,0.3500000000000085,True,1.7908990030497591,0.2499999999999858
cutting→bulk,3,3,3,kalman,False,2026-04-21,0.2562908419640735,True,1.3824488808896263,0.14370915803590378
cutting→bulk,3,3,3,kalman,False,2026-04-22,0.0936364193635768,True,1.3826289982622768,0.14363641936354554
cutting→bulk,3,3,3,kalman,False,2026-04-23,0.24229855965324987,True,1.382340145287003,0.14229855965322713
cutting→bulk,3,3,3,gpr,False,2026-04-21,0.20858162304480743,True,1.4101211264660662,0.19141837695516983
cutting→bulk,3,3,3,gpr,False,2026-04-22,0.14841809792666538,True,1.4099078895214916,0.19841809792663412
cutting→bulk,3,3,3,gpr,False,2026-04-23,0.30304730329268637,True,1.4094946262339931,0.20304730329266363
cutting→bulk,3,7,8,linear,False,2026-03-20,0.4333333333333229,True,1.7317374329513484,0.13333333333331154
cutting→bulk,3,7,8,linear,False,2026-03-21,0.1444444444444457,True,1.7040278461925595,0.1444444444444315
cutting→bulk,3,7,8,linear,False,2026-03-23,0.63333333333334,True,1.7317374329513484,0.1666666666666572
cutting→bulk,3,7,8,linear,False,2026-03-24,0.27777777777777146,True,1.7858672427857982,0.17777777777776294
cutting→bulk,3,7,8,linear,False,2026-03-25,0.1888888888888829,True,1.8641171414670055,0.18888888888886868
cutting→bulk,3,7,8,kalman,False,2026-03-20,0.30431096182552153,True,1.3925824174602326,0.004310961825510162
cutting→bulk,3,7,8,kalman,False,2026-03-21,0.017148007113107155,True,1.3935166671319337,0.017148007113092945
cutting→bulk,3,7,8,kalman,False,2026-03-23,0.7490121712414037,False,1.3916035775565945,0.05098782875859342
cutting→bulk,3,7,8,kalman,False,2026-03-24,0.17306657436276396,True,1.3889578552420119,0.07306657436275543
cutting→bulk,3,7,8,kalman,False,2026-03-25,0.0993018559854022,True,1.3855069829714353,0.09930185598538799
cutting→bulk,3,7,8,gpr,False,2026-03-20,0.2811570468166025,True,1.3179277498837223,0.018842953183408895
cutting→bulk,3,7,8,gpr,False,2026-03-21,0.008668962888194187,True,1.3184076534797384,0.008668962888208398
cutting→bulk,3,7,8,gpr,False,2026-03-23,0.7786685826050075,False,1.3177545034281763,0.02133141739498967
cutting→bulk,3,7,8,gpr,False,2026-03-24,0.14233965256106274,True,1.3166689183301798,0.04233965256105421
cutting→bulk,3,7,8,gpr,False,2026-03-25,0.06813722947271117,True,1.3151516537756436,0.06813722947269696
cutting→bulk,3,7,7,linear,False,2026-04-24,0.4125000000000085,True,1.849260119195634,0.16250000000003695
cutting→bulk,3,7,7,linear,False,2026-04-25,0.9250000000000114,False,1.7662909666684357,0.22500000000003695
cutting→bulk,3,7,7,linear,False,2026-04-27,0.25,True,1.6969974694513326,0.35000000000002274
cutting→bulk,3,7,7,linear,False,2026-04-28,0.36249999999999716,True,1.7145834051532063,0.41250000000002274
cutting→bulk,3,7,7,linear,False,2026-04-29,0.4749999999999943,True,1.7662909666684357,0.47500000000002274
cutting→bulk,3,7,7,linear,False,2026-04-30,0.9874999999999972,False,1.849260119195634,0.5375000000000227
cutting→bulk,3,7,7,kalman,False,2026-04-24,0.1727020955083418,True,1.3891159323638362,0.07729790449162977
cutting→bulk,3,7,7,kalman,False,2026-04-25,0.6284033851593165,True,1.3911917735985924,0.07159661484065794
cutting→bulk,3,7,7,kalman,False,2026-04-27,0.16028951919808776,True,1.3928706401498516,0.06028951919806502
cutting→bulk,3,7,7,kalman,False,2026-04-28,0.10489273498109242,True,1.3922389751820106,0.05489273498106684
cutting→bulk,3,7,7,kalman,False,2026-04-29,0.04980647435004926,True,1.3906613413643356,0.049806474350020835
cutting→bulk,3,7,7,kalman,False,2026-04-30,0.40486475180773596,True,1.3883049322674026,0.045135248192238464
cutting→bulk,3,7,7,gpr,False,2026-04-24,0.07780050067252375,True,1.3962391111438706,0.17219949932744782
cutting→bulk,3,7,7,gpr,False,2026-04-25,0.52695645823772,True,1.397159805647135,0.17304354176225445
cutting→bulk,3,7,7,gpr,False,2026-04-27,0.2676685259113185,True,1.3976824300132762,0.16766852591129577
cutting→bulk,3,7,7,gpr,False,2026-04-28,0.21146412603120268,True,1.3972307321149344,0.1614641260311771
cutting→bulk,3,7,7,gpr,False,2026-04-29,0.1530166501403727,True,1.3963176360551017,0.15301665014034427
cutting→bulk,3,7,7,gpr,False,2026-04-30,0.3075373010169784,True,1.3949901930982378,0.14246269898299602
cutting→bulk,3,14,14,linear,False,2026-03-14,0.2533333333333445,True,1.896752962603017,0.05333333333332746
cutting→bulk,3,14,14,linear,False,2026-03-15,0.4933333333333252,True,1.842027381464277,0.10666666666665492
cutting→bulk,3,14,14,linear,False,2026-03-17,0.11333333333334394,True,1.7567454236300932,0.21333333333332405
cutting→bulk,3,14,14,linear,False,2026-03-20,0.673333333333332,True,1.6975121667799726,0.37333333333332064
cutting→bulk,3,14,14,linear,False,2026-03-21,0.4266666666666765,True,1.6975121667799726,0.4266666666666623
cutting→bulk,3,14,14,linear,False,2026-03-23,0.2666666666666657,True,1.7273827080023807,0.5333333333333314
cutting→bulk,3,14,14,linear,False,2026-03-24,0.6866666666666674,True,1.7567454236300932,0.5866666666666589
cutting→bulk,3,14,14,linear,False,2026-03-25,0.6400000000000006,True,1.7951487686256087,0.6399999999999864
cutting→bulk,3,14,14,linear,False,2026-03-26,0.4933333333333394,True,1.842027381464277,0.693333333333328
cutting→bulk,3,14,14,linear,False,2026-03-27,0.7466666666666697,True,1.896752962603017,0.7466666666666555
cutting→bulk,3,14,14,kalman,False,2026-03-14,0.06678300775803336,True,1.4019266966641908,0.1332169922419837
cutting→bulk,3,14,14,kalman,False,2026-03-15,0.729548086956143,False,1.409789285626971,0.12954808695616293
cutting→bulk,3,14,14,kalman,False,2026-03-17,0.21738744332670024,True,1.423924513974896,0.11738744332672013
cutting→bulk,3,14,14,kalman,False,2026-03-20,0.2178747195260371,True,1.4356218817412412,0.08212528047397427
cutting→bulk,3,14,14,kalman,False,2026-03-21,0.06450847627698408,True,1.436073435360953,0.0645084762769983
cutting→bulk,3,14,14,kalman,False,2026-03-23,0.8184950971083396,False,1.4315828326913334,0.018495097108342407
cutting→bulk,3,14,14,kalman,False,2026-03-24,0.11056335983188603,True,1.426913601672652,0.010563359831877506
cutting→bulk,3,14,14,kalman,False,2026-03-25,0.04409758298841382,True,1.4209653760040908,0.04409758298839961
cutting→bulk,3,14,14,kalman,False,2026-03-26,0.11756148665448052,True,1.414092569472075,0.08243851334550811
cutting→bulk,3,14,14,kalman,False,2026-03-27,0.12591709188747302,True,1.4067123927193848,0.1259170918874588
cutting→bulk,3,14,14,gpr,False,2026-03-14,0.02731205727792485,True,1.3651724391643256,0.1726879427220922
cutting→bulk,3,14,14,gpr,False,2026-03-15,0.7723645173982732,False,1.3680707390519444,0.17236451739829306
cutting→bulk,3,14,14,gpr,False,2026-03-17,0.26514062153647444,True,1.3729386781743074,0.16514062153649434
cutting→bulk,3,14,14,gpr,False,2026-03-20,0.16786277372133895,True,1.3769147201787746,0.13213722627867241
cutting→bulk,3,14,14,gpr,False,2026-03-21,0.11368822696137215,True,1.3771846166156365,0.11368822696138636
cutting→bulk,3,14,14,gpr,False,2026-03-23,0.8633991737374487,False,1.3760952152759955,0.06339917373745152
cutting→bulk,3,14,14,gpr,False,2026-03-24,0.06912595060582305,True,1.3747834317326522,0.030874049394185477
cutting→bulk,3,14,14,gpr,False,2026-03-25,0.006990108625814173,True,1.3730193347749378,0.006990108625799962
cutting→bulk,3,14,14,gpr,False,2026-03-26,0.14952754246394306,True,1.3708646602017893,0.05047245753604557
cutting→bulk,3,14,14,gpr,False,2026-03-27,0.09981973260258314,True,1.3683917203821636,0.09981973260256893
cutting→bulk,3,14,14,linear,False,2026-05-16,0.3599999999999852,True,1.9202603217172225,0.010000000000019327
cutting→bulk,3,14,14,linear,False,2026-05-17,0.01999999999999602,True,1.8648565004945112,0.020000000000024443
cutting→bulk,3,14,14,linear,False,2026-05-19,0.7600000000000051,True,1.7785176029068168,0.040000000000020464
cutting→bulk,3,14,14,linear,False,2026-05-20,0.20000000000000284,True,1.7487909812173257,0.05000000000001137
cutting→bulk,3,14,14,linear,False,2026-05-21,0.1599999999999966,True,1.7286892676472405,0.060000000000030695
cutting→bulk,3,14,14,linear,False,2026-05-22,0.38000000000000966,True,1.7185502402096517,0.0700000000000216
cutting→bulk,3,14,14,linear,False,2026-05-23,0.4200000000000017,True,1.7185502402096517,0.08000000000002672
cutting→bulk,3,14,14,linear,False,2026-05-24,0.23999999999999488,True,1.7286892676472405,0.09000000000001762
cutting→bulk,3,14,14,linear,False,2026-05-25,0.09999999999999432,True,1.7487909812173257,0.10000000000002274
cutting→bulk,3,14,14,linear,False,2026-05-26,0.4399999999999977,True,1.7785176029068168,0.11000000000002785
cutting→bulk,3,14,14,linear,False,2026-05-28,0.12000000000000455,True,1.8648565004945112,0.13000000000002387
cutting→bulk,3,14,14,linear,False,2026-05-29,0.44000000000001194,True,1.9202603217172225,0.140000000000029
cutting→bulk,3,14,14,kalman,False,2026-05-16,0.2767265271981785,True,1.4021697168427352,0.07327347280178742
cutting→bulk,3,14,14,kalman,False,2026-05-17,0.07522647941303262,True,1.4106248281379123,0.0752264794130042
cutting→bulk,3,14,14,kalman,False,2026-05-19,0.8778685600132832,False,1.4251404265142469,0.07786856001325759
cutting→bulk,3,14,14,kalman,False,2026-05-20,0.328452169623489,True,1.4304333627138988,0.07845216962347479
cutting→bulk,3,14,14,kalman,False,2026-05-21,0.021526150812121614,True,1.4340322664818927,0.07847384918784428
cutting→bulk,3,14,14,kalman,False,2026-05-22,0.5278808665170374,True,1.4357623991444086,0.0778808665170061
cutting→bulk,3,14,14,kalman,False,2026-05-23,0.5766204894215576,True,1.4355477858751158,0.07662048942152921
cutting→bulk,3,14,14,kalman,False,2026-05-24,0.07536001428798045,True,1.4334138223561297,0.07463998571199681
cutting→bulk,3,14,14,kalman,False,2026-05-25,0.27188662319902335,True,1.4294867132200864,0.0718866231990063
cutting→bulk,3,14,14,kalman,False,2026-05-26,0.6183076696931664,True,1.423989661729479,0.06830766969314084
cutting→bulk,3,14,14,kalman,False,2026-05-28,0.30846206094523154,True,1.4096141290415005,0.05846206094520312
cutting→bulk,3,14,14,kalman,False,2026-05-29,0.24791005867568572,True,1.4015764038499015,0.05208994132429723
cutting→bulk,3,14,14,gpr,False,2026-05-16,0.2931696557179464,True,1.3082883272119261,0.056830344282019496
cutting→bulk,3,14,14,gpr,False,2026-05-17,0.05464336263631253,True,1.3083473483289652,0.05464336263628411
cutting→bulk,3,14,14,gpr,False,2026-05-19,0.8502674043808724,False,1.3085391107015312,0.05026740438084687
cutting→bulk,3,14,14,gpr,False,2026-05-20,0.29807842771518267,True,1.3086718393052479,0.04807842771516846
cutting→bulk,3,14,14,gpr,False,2026-05-21,0.0541112139886053,True,1.3088291222539397,0.045888786011360594
cutting→bulk,3,14,14,gpr,False,2026-05-22,0.49369847927826527,True,1.309010949976681,0.043698479278234004
cutting→bulk,3,14,14,gpr,False,2026-05-23,0.5415075075393077,True,1.3092173116088475,0.04150750753927923
cutting→bulk,3,14,14,gpr,False,2026-05-24,0.11068412916729642,True,1.3094481949950705,0.039315870832680844
cutting→bulk,3,14,14,gpr,False,2026-05-25,0.23712356921139133,True,1.3097035866925921,0.037123569211374274
cutting→bulk,3,14,14,gpr,False,2026-05-26,0.5849306027429861,True,1.3099834719748742,0.03493060274296056
cutting→bulk,3,14,14,gpr,False,2026-05-28,0.2805426756088849,True,1.3106166579933358,0.030542675608856484
cutting→bulk,3,14,14,gpr,False,2026-05-29,0.2716522848480878,True,1.310969922895623,0.02834771515189516
cutting→bulk,4,3,3,linear,False,2026-03-19,0.15000000000000568,True,1.7132724636683179,0.05000000000001137
cutting→bulk,4,3,3,linear,False,2026-03-20,0.4749999999999943,True,1.783230517719943,0.07500000000001705
cutting→bulk,4,3,3,kalman,False,2026-03-19,0.06363586592483728,True,1.3767544971116195,0.03636413407515704
cutting→bulk,4,3,3,kalman,False,2026-03-20,0.34993579042145484,True,1.3766809121909773,0.05006420957852242
cutting→bulk,4,3,3,gpr,False,2026-03-19,0.13446610519666535,True,1.3274073438212497,0.03446610519667104
cutting→bulk,4,3,3,gpr,False,2026-03-20,0.4166190594922341,True,1.327599935818057,0.016619059492256838
cutting→bulk,4,3,3,linear,False,2026-05-09,0.29999999999999716,True,1.7276532219026421,0.0999999999999801
cutting→bulk,4,3,3,linear,False,2026-05-11,0.09999999999999432,True,1.816307688375133,0.19999999999997442
cutting→bulk,4,3,3,kalman,False,2026-05-09,0.36856564872117303,True,1.374160489473951,0.16856564872115598
cutting→bulk,4,3,3,kalman,False,2026-05-11,0.12512246379702674,True,1.3745648718999064,0.174877536202942
cutting→bulk,4,3,3,gpr,False,2026-05-09,0.398708358679599,True,1.3543827696016137,0.19870835867958192
cutting→bulk,4,3,3,gpr,False,2026-05-11,0.10500349421822364,True,1.3548879851164202,0.1949965057817451
cutting→bulk,4,7,7,linear,False,2026-02-23,0.25,True,1.8985396310043825,0.15000000000000568
cutting→bulk,4,7,7,linear,False,2026-02-24,0.10000000000000853,True,1.813359497291117,0.20000000000000284
cutting→bulk,4,7,7,linear,False,2026-02-25,0.25,True,1.7602740207049408,0.25
cutting→bulk,4,7,7,linear,False,2026-02-26,0.30000000000001137,True,1.7422194509168776,0.30000000000001137
cutting→bulk,4,7,7,linear,False,2026-02-27,0.3499999999999943,True,1.7602740207049408,0.3500000000000085
cutting→bulk,4,7,7,linear,False,2026-02-28,0.4000000000000057,True,1.813359497291117,0.4000000000000057
cutting→bulk,4,7,7,linear,False,2026-03-01,0.6499999999999915,True,1.8985396310043825,0.45000000000000284
cutting→bulk,4,7,7,kalman,False,2026-02-23,0.5255219448857389,True,1.3988013517382285,0.1255219448857332
cutting→bulk,4,7,7,kalman,False,2026-02-24,0.4140885407791757,True,1.4008588795099968,0.1140885407791643
cutting→bulk,4,7,7,kalman,False,2026-02-25,0.10179959938241723,True,1.402064537120964,0.10179959938241723
cutting→bulk,4,7,7,kalman,False,2026-02-26,0.08906207155868628,True,1.4023123928345456,0.08906207155868628
cutting→bulk,4,7,7,kalman,False,2026-02-27,0.07628290817115158,True,1.4015937251957098,0.07628290817113736
cutting→bulk,4,7,7,kalman,False,2026-02-28,0.06386906008300741,True,1.3999987069418012,0.06386906008300741
cutting→bulk,4,7,7,kalman,False,2026-03-01,0.14777252184255474,True,1.397710478860347,0.05222747815743389
cutting→bulk,4,7,7,gpr,False,2026-02-23,0.5309748964046008,True,1.4716004558249551,0.13097489640459514
cutting→bulk,4,7,7,gpr,False,2026-02-24,0.4275321585770797,True,1.472364604103774,0.12753215857706834
cutting→bulk,4,7,7,gpr,False,2026-02-25,0.12284140918993103,True,1.472902572776519,0.12284140918993103
cutting→bulk,4,7,7,gpr,False,2026-02-26,0.11697222964865261,True,1.473202917083995,0.11697222964865261
cutting→bulk,4,7,7,gpr,False,2026-02-27,0.11002013867586413,True,1.4732626082694367,0.11002013867584992
cutting→bulk,4,7,7,gpr,False,2026-02-28,0.10210613320344919,True,1.4730870813934303,0.10210613320344919
cutting→bulk,4,7,7,gpr,False,2026-03-01,0.10662415704979367,True,1.4726898757477613,0.09337584295019496
cutting→bulk,4,7,8,linear,False,2026-03-06,0.46666666666665435,True,1.860717652276577,0.2666666666666515
cutting→bulk,4,7,8,linear,False,2026-03-07,0.2666666666666657,True,1.7826104536858622,0.23333333333333428
cutting→bulk,4,7,8,linear,False,2026-03-09,0.36666666666667425,True,1.7009203031554705,0.1666666666666572
cutting→bulk,4,7,8,linear,False,2026-03-10,0.23333333333333428,True,1.7009203031554705,0.13333333333332575
cutting→bulk,4,7,8,linear,False,2026-03-11,0.7000000000000028,True,1.7285793574457955,0.09999999999999432
cutting→bulk,4,7,8,linear,False,2026-03-12,0.23333333333333428,True,1.7826104536858622,0.06666666666664867
cutting→bulk,4,7,8,kalman,False,2026-03-06,0.21170470095324845,True,1.3764312851188265,0.011704700953245606
cutting→bulk,4,7,8,kalman,False,2026-03-07,0.4856141401113945,True,1.3795015255813894,0.014385859888605523
cutting→bulk,4,7,8,kalman,False,2026-03-09,0.22122841961342488,True,1.3833704510530538,0.021228419613407823
cutting→bulk,4,7,8,kalman,False,2026-03-10,0.12536466354444542,True,1.383854569853213,0.025364663544436894
cutting→bulk,4,7,8,kalman,False,2026-03-11,0.6299607789489414,True,1.3833234645856294,0.029960778948932898
cutting→bulk,4,7,8,kalman,False,2026-03-12,0.2649958126023222,True,1.381865837066698,0.03500418739766076
cutting→bulk,4,7,8,gpr,False,2026-03-06,0.23294774758250014,True,1.3632827040802056,0.0329477475824973
cutting→bulk,4,7,8,gpr,False,2026-03-07,0.4715722597701273,True,1.3638672363684634,0.02842774022987271
cutting→bulk,4,7,8,gpr,False,2026-03-09,0.22019047112638646,True,1.36473013220251,0.020190471126369403
cutting→bulk,4,7,8,gpr,False,2026-03-10,0.11678477125597908,True,1.3649933130882914,0.016784771255970554
cutting→bulk,4,7,8,gpr,False,2026-03-11,0.6140864431638846,True,1.3651373812712109,0.014086443163876083
cutting→bulk,4,7,8,gpr,False,2026-03-12,0.2877130836470059,True,1.3651599842256132,0.012286916352977073
cutting→bulk,4,14,14,linear,False,2026-02-14,0.5600000000000023,True,1.972324348063296,0.5600000000000023
cutting→bulk,4,14,14,linear,False,2026-02-15,0.4200000000000017,True,1.9154183627979648,0.519999999999996
cutting→bulk,4,14,14,linear,False,2026-02-16,0.28000000000000114,True,1.8666719886901717,0.47999999999998977
cutting→bulk,4,14,14,linear,False,2026-02-17,0.3399999999999892,True,1.82673855830933,0.4399999999999977
cutting→bulk,4,14,14,linear,False,2026-02-18,0.20000000000000284,True,1.7962059585983354,0.3999999999999915
cutting→bulk,4,14,14,linear,False,2026-02-19,0.44000000000001194,True,1.7755592271819296,0.35999999999999943
cutting→bulk,4,14,14,linear,False,2026-02-20,0.11999999999999034,True,1.7651453002499125,0.3199999999999932
cutting→bulk,4,14,14,linear,False,2026-02-22,0.3400000000000034,True,1.7755592271819296,0.2400000000000091
cutting→bulk,4,14,14,linear,False,2026-02-23,0.6000000000000085,True,1.7962059585983354,0.20000000000000284
cutting→bulk,4,14,14,linear,False,2026-02-24,0.46000000000000796,True,1.82673855830933,0.1599999999999966
cutting→bulk,4,14,14,linear,False,2026-02-25,0.12000000000000455,True,1.8666719886901717,0.12000000000000455
cutting→bulk,4,14,14,linear,False,2026-02-26,0.0799999999999983,True,1.9154183627979648,0.0799999999999983
cutting→bulk,4,14,14,linear,False,2026-02-27,0.04000000000000625,True,1.972324348063296,0.03999999999999204
cutting→bulk,4,14,14,kalman,False,2026-02-14,0.02027434097850289,True,1.410769804292073,0.02027434097850289
cutting→bulk,4,14,14,kalman,False,2026-02-15,0.07746716778832763,True,1.417338435728226,0.022532832211666687
cutting→bulk,4,14,14,kalman,False,2026-02-16,0.17624495351034852,True,1.4234871329393854,0.023755046489640108
cutting→bulk,4,14,14,kalman,False,2026-02-17,0.07594723034664241,True,1.4288733674192997,0.024052769653366113
cutting→bulk,4,14,14,kalman,False,2026-02-18,0.5764622124562067,True,1.433204630151181,0.023537787543787658
cutting→bulk,4,14,14,kalman,False,2026-02-19,0.7776781139981637,False,1.436251610342481,0.0223218860018477
cutting→bulk,4,14,14,kalman,False,2026-02-20,0.17948314913151364,True,1.437857368907686,0.0205168508684892
cutting→bulk,4,14,14,kalman,False,2026-02-22,0.11558652319131113,True,1.4365109574513326,0.015586523191316815
cutting→bulk,4,14,14,kalman,False,2026-02-23,0.4126848023293803,True,1.433644064901074,0.012684802329374634
cutting→bulk,4,14,14,kalman,False,2026-02-24,0.3096410912398113,True,1.4295038939411882,0.009641091239799948
cutting→bulk,4,14,14,kalman,False,2026-02-25,0.006567175763549926,True,1.4243245903693094,0.006567175763549926
cutting→bulk,4,14,14,kalman,False,2026-02-26,0.003574841741539103,True,1.4184039171648806,0.003574841741539103
cutting→bulk,4,14,14,kalman,False,2026-02-27,0.0007758750147530691,True,1.4120901755840691,0.0007758750147388582
cutting→bulk,4,14,14,gpr,False,2026-02-14,0.02116280964136763,True,1.4474785542869597,0.02116280964136763
cutting→bulk,4,14,14,gpr,False,2026-02-15,0.07738691791291785,True,1.4489769987337695,0.022613082087076464
cutting→bulk,4,14,14,gpr,False,2026-02-16,0.1764025058274683,True,1.4503137237834096,0.023597494172520328
cutting→bulk,4,14,14,gpr,False,2026-02-17,0.07591160010413489,True,1.451460990705101,0.024088399895873636
cutting→bulk,4,14,14,gpr,False,2026-02-18,0.5759326287917048,True,1.452395218732505,0.0240673712082895
cutting→bulk,4,14,14,gpr,False,2026-02-19,0.7764741485566162,False,1.4530975650249047,0.02352585144339514
cutting→bulk,4,14,14,gpr,False,2026-02-20,0.17753428474850352,True,1.4535543849102623,0.02246571525149932
cutting→bulk,4,14,14,gpr,False,2026-02-22,0.11885189237091254,True,1.4537047120921613,0.018851892370918222
cutting→bulk,4,14,14,gpr,False,2026-02-23,0.4163576924632224,True,1.4533992266100597,0.016357692463216722
cutting→bulk,4,14,14,gpr,False,2026-02-24,0.31346420370266515,True,1.4528502056076036,0.013464203702653776
cutting→bulk,4,14,14,gpr,False,2026-02-25,0.010230091925862439,True,1.4520722309231076,0.010230091925862439
cutting→bulk,4,14,14,gpr,False,2026-02-26,0.006725483134971455,True,1.4510850142993093,0.006725483134971455
cutting→bulk,4,14,14,gpr,False,2026-02-27,0.003031708259015886,True,1.4499129170282856,0.0030317082590016753
cutting→bulk,4,14,14,linear,False,2026-03-20,0.2799999999999869,True,1.9405433501827645,0.11999999999999034
cutting→bulk,4,14,14,linear,False,2026-03-21,0.2400000000000091,True,1.8845543180539153,0.14000000000000057
cutting→bulk,4,14,14,linear,False,2026-03-23,0.1799999999999926,True,1.7973034533242185,0.1799999999999926
cutting→bulk,4,14,14,linear,False,2026-03-24,0.20000000000000284,True,1.767262839876878,0.19999999999998863
cutting→bulk,4,14,14,linear,False,2026-03-25,0.0799999999999983,True,1.7469487990385062,0.21999999999998465
cutting→bulk,4,14,14,linear,False,2026-03-26,0.060000000000002274,True,1.7367026766514186,0.23999999999999488
cutting→bulk,4,14,14,linear,False,2026-03-27,0.4399999999999977,True,1.7367026766514186,0.2599999999999909
cutting→bulk,4,14,14,linear,False,2026-03-28,0.28000000000000114,True,1.7469487990385062,0.2799999999999869
cutting→bulk,4,14,14,linear,False,2026-03-29,0.19999999999998863,True,1.767262839876878,0.29999999999999716
cutting→bulk,4,14,14,linear,False,2026-03-31,0.539999999999992,True,1.8365934173971254,0.339999999999975
cutting→bulk,4,14,14,linear,False,2026-04-02,0.01999999999999602,True,1.9405433501827645,0.22999999999998977
cutting→bulk,4,14,14,kalman,False,2026-03-20,0.27459420252286293,True,1.4233757574429546,0.12540579747711433
cutting→bulk,4,14,14,kalman,False,2026-03-21,0.24835442327328394,True,1.4305268629285024,0.14835442327327542
cutting→bulk,4,14,14,kalman,False,2026-03-23,0.20216213865350596,True,1.4430988433491336,0.20216213865350596
cutting→bulk,4,14,14,kalman,False,2026-03-24,0.23346344023677545,True,1.4479254386294258,0.23346344023676124
cutting→bulk,4,14,14,kalman,False,2026-03-25,0.03200882091842061,True,1.4514702177805248,0.26799117908156234
cutting→bulk,4,14,14,kalman,False,2026-03-26,0.005966461187512095,True,1.4535800561680503,0.30596646118750925
cutting→bulk,4,14,14,kalman,False,2026-03-27,0.35238960744581505,True,1.454170981053153,0.3476103925541736
cutting→bulk,4,14,14,kalman,False,2026-03-28,0.39314407918116956,True,1.4532305419635918,0.39314407918115535
cutting→bulk,4,14,14,kalman,False,2026-03-29,0.05721137293193124,True,1.4508179653306854,0.44278862706805455
cutting→bulk,4,14,14,kalman,False,2026-03-31,0.7552947306199087,False,1.4421571713075707,0.5552947306198917
cutting→bulk,4,14,14,kalman,False,2026-04-02,0.2868975512064367,True,1.4299576767577946,0.5368975512064225
cutting→bulk,4,14,14,gpr,False,2026-03-20,0.36873437977715184,True,1.3306536588490303,0.03126562022282542
cutting→bulk,4,14,14,gpr,False,2026-03-21,0.1548738618109411,True,1.332037368939183,0.05487386181093257
cutting→bulk,4,14,14,gpr,False,2026-03-23,0.11369590367863225,True,1.334337994125434,0.11369590367863225
cutting→bulk,4,14,14,gpr,False,2026-03-24,0.14917303316002517,True,1.3352169534537666,0.14917303316001096
cutting→bulk,4,14,14,gpr,False,2026-03-25,0.111148812847091,True,1.3358947271061652,0.18885118715289195
cutting→bulk,4,14,14,gpr,False,2026-03-26,0.06716639861561191,True,1.3363602619341464,0.23283360138438525
cutting→bulk,4,14,14,gpr,False,2026-03-27,0.41878843631910456,True,1.3366060763137853,0.28121156368088407
cutting→bulk,4,14,14,gpr,False,2026-03-28,0.334064158784642,True,1.336628402002674,0.3340641587846278
cutting→bulk,4,14,14,gpr,False,2026-03-29,0.1085419436062125,True,1.336427271309816,0.3914580563937733
cutting→bulk,4,14,14,gpr,False,2026-03-31,0.7200733993699089,False,1.3353738951638832,0.5200733993698918
cutting→bulk,4,14,14,gpr,False,2026-04-02,0.26733738270546326,True,1.3335218620230762,0.517337382705449
cutting→bulk,5,3,3,linear,False,2026-03-11,0.375,True,1.5768668851658276,0.2749999999999915
cutting→bulk,5,3,3,linear,False,2026-03-12,0.5499999999999972,True,1.5150046987078838,0.3499999999999801
cutting→bulk,5,3,3,linear,False,2026-03-13,0.42499999999999716,True,1.5768668851658276,0.42499999999999716
cutting→bulk,5,3,3,kalman,False,2026-03-11,0.025861669585012237,True,1.4370478670362843,0.07413833041499629
cutting→bulk,5,3,3,kalman,False,2026-03-12,0.12357591827574765,True,1.4368814212578513,0.0764240817242694
cutting→bulk,5,3,3,kalman,False,2026-03-13,0.07973179852346846,True,1.4362412541071308,0.07973179852346846
cutting→bulk,5,3,3,gpr,False,2026-03-11,0.020865351902457974,True,1.3914942264864862,0.07913464809755055
cutting→bulk,5,3,3,gpr,False,2026-03-12,0.11386451797672237,True,1.3912970044254962,0.08613548202329468
cutting→bulk,5,3,3,gpr,False,2026-03-13,0.09296367753991319,True,1.3909642992310864,0.09296367753991319
cutting→bulk,5,3,3,linear,False,2026-02-24,0.4749999999999943,True,1.545269545566498,0.3749999999999858
cutting→bulk,5,3,3,linear,False,2026-02-26,0.9250000000000114,False,1.545269545566498,0.125
cutting→bulk,5,3,3,kalman,False,2026-02-24,0.20116042448533733,True,1.407280392542134,0.1011604244853288
cutting→bulk,5,3,3,kalman,False,2026-02-26,0.8654001780525249,False,1.4061018149295421,0.06540017805251352
cutting→bulk,5,3,3,gpr,False,2026-02-24,0.24330424345461665,True,1.3217197736738342,0.14330424345460813
cutting→bulk,5,3,3,gpr,False,2026-02-26,0.864708597539007,False,1.3168364687454357,0.0647085975389956
cutting→bulk,5,7,7,linear,False,2026-03-21,0.1875000000000142,True,1.666532556011191,0.1875
cutting→bulk,5,7,7,linear,False,2026-03-22,0.4750000000000085,True,1.591761682840911,0.17499999999999716
cutting→bulk,5,7,7,linear,False,2026-03-23,0.7625000000000028,True,1.5451634061774087,0.16249999999999432
cutting→bulk,5,7,7,linear,False,2026-03-24,0.15000000000000568,True,1.5293151574259696,0.14999999999999147
cutting→bulk,5,7,7,linear,False,2026-03-25,0.23750000000001137,True,1.5451634061774087,0.13749999999998863
cutting→bulk,5,7,7,linear,False,2026-03-26,0.22499999999999432,True,1.591761682840911,0.12499999999998579
cutting→bulk,5,7,7,linear,False,2026-03-27,0.21249999999999147,True,1.666532556011191,0.11249999999998295
cutting→bulk,5,7,7,kalman,False,2026-03-21,0.01278683503298339,True,1.4558664564761443,0.012786835032997601
cutting→bulk,5,7,7,kalman,False,2026-03-22,0.3032494330684301,True,1.4585605000944213,0.003249433068418739
cutting→bulk,5,7,7,kalman,False,2026-03-23,0.6229755021171002,True,1.4605072375008774,0.02297550211709165
cutting→bulk,5,7,7,kalman,False,2026-03-24,0.04679184434419881,True,1.4615252321247851,0.0467918443441846
cutting→bulk,5,7,7,kalman,False,2026-03-25,0.1750989319809264,True,1.4615328996390247,0.07509893198090367
cutting→bulk,5,7,7,kalman,False,2026-03-26,0.2082972372584777,True,1.4605540166043056,0.10829723725846918
cutting→bulk,5,7,7,kalman,False,2026-03-27,0.24678723240808154,True,1.4587149673111526,0.146787232408073
cutting→bulk,5,7,7,gpr,False,2026-03-21,0.06197974247646698,True,1.3786681457385441,0.06197974247648119
cutting→bulk,5,7,7,gpr,False,2026-03-22,0.26371680112985985,True,1.3790777292861947,0.03628319887015152
cutting→bulk,5,7,7,gpr,False,2026-03-23,0.5936526956764538,True,1.379388416951258,0.006347304323554681
cutting→bulk,5,7,7,gpr,False,2026-03-24,0.02799784694101959,True,1.3795940850536113,0.027997846941005378
cutting→bulk,5,7,7,gpr,False,2026-03-25,0.16690994886995725,True,1.3796912853763672,0.06690994886993451
cutting→bulk,5,7,7,gpr,False,2026-03-26,0.21053312577710415,True,1.379679382499404,0.11053312577709562
cutting→bulk,5,7,7,gpr,False,2026-03-27,0.2589966194823319,True,1.3795606605244473,0.15899661948232335
cutting→bulk,5,7,7,linear,False,2026-03-09,0.44999999999998863,True,1.662993673161509,0.15000000000000568
cutting→bulk,5,7,7,linear,False,2026-03-10,0.30000000000001137,True,1.5883815759837887,0.10000000000000853
cutting→bulk,5,7,7,linear,False,2026-03-11,0.04999999999999716,True,1.5418822507878076,0.05000000000001137
cutting→bulk,5,7,7,linear,False,2026-03-12,0.20000000000000284,True,1.5260676558017963,1.4210854715202004e-14
cutting→bulk,5,7,7,linear,False,2026-03-13,0.04999999999999716,True,1.5418822507878076,0.04999999999999716
cutting→bulk,5,7,7,linear,False,2026-03-14,0.3999999999999915,True,1.5883815759837887,0.09999999999999432
cutting→bulk,5,7,7,linear,False,2026-03-15,0.04999999999999716,True,1.662993673161509,0.14999999999997726
cutting→bulk,5,7,7,kalman,False,2026-03-09,0.510306656311954,True,1.444403522032843,0.2103066563119711
cutting→bulk,5,7,7,kalman,False,2026-03-10,0.4169846790462941,True,1.4461773470041237,0.21698467904629126
cutting→bulk,5,7,7,kalman,False,2026-03-11,0.12205867368427903,True,1.4471062829083792,0.22205867368428756
cutting→bulk,5,7,7,kalman,False,2026-03-12,0.025486727820222654,True,1.4470629010620542,0.2254867278202397
cutting→bulk,5,7,7,kalman,False,2026-03-13,0.22722692904847008,True,1.4460221041159969,0.22722692904847008
cutting→bulk,5,7,7,kalman,False,2026-03-14,0.7272373649633153,False,1.444063925717984,0.22723736496332947
cutting→bulk,5,7,7,kalman,False,2026-03-15,0.3254761231590919,True,1.441368054347663,0.2254761231591118
cutting→bulk,5,7,7,gpr,False,2026-03-09,0.5606444275153564,True,1.3614646764588372,0.2606444275153734
cutting→bulk,5,7,7,gpr,False,2026-03-10,0.47363616694468647,True,1.361530873759051,0.2736361669446836
cutting→bulk,5,7,7,gpr,False,2026-03-11,0.18416304316630772,True,1.3615073806943485,0.28416304316631624
cutting→bulk,5,7,7,gpr,False,2026-03-12,0.09199292488486321,True,1.3613926849255051,0.29199292488488027
cutting→bulk,5,7,7,gpr,False,2026-03-13,0.29689821508124226,True,1.361187539395587,0.29689821508124226
cutting→bulk,5,7,7,gpr,False,2026-03-14,0.7986568305782953,False,1.3608949580001024,0.2986568305783095
cutting→bulk,5,7,7,gpr,False,2026-03-15,0.39705317836077825,True,1.360520181701844,0.29705317836079814
cutting→bulk,5,14,14,linear,False,2026-03-05,0.29333333333333655,True,1.7204947802638912,0.10666666666666913
cutting→bulk,5,14,14,linear,False,2026-03-07,0.020000000000010232,True,1.628332285285552,0.12000000000000455
cutting→bulk,5,14,14,linear,False,2026-03-08,0.07333333333333769,True,1.5934976199853281,0.12666666666666515
cutting→bulk,5,14,14,linear,False,2026-03-09,0.4333333333333229,True,1.5668634720662737,0.13333333333333997
cutting→bulk,5,14,14,linear,False,2026-03-10,0.3400000000000034,True,1.5488529487635105,0.14000000000000057
cutting→bulk,5,14,14,linear,False,2026-03-11,0.046666666666666856,True,1.5397686888920532,0.14666666666667538
cutting→bulk,5,14,14,linear,False,2026-03-12,0.046666666666666856,True,1.5397686888920532,0.1533333333333502
cutting→bulk,5,14,14,linear,False,2026-03-13,0.1600000000000108,True,1.5488529487635105,0.1600000000000108
cutting→bulk,5,14,14,linear,False,2026-03-14,0.6666666666666714,True,1.5668634720662737,0.16666666666668561
cutting→bulk,5,14,14,linear,False,2026-03-15,0.27333333333334053,True,1.5934976199853281,0.17333333333336043
cutting→bulk,5,14,14,linear,False,2026-03-16,0.37999999999999545,True,1.628332285285552,0.18000000000000682
cutting→bulk,5,14,14,linear,False,2026-03-17,0.08666666666667311,True,1.6708546433812614,0.18666666666668164
cutting→bulk,5,14,14,linear,False,2026-03-18,0.30666666666665776,True,1.7204947802638912,0.19333333333334224
cutting→bulk,5,14,14,kalman,False,2026-03-05,0.22317285402425568,True,1.4792085879212493,0.17682714597575
cutting→bulk,5,14,14,kalman,False,2026-03-07,0.10694381626312577,True,1.4927745278428404,0.20694381626312008
cutting→bulk,5,14,14,kalman,False,2026-03-08,0.019879327344426656,True,1.4985368179107752,0.2198793273444295
cutting→bulk,5,14,14,kalman,False,2026-03-09,0.5312019866852324,True,1.5031451226483057,0.2312019866852495
cutting→bulk,5,14,14,kalman,False,2026-03-10,0.44076356751141077,True,1.5063315304492448,0.24076356751140793
cutting→bulk,5,14,14,kalman,False,2026-03-11,0.14841584304872413,True,1.50791151835719,0.24841584304873265
cutting→bulk,5,14,14,kalman,False,2026-03-12,0.05401058652304869,True,1.5077905094190953,0.25401058652306574
cutting→bulk,5,14,14,kalman,False,2026-03-13,0.2573995711602066,True,1.5059669962057285,0.2573995711602066
cutting→bulk,5,14,14,kalman,False,2026-03-14,0.7584345701859831,False,1.5025325212648397,0.25843457018599736
cutting→bulk,5,14,14,kalman,False,2026-03-15,0.35696735682626013,True,1.4976685155303926,0.25696735682628
cutting→bulk,5,14,14,kalman,False,2026-03-16,0.45284970430682847,True,1.49163970566741,0.25284970430683984
cutting→bulk,5,14,14,kalman,False,2026-03-17,0.14593338585353877,True,1.4847835392386912,0.2459333858535473
cutting→bulk,5,14,14,kalman,False,2026-03-18,0.2639298253077982,True,1.4774948771878087,0.23607017469220182
cutting→bulk,5,14,14,gpr,False,2026-03-05,0.2288977929698035,True,1.4309401846923606,0.17110220703020218
cutting→bulk,5,14,14,gpr,False,2026-03-07,0.11220177280782195,True,1.432977247800153,0.21220177280781627
cutting→bulk,5,14,14,gpr,False,2026-03-08,0.03095181796295776,True,1.4336989413730805,0.2309518179629606
cutting→bulk,5,14,14,gpr,False,2026-03-09,0.5481372508805293,True,1.4342030540572637,0.2481372508805464
cutting→bulk,5,14,14,gpr,False,2026-03-10,0.46347843504671005,True,1.434479768073743,0.2634784350467072
cutting→bulk,5,14,14,gpr,False,2026-03-11,0.1766928668085228,True,1.434523380299595,0.27669286680853133
cutting→bulk,5,14,14,gpr,False,2026-03-12,0.08749689226081614,True,1.4343323629015572,0.2874968922608332
cutting→bulk,5,14,14,gpr,False,2026-03-13,0.29560747410228316,True,1.4339093675968684,0.29560747410228316
cutting→bulk,5,14,14,gpr,False,2026-03-14,0.8007439950136188,False,1.4332611756246365,0.300743995013633
cutting→bulk,5,14,14,gpr,False,2026-03-15,0.4026300836651444,True,1.4323985951281486,0.3026300836651643
cutting→bulk,5,14,14,gpr,False,2026-03-16,0.5009954491420672,True,1.431336307204731,0.30099544914207854
cutting→bulk,5,14,14,gpr,False,2026-03-17,0.1955777093803306,True,1.430092661393445,0.2955777093803391
cutting→bulk,5,14,14,gpr,False,2026-03-18,0.21387580085948343,True,1.4286894208626677,0.28612419914051657
cutting→bulk,5,14,14,linear,False,2026-05-14,0.18666666666668164,True,1.6485322521676267,0.1633333333333411
cutting→bulk,5,14,14,linear,False,2026-05-16,0.2600000000000051,True,1.5602246053471447,0.09000000000001762
cutting→bulk,5,14,14,linear,False,2026-05-17,0.15333333333333599,True,1.5268469573009895,0.05333333333335588
cutting→bulk,5,14,14,linear,False,2026-05-19,0.21999999999999886,True,1.484069622989466,0.01999999999998181
cutting→bulk,5,14,14,linear,False,2026-05-20,0.6066666666666691,True,1.4753653272502447,0.05666666666665776
cutting→bulk,5,14,14,linear,False,2026-05-21,0.30666666666667197,True,1.4753653272502447,0.09333333333330529
cutting→bulk,5,14,14,linear,False,2026-05-22,0.480000000000004,True,1.484069622989466,0.12999999999998124
cutting→bulk,5,14,14,linear,False,2026-05-23,0.23333333333333428,True,1.501326826489077,0.16666666666664298
cutting→bulk,5,14,14,linear,False,2026-05-24,0.2533333333333445,True,1.5268469573009895,0.20333333333331893
cutting→bulk,5,14,14,linear,False,2026-05-25,0.4399999999999977,True,1.5602246053471447,0.23999999999998067
cutting→bulk,5,14,14,linear,False,2026-05-26,0.5266666666666708,True,1.600968395774828,0.2766666666666424
cutting→bulk,5,14,14,linear,False,2026-05-27,0.11333333333332973,True,1.6485322521676267,0.31333333333330415
cutting→bulk,5,14,14,kalman,False,2026-05-14,0.31687751125288344,True,1.504150899459404,0.0331224887471393
cutting→bulk,5,14,14,kalman,False,2026-05-16,0.3300467922494619,True,1.5189246567246926,0.019953207750560864
cutting→bulk,5,14,14,kalman,False,2026-05-17,0.11346933329241438,True,1.5242502066744237,0.013469333292434271
cutting→bulk,5,14,14,kalman,False,2026-05-19,0.19842093631562818,True,1.5294174849717308,0.0015790636843888706
cutting→bulk,5,14,14,kalman,False,2026-05-20,0.5534769525744281,True,1.5289736440173272,0.003476952574416714
cutting→bulk,5,14,14,kalman,False,2026-05-21,0.39229336279100835,True,1.5264805432886988,0.007706637208968914
cutting→bulk,5,14,14,kalman,False,2026-05-22,0.3609348007737623,True,1.5220382878281953,0.01093480077373954
cutting→bulk,5,14,14,kalman,False,2026-05-23,0.3870137461768337,True,1.5158445390825364,0.012986253823143556
cutting→bulk,5,14,14,kalman,False,2026-05-24,0.06368580691162151,True,1.5081899242963175,0.013685806911595932
cutting→bulk,5,14,14,kalman,False,2026-05-25,0.21285827059358553,True,1.4994496377246946,0.012858270593568477
cutting→bulk,5,14,14,kalman,False,2026-05-26,0.26032845542347616,True,1.4900703510353424,0.010328455423447735
cutting→bulk,5,14,14,kalman,False,2026-05-27,0.1940788280442547,True,1.480551370385001,0.005921171955719728
cutting→bulk,5,14,14,gpr,False,2026-05-14,0.3343137929079347,True,1.3662587989090014,0.01568620709208801
cutting→bulk,5,14,14,gpr,False,2026-05-16,0.33877251330127933,True,1.3772291979265674,0.011227486698743405
cutting→bulk,5,14,14,gpr,False,2026-05-17,0.10708850367204548,True,1.3811551917228826,0.007088503672065372
cutting→bulk,5,14,14,gpr,False,2026-05-19,0.19871753765521305,True,1.3843907777094273,0.001282462344804003
cutting→bulk,5,14,14,gpr,False,2026-05-20,0.5500479155360125,True,1.3848873608491772,4.7915536001141845e-05
cutting→bulk,5,14,14,gpr,False,2026-05-21,0.39867842732827796,True,1.3851507872391267,0.0013215726716993004
cutting→bulk,5,14,14,gpr,False,2026-05-22,0.3538712052369135,True,1.3851336485201955,0.0038712052368907734
cutting→bulk,5,14,14,gpr,False,2026-05-23,0.39073269471613514,True,1.3843812607063342,0.00926730528384212
cutting→bulk,5,14,14,gpr,False,2026-05-24,0.0690316380262459,True,1.381953422435572,0.01903163802622032
cutting→bulk,5,14,14,gpr,False,2026-05-25,0.23406705968780273,True,1.376642687051202,0.03406705968778567
cutting→bulk,5,14,14,gpr,False,2026-05-26,0.30374600756803716,True,1.3677944885889701,0.053746007568008736
cutting→bulk,5,14,14,gpr,False,2026-05-27,0.12508184880671536,True,1.3563292942869225,0.07491815119325906
cutting→bulk,6,3,3,linear,False,2026-03-14,0.25,True,1.629558482769653,0.2500000000000142
cutting→bulk,6,3,3,linear,False,2026-03-15,0.5,True,1.5656291481799371,0.30000000000001137
cutting→bulk,6,3,3,linear,False,2026-03-16,0.04999999999999716,True,1.629558482769653,0.3500000000000085
cutting→bulk,6,3,3,kalman,False,2026-03-14,0.15686272370642484,True,1.4899742988229434,0.15686272370643906
cutting→bulk,6,3,3,kalman,False,2026-03-15,0.3498251429452921,True,1.490357696897746,0.14982514294530347
cutting→bulk,6,3,3,kalman,False,2026-03-16,0.15889220223844802,True,1.4902926089789617,0.14110779776156335
cutting→bulk,6,3,3,gpr,False,2026-03-14,0.19179211996885215,True,1.4905357556206695,0.19179211996886636
cutting→bulk,6,3,3,gpr,False,2026-03-15,0.39630476327695874,True,1.490656506815327,0.1963047632769701
cutting→bulk,6,3,3,gpr,False,2026-03-16,0.10174226240326334,True,1.4907477141790935,0.19825773759674803
cutting→bulk,6,3,3,linear,False,2026-02-17,0.10000000000000853,True,1.5621830050356493,0.5
cutting→bulk,6,3,3,linear,False,2026-02-18,0.05000000000001137,True,1.6259716232632684,0.45000000000000284
cutting→bulk,6,3,3,kalman,False,2026-02-17,0.5752201915783672,True,1.4841650189468396,0.02477980842164129
cutting→bulk,6,3,3,kalman,False,2026-02-18,0.3803384579980644,True,1.4840736531299399,0.019661542001927046
cutting→bulk,6,3,3,gpr,False,2026-02-17,0.6282729520438863,True,1.3909511376599824,0.028272952043877808
cutting→bulk,6,3,3,gpr,False,2026-02-18,0.4342712496460166,True,1.3909025317445014,0.034271249646025126
cutting→bulk,6,7,7,linear,False,2026-05-02,0.8250000000000028,True,1.6720839038241877,0.27499999999997726
cutting→bulk,6,7,7,linear,False,2026-05-03,0.5499999999999972,True,1.597063963138396,0.24999999999997158
cutting→bulk,6,7,7,linear,False,2026-05-04,0.2750000000000057,True,1.5503104640399386,0.2249999999999659
cutting→bulk,6,7,7,linear,False,2026-05-05,0.4000000000000057,True,1.5344094235558998,0.19999999999997442
cutting→bulk,6,7,7,linear,False,2026-05-06,0.375,True,1.5503104640399386,0.17499999999996874
cutting→bulk,6,7,7,linear,False,2026-05-07,0.25,True,1.597063963138396,0.14999999999997726
cutting→bulk,6,7,7,kalman,False,2026-05-02,0.5502385957721572,True,1.5077528717977202,0.000238595772131589
cutting→bulk,6,7,7,kalman,False,2026-05-03,0.2992474472790292,True,1.510013580460793,0.0007525527209963911
cutting→bulk,6,7,7,kalman,False,2026-05-04,0.047556176966324415,True,1.5113086362472643,0.0024438230337153755
cutting→bulk,6,7,7,kalman,False,2026-05-05,0.1951337595721867,True,1.5114844649589259,0.004866240427844559
cutting→bulk,6,7,7,kalman,False,2026-05-06,0.5580508301652429,True,1.5104991883220293,0.008050830165274192
cutting→bulk,6,7,7,kalman,False,2026-05-07,0.08797138249218506,True,1.508425912668855,0.01202861750783768
cutting→bulk,6,7,7,gpr,False,2026-05-02,0.5651986772595166,True,1.6543374193345812,0.015198677259490978
cutting→bulk,6,7,7,gpr,False,2026-05-03,0.3082507769005076,True,1.6573968532051992,0.008250776900482037
cutting→bulk,6,7,7,gpr,False,2026-05-04,0.051549373696289535,True,1.6590916749765086,0.001549373696249745
cutting→bulk,6,7,7,gpr,False,2026-05-05,0.1951200388355545,True,1.6592687007779432,0.004879961164476754
cutting→bulk,6,7,7,gpr,False,2026-05-06,0.5610591510190801,True,1.6578879471654773,0.011059151019111368
cutting→bulk,6,7,7,gpr,False,2026-05-07,0.08295080347005523,True,1.6550277837436056,0.017049196529967503
cutting→bulk,6,7,8,linear,False,2026-04-21,0.46666666666666856,True,1.6252746454957219,0.16666666666669983
cutting→bulk,6,7,8,linear,False,2026-04-22,0.20000000000000284,True,1.5760124129054702,0.1500000000000199
cutting→bulk,6,7,8,linear,False,2026-04-23,0.4333333333333371,True,1.550794587236652,0.13333333333335418
cutting→bulk,6,7,8,linear,False,2026-04-24,0.36666666666667425,True,1.550794587236652,0.11666666666670267
cutting→bulk,6,7,8,linear,False,2026-04-26,0.3333333333333286,True,1.6252746454957219,0.08333333333335702
cutting→bulk,6,7,8,linear,False,2026-04-27,0.23333333333333428,True,1.6964879883983883,0.0666666666666913
cutting→bulk,6,7,8,kalman,False,2026-04-21,0.4157344751375831,True,1.5152258562766292,0.11573447513761437
cutting→bulk,6,7,8,kalman,False,2026-04-22,0.23288050561420448,True,1.5175250361107544,0.11711949438581826
cutting→bulk,6,7,8,kalman,False,2026-04-23,0.4176797992467556,True,1.5188427222107066,0.11767979924677263
cutting→bulk,6,7,8,kalman,False,2026-04-24,0.367427600714862,True,1.51906129697295,0.11742760071489045
cutting→bulk,6,7,8,kalman,False,2026-04-26,0.3645345374500977,True,1.5162449805149265,0.1145345374501261
cutting→bulk,6,7,8,kalman,False,2026-04-27,0.18808190529398416,True,1.5134847379502787,0.11191809470604142
cutting→bulk,6,7,8,gpr,False,2026-04-21,0.3661700446822209,True,1.6027532390926922,0.06617004468225218
cutting→bulk,6,7,8,gpr,False,2026-04-22,0.2935235483158891,True,1.6038915851704303,0.05647645168413362
cutting→bulk,6,7,8,gpr,False,2026-04-23,0.34734906624251494,True,1.604534255269101,0.04734906624253199
cutting→bulk,6,7,8,gpr,False,2026-04-24,0.28906506423741973,True,1.6046569799721624,0.039065064237448155
cutting→bulk,6,7,8,gpr,False,2026-04-26,0.27587893991567114,True,1.6033645256653983,0.02587893991569956
cutting→bulk,6,7,8,gpr,False,2026-04-27,0.27872443056480734,True,1.6020181427982152,0.021275569435218245
cutting→bulk,6,14,14,linear,False,2026-03-10,0.10666666666666913,True,1.7667316402716722,0.20666666666666345
cutting→bulk,6,14,14,linear,False,2026-03-11,0.11333333333332973,True,1.7157574661771093,0.21333333333332405
cutting→bulk,6,14,14,linear,False,2026-03-12,0.6200000000000045,True,1.672092355228557,0.21999999999998465
cutting→bulk,6,14,14,linear,False,2026-03-13,0.4266666666666623,True,1.6363215373974356,0.22666666666665947
cutting→bulk,6,14,14,linear,False,2026-03-14,0.23333333333333428,True,1.6089716190018635,0.23333333333332007
cutting→bulk,6,14,14,linear,False,2026-03-15,0.03999999999999204,True,1.5904770779303874,0.23999999999998067
cutting→bulk,6,14,14,linear,False,2026-03-16,0.5466666666666669,True,1.581148686163374,0.2466666666666555
cutting→bulk,6,14,14,linear,False,2026-03-17,0.653333333333336,True,1.581148686163374,0.2533333333333161
cutting→bulk,6,14,14,linear,False,2026-03-18,0.14000000000000057,True,1.5904770779303874,0.2599999999999909
cutting→bulk,6,14,14,linear,False,2026-03-19,0.2666666666666657,True,1.6089716190018635,0.2666666666666515
cutting→bulk,6,14,14,linear,False,2026-03-20,0.37333333333333485,True,1.6363215373974356,0.2733333333333121
cutting→bulk,6,14,14,linear,False,2026-03-21,0.5799999999999983,True,1.672092355228557,0.2799999999999869
cutting→bulk,6,14,14,linear,False,2026-03-22,0.4866666666666646,True,1.7157574661771093,0.28666666666664753
cutting→bulk,6,14,14,linear,False,2026-03-23,0.30666666666667197,True,1.7667316402716722,0.29333333333332234
cutting→bulk,6,14,14,kalman,False,2026-03-10,0.3546185651693463,True,1.5429990505357694,0.254618565169352
cutting→bulk,6,14,14,kalman,False,2026-03-11,0.361699317593974,True,1.5512852718972283,0.2616993175939797
cutting→bulk,6,14,14,kalman,False,2026-03-12,0.13354015416126686,True,1.5591931891530066,0.26645984583875304
cutting→bulk,6,14,14,kalman,False,2026-03-13,0.06879994279303503,True,1.566284017401557,0.26879994279303787
cutting→bulk,6,14,14,kalman,False,2026-03-14,0.2686194013462284,True,1.5721757525655846,0.2686194013462426
cutting→bulk,6,14,14,kalman,False,2026-03-15,0.46581801438770754,True,1.5765597736039751,0.2658180143877189
cutting→bulk,6,14,14,kalman,False,2026-03-16,0.03970442519319306,True,1.5792124055504075,0.2602955748068183
cutting→bulk,6,14,14,kalman,False,2026-03-17,0.1480481245070706,True,1.5800022943807335,0.2519518754929493
cutting→bulk,6,14,14,kalman,False,2026-03-18,0.6406867093354549,True,1.5788942536822503,0.24068670933546343
cutting→bulk,6,14,14,kalman,False,2026-03-19,0.22639986922372657,True,1.5759499812429851,0.22639986922374078
cutting→bulk,6,14,14,kalman,False,2026-03-20,0.1089911480471244,True,1.5713257480307732,0.20899114804714714
cutting→bulk,6,14,14,kalman,False,2026-03-21,0.11163966130494885,True,1.565266860201632,0.18836033869506252
cutting→bulk,6,14,14,kalman,False,2026-03-22,0.035592765943164295,True,1.558098411548059,0.16440723405685276
cutting→bulk,6,14,14,kalman,False,2026-03-23,0.7370316270218922,True,1.5502116084982447,0.13703162702189786
cutting→bulk,6,14,14,gpr,False,2026-03-10,0.35733802017070104,True,1.520791260767652,0.2573380201707067
cutting→bulk,6,14,14,gpr,False,2026-03-11,0.37188315364973334,True,1.522707768548372,0.27188315364973903
cutting→bulk,6,14,14,gpr,False,2026-03-12,0.11548136718256785,True,1.5244203840840953,0.28451863281745204
cutting→bulk,6,14,14,gpr,False,2026-03-13,0.09492732327215947,True,1.525887879000578,0.2949273232721623
cutting→bulk,6,14,14,gpr,False,2026-03-14,0.3027882407348841,True,1.5270742147824308,0.3027882407348983
cutting→bulk,6,14,14,gpr,False,2026-03-15,0.5077790891516543,True,1.5279496161801092,0.30777908915166563
cutting→bulk,6,14,14,gpr,False,2026-03-16,0.00957886687216103,True,1.5284914646189236,0.3095788668721724
cutting→bulk,6,14,14,gpr,False,2026-03-17,0.09212948475463634,True,1.528684981918218,0.30787051524538356
cutting→bulk,6,14,14,gpr,False,2026-03-18,0.7023435834473304,True,1.5285236824464903,0.3023435834473389
cutting→bulk,6,14,14,gpr,False,2026-03-19,0.29269688312787423,True,1.5280095802673657,0.29269688312788844
cutting→bulk,6,14,14,gpr,False,2026-03-20,0.17864110652975285,True,1.5271531465281214,0.2786411065297756
cutting→bulk,6,14,14,gpr,False,2026-03-21,0.04009861790333957,True,1.5259730209879194,0.2599013820966718
cutting→bulk,6,14,14,gpr,False,2026-03-22,0.03621974223663926,True,1.5244954898782908,0.23621974223665632
cutting→bulk,6,14,14,gpr,False,2026-03-23,0.8073574788374458,False,1.522753749952841,0.20735747883745148
cutting→bulk,6,14,14,linear,False,2026-03-15,0.1666666666666714,True,1.7277825188356815,0.03333333333331723
cutting→bulk,6,14,14,linear,False,2026-03-16,0.36666666666666003,True,1.6779321143344532,0.06666666666664867
cutting→bulk,6,14,14,linear,False,2026-03-17,0.5,True,1.6352296383838052,0.0999999999999801
cutting→bulk,6,14,14,linear,False,2026-03-18,0.2666666666666657,True,1.6002474190561884,0.13333333333332575
cutting→bulk,6,14,14,linear,False,2026-03-19,0.1666666666666714,True,1.5735004531795767,0.1666666666666572
cutting→bulk,6,14,14,linear,False,2026-03-20,0.29999999999999716,True,1.5554136402031133,0.19999999999997442
cutting→bulk,6,14,14,linear,False,2026-03-21,0.5333333333333314,True,1.546290900871071,0.23333333333332007
cutting→bulk,6,14,14,linear,False,2026-03-22,0.46666666666666856,True,1.546290900871071,0.2666666666666515
cutting→bulk,6,14,14,linear,False,2026-03-23,0.29999999999999716,True,1.5554136402031133,0.29999999999999716
cutting→bulk,6,14,14,linear,False,2026-03-24,0.03333333333333144,True,1.5735004531795767,0.3333333333333144
cutting→bulk,6,14,14,linear,False,2026-03-26,0.5,True,1.6352296383838052,0.3999999999999915
cutting→bulk,6,14,14,linear,False,2026-03-27,0.8333333333333428,True,1.6779321143344532,0.4333333333333229
cutting→bulk,6,14,14,linear,False,2026-03-28,0.13333333333333997,True,1.7277825188356815,0.46666666666664014
cutting→bulk,6,14,14,kalman,False,2026-03-15,0.4177717592510106,True,1.5197805180198145,0.217771759251022
cutting→bulk,6,14,14,kalman,False,2026-03-16,0.08187948331107009,True,1.5279804837006168,0.21812051668894128
cutting→bulk,6,14,14,kalman,False,2026-03-17,0.18351456293640922,True,1.5356950781541627,0.21648543706361068
cutting→bulk,6,14,14,kalman,False,2026-03-18,0.6125259189633425,True,1.5424720529963452,0.21252591896335105
cutting→bulk,6,14,14,kalman,False,2026-03-19,0.2059013609765401,True,1.5479246409380494,0.20590136097655432
cutting→bulk,6,14,14,kalman,False,2026-03-20,0.0962711616915044,True,1.5517493802322804,0.19627116169152714
cutting→bulk,6,14,14,kalman,False,2026-03-21,0.11670528030337834,True,1.5537383235412676,0.18329471969663302
cutting→bulk,6,14,14,kalman,False,2026-03-22,0.0333685664197958,True,1.5537865891983813,0.16663143358022126
cutting→bulk,6,14,14,kalman,False,2026-03-23,0.7459407019306354,True,1.551895955728071,0.14594070193064113
cutting→bulk,6,14,14,kalman,False,2026-03-24,0.4208819233362249,True,1.5481748654055707,0.12088192333624193
cutting→bulk,6,14,14,kalman,False,2026-03-26,0.043702180333667684,True,1.536182890872368,0.05629781966634084
cutting→bulk,6,14,14,kalman,False,2026-03-27,0.38390870823248235,True,1.5286093540054537,0.01609129176753754
cutting→bulk,6,14,14,kalman,False,2026-03-28,0.5701543112772924,True,1.5205699608186478,0.02984568872268767
cutting→bulk,6,14,14,gpr,False,2026-03-15,0.49365101313286175,True,1.5050161728465241,0.2936510131328731
cutting→bulk,6,14,14,gpr,False,2026-03-16,0.007429623549555231,True,1.506306618725148,0.29257037645045614
cutting→bulk,6,14,14,gpr,False,2026-03-17,0.11218183104665513,True,1.5074410668570408,0.28781816895336476
cutting→bulk,6,14,14,gpr,False,2026-03-18,0.6791648687933503,True,1.5083966184693338,0.2791648687933588
cutting→bulk,6,14,14,gpr,False,2026-03-19,0.2663919535336987,True,1.509154282349499,0.2663919535337129
cutting→bulk,6,14,14,gpr,False,2026-03-20,0.14929312334875533,True,1.5096992933555953,0.24929312334877807
cutting→bulk,6,14,14,gpr,False,2026-03-21,0.07232452649822108,True,1.510021348103379,0.2276754735017903
cutting→bulk,6,14,14,gpr,False,2026-03-22,0.0013606072896976684,True,1.510114759465523,0.20136060728971472
cutting→bulk,6,14,14,gpr,False,2026-03-23,0.770185681012677,False,1.5099785315210568,0.17018568101268272
cutting→bulk,6,14,14,gpr,False,2026-03-24,0.4340043729740444,True,1.509616356356588,0.13400437297406143
cutting→bulk,6,14,14,gpr,False,2026-03-26,0.05387484215906113,True,1.508251814287405,0.046125157840947395
cutting→bulk,6,14,14,gpr,False,2026-03-27,0.40577527051591744,True,1.5072791662888676,0.005775270515897546
cutting→bulk,6,14,14,gpr,False,2026-03-28,0.5369141720875632,True,1.5061394663090084,0.0630858279124169
cutting→bulk,7,3,4,linear,False,2026-02-17,0.18000000000000682,True,1.588149461860695,0.11999999999999034
cutting→bulk,7,3,4,linear,False,2026-02-18,0.3199999999999932,True,1.588149461860695,0.18000000000000682
cutting→bulk,7,3,4,linear,False,2026-02-19,0.14000000000000057,True,1.669645297619212,0.23999999999999488
cutting→bulk,7,3,4,kalman,False,2026-02-17,0.13762738223611848,True,1.4204959551857712,0.16237261776387868
cutting→bulk,7,3,4,kalman,False,2026-02-18,0.33738954782513986,True,1.4208605960204181,0.16261045217486014
cutting→bulk,7,3,4,kalman,False,2026-02-19,0.06127488870384923,True,1.4204182084513661,0.16127488870384354
cutting→bulk,7,3,4,gpr,False,2026-02-17,0.2765407979572956,True,1.42602008275,0.023459202042701577
cutting→bulk,7,3,4,gpr,False,2026-02-18,0.47512095072754335,True,1.4260284523215034,0.024879049272456655
cutting→bulk,7,3,4,gpr,False,2026-02-19,0.07370033979478308,True,1.4260594650359621,0.02629966020521124
cutting→bulk,7,3,3,linear,False,2026-05-07,0.07500000000000284,True,1.6308698578969825,0.07499999999997442
cutting→bulk,7,3,3,linear,False,2026-05-08,0.5500000000000114,True,1.5668890766484367,2.842170943040401e-14
cutting→bulk,7,3,3,linear,False,2026-05-09,0.125,True,1.6308698578969825,0.07500000000001705
cutting→bulk,7,3,3,kalman,False,2026-05-07,0.0429269823631131,True,1.4065239078309162,0.042926982363084676
cutting→bulk,7,3,3,kalman,False,2026-05-08,0.49872496673113176,True,1.4061929291138426,0.05127503326885119
cutting→bulk,7,3,3,kalman,False,2026-05-09,0.25935760518156314,True,1.4053707903686075,0.05935760518154609
cutting→bulk,7,3,3,gpr,False,2026-05-07,0.04964662947168108,True,1.5151867082886383,0.04964662947165266
cutting→bulk,7,3,3,gpr,False,2026-05-08,0.4927171511147179,True,1.5147276871615531,0.057282848885265025
cutting→bulk,7,3,3,gpr,False,2026-05-09,0.2651551536167034,True,1.514085928369667,0.06515515361668633
cutting→bulk,7,7,9,linear,False,2026-04-12,0.4200000000000017,True,1.5221483785716998,0.06999999999997897
cutting→bulk,7,7,9,linear,False,2026-04-13,0.14999999999999147,True,1.512101084754221,0.04999999999998295
cutting→bulk,7,7,9,linear,False,2026-04-14,0.2799999999999869,True,1.5221483785716998,0.029999999999972715
cutting→bulk,7,7,9,linear,False,2026-04-15,0.39000000000000057,True,1.5519000206227815,0.009999999999962483
cutting→bulk,7,7,9,linear,False,2026-04-16,0.4399999999999977,True,1.6002573709802732,0.010000000000033538
cutting→bulk,7,7,9,linear,False,2026-04-17,0.030000000000001137,True,1.6656006797823295,0.03000000000002956
cutting→bulk,7,7,9,kalman,False,2026-04-12,0.31431004403971485,True,1.372624810929068,0.035689955960307884
cutting→bulk,7,7,9,kalman,False,2026-04-13,0.2360029760666862,True,1.3726562149704193,0.03600297606671177
cutting→bulk,7,7,9,kalman,False,2026-04-14,0.21541375996655177,True,1.370862332229251,0.034586240033462445
cutting→bulk,7,7,9,kalman,False,2026-04-15,0.431838181821945,True,1.3673971708791441,0.03183818182198195
cutting→bulk,7,7,9,kalman,False,2026-04-16,0.4218427646063816,True,1.3625784861331454,0.02815723539364967
cutting→bulk,7,7,9,kalman,False,2026-04-17,0.023941834709859222,True,1.3568679242571307,0.023941834709887644
cutting→bulk,7,7,9,gpr,False,2026-04-12,0.2662271667668392,True,1.4362706710540465,0.08377283323318352
cutting→bulk,7,7,9,gpr,False,2026-04-13,0.283051790420501,True,1.4363452033204567,0.08305179042052657
cutting→bulk,7,7,9,gpr,False,2026-04-14,0.17003278452638426,True,1.4359234616389074,0.07996721547362995
cutting→bulk,7,7,9,gpr,False,2026-04-15,0.4749927145289661,True,1.4350324904098102,0.07499271452900302
cutting→bulk,7,7,9,gpr,False,2026-04-16,0.38143157468769573,True,1.4337188328801744,0.06856842531233553
cutting→bulk,7,7,9,gpr,False,2026-04-17,0.06109600926744463,True,1.4320454518473582,0.06109600926747305
cutting→bulk,7,7,7,linear,False,2026-02-05,0.8125,True,1.6585406985917643,0.5125000000000028
cutting→bulk,7,7,7,linear,False,2026-02-06,0.025000000000005684,True,1.5841283891683133,0.42499999999999716
cutting→bulk,7,7,7,linear,False,2026-02-08,0.25,True,1.5219813260864896,0.25
cutting→bulk,7,7,7,linear,False,2026-02-09,0.4625000000000057,True,1.5377535745558362,0.16249999999999432
cutting→bulk,7,7,7,linear,False,2026-02-10,0.5250000000000057,True,1.5841283891683133,0.07499999999998863
cutting→bulk,7,7,7,linear,False,2026-02-11,0.7125000000000057,True,1.6585406985917643,0.012500000000002842
cutting→bulk,7,7,7,kalman,False,2026-02-05,0.2893373014978664,True,1.414769122711931,0.010662698502130752
cutting→bulk,7,7,7,kalman,False,2026-02-06,0.39235563276609753,True,1.4174500733350612,0.007644367233893945
cutting→bulk,7,7,7,kalman,False,2026-02-08,0.04124769399780348,True,1.4195030097080519,0.04124769399780348
cutting→bulk,7,7,7,kalman,False,2026-02-09,0.3567169928161604,True,1.4186203206905645,0.05671699281614906
cutting→bulk,7,7,7,kalman,False,2026-02-10,0.5285865928808704,True,1.4165445707988624,0.07141340711912392
cutting→bulk,7,7,7,kalman,False,2026-02-11,0.6145765441980302,True,1.4135168155697215,0.08542345580197264
cutting→bulk,7,7,7,gpr,False,2026-02-05,0.30186583832951897,True,1.3328392479842819,0.0018658383295218073
cutting→bulk,7,7,7,gpr,False,2026-02-06,0.3953205373098996,True,1.3327224374676803,0.004679462690091896
cutting→bulk,7,7,7,gpr,False,2026-02-08,0.01046429016265904,True,1.3325371712890046,0.01046429016265904
cutting→bulk,7,7,7,gpr,False,2026-02-09,0.3134352582168134,True,1.3324676220269964,0.013435258216802026
cutting→bulk,7,7,7,gpr,False,2026-02-10,0.5835415768801937,True,1.3324128972403741,0.016458423119800614
cutting→bulk,7,7,7,gpr,False,2026-02-11,0.6804663565838069,False,1.3323726970252778,0.0195336434161959
cutting→bulk,7,14,14,linear,False,2026-03-30,0.060000000000002274,True,1.7316982133367276,0.2400000000000091
cutting→bulk,7,14,14,linear,False,2026-03-31,0.47999999999998977,True,1.6817348322585133,0.0800000000000125
cutting→bulk,7,14,14,linear,False,2026-04-02,0.04000000000000625,True,1.603874079212062,0.0899999999999892
cutting→bulk,7,14,14,linear,False,2026-04-03,0.10000000000000853,True,1.5770664963619367,0.0999999999999801
cutting→bulk,7,14,14,linear,False,2026-04-04,0.1600000000000108,True,1.5589386930216165,0.10999999999998522
cutting→bulk,7,14,14,linear,False,2026-04-05,0.12000000000000455,True,1.5497952787146687,0.11999999999999034
cutting→bulk,7,14,14,linear,False,2026-04-06,0.12000000000000455,True,1.5497952787146687,0.12999999999998124
cutting→bulk,7,14,14,linear,False,2026-04-08,0.0,True,1.5770664963619367,0.14999999999997726
cutting→bulk,7,14,14,linear,False,2026-04-12,0.539999999999992,True,1.7316982133367276,0.1899999999999693
cutting→bulk,7,14,14,kalman,False,2026-03-30,0.38676915117751776,True,1.3914508602916555,0.08676915117750639
cutting→bulk,7,14,14,kalman,False,2026-03-31,0.23297523665938513,True,1.4010696571522772,0.16702476334059213
cutting→bulk,7,14,14,kalman,False,2026-04-02,0.15154914233184513,True,1.4183449383719449,0.20154914233182808
cutting→bulk,7,14,14,kalman,False,2026-04-03,0.1548107186002312,True,1.4248905528122862,0.1548107186002028
cutting→bulk,7,14,14,kalman,False,2026-04-04,0.16473375901064458,True,1.429466671236412,0.114733759010619
cutting→bulk,7,14,14,kalman,False,2026-04-05,0.08081466828321027,True,1.4317952276440167,0.08081466828319606
cutting→bulk,7,14,14,kalman,False,2026-04-06,0.19745014886193246,True,1.4317337155995915,0.05254985113805333
cutting→bulk,7,14,14,kalman,False,2026-04-08,0.1390313435248629,True,1.4245714470862367,0.010968656475114358
cutting→bulk,7,14,14,kalman,False,2026-04-12,0.323499357822314,True,1.390454827062399,0.026500642177708755
cutting→bulk,7,14,14,gpr,False,2026-03-30,0.29918545089022075,True,1.4929243561534804,0.0008145491097906188
cutting→bulk,7,14,14,gpr,False,2026-03-31,0.3286463926485368,True,1.5008543593770582,0.07135360735144047
cutting→bulk,7,14,14,gpr,False,2026-04-02,0.04513011641863329,True,1.5144217243307878,0.09513011641861624
cutting→bulk,7,14,14,gpr,False,2026-04-03,0.046217768363021605,True,1.5193915807785743,0.046217768362993183
cutting→bulk,7,14,14,gpr,False,2026-04-04,0.056221122147462665,True,1.5227921451592863,0.006221122147437086
cutting→bulk,7,14,14,gpr,False,2026-04-05,0.02540873612672101,True,1.5244434344140814,0.02540873612673522
cutting→bulk,7,14,14,gpr,False,2026-04-06,0.29931274668196295,True,1.5242524951185032,0.04931274668197716
cutting→bulk,7,14,14,gpr,False,2026-04-08,0.22686758961663145,True,1.5184400126604487,0.07686758961665419
cutting→bulk,7,14,14,gpr,False,2026-04-12,0.2763854765984206,True,1.4906019746083246,0.07361452340160213
cutting→bulk,7,14,14,linear,False,2026-03-12,0.4866666666666646,True,1.7418870213325874,0.013333333333349628
cutting→bulk,7,14,14,linear,False,2026-03-13,0.173333333333332,True,1.6916296702700322,0.026666666666670835
cutting→bulk,7,14,14,linear,False,2026-03-14,0.3400000000000034,True,1.648578598838128,0.040000000000020464
cutting→bulk,7,14,14,linear,False,2026-03-15,0.05333333333334167,True,1.613310807226668,0.05333333333335588
cutting→bulk,7,14,14,linear,False,2026-03-17,0.0799999999999983,True,1.5681110343095952,0.0800000000000125
cutting→bulk,7,14,14,linear,False,2026-03-18,0.006666666666674814,True,1.5589138228155264,0.09333333333333371
cutting→bulk,7,14,14,linear,False,2026-03-19,0.5066666666666748,True,1.5589138228155264,0.10666666666668334
cutting→bulk,7,14,14,linear,False,2026-03-20,0.12000000000000455,True,1.5681110343095952,0.12000000000001876
cutting→bulk,7,14,14,linear,False,2026-03-22,0.653333333333336,True,1.613310807226668,0.14666666666667538
cutting→bulk,7,14,14,linear,False,2026-03-23,0.04000000000000625,True,1.648578598838128,0.1599999999999966
cutting→bulk,7,14,14,linear,False,2026-03-24,0.5266666666666708,True,1.6916296702700322,0.17333333333334622
cutting→bulk,7,14,14,linear,False,2026-03-25,0.9133333333333411,False,1.7418870213325874,0.18666666666668164
cutting→bulk,7,14,14,kalman,False,2026-03-12,0.40373769073096355,True,1.4192355327472228,0.09626230926905066
cutting→bulk,7,14,14,kalman,False,2026-03-13,0.09597506466566585,True,1.4277739296838092,0.10402493533433699
cutting→bulk,7,14,14,kalman,False,2026-03-14,0.411796972000289,True,1.435528187290572,0.11179697200030603
cutting→bulk,7,14,14,kalman,False,2026-03-15,0.11913927662854462,True,1.4420457327072427,0.11913927662855883
cutting→bulk,7,14,14,kalman,False,2026-03-17,0.13077811921819205,True,1.449949872572347,0.13077811921820626
cutting→bulk,7,14,14,kalman,False,2026-03-18,0.03419637190273761,True,1.4508694615932711,0.13419637190274614
cutting→bulk,7,14,14,kalman,False,2026-03-19,0.5354283219959086,True,1.4496381885231244,0.13542832199591714
cutting→bulk,7,14,14,kalman,False,2026-03-20,0.1340348268592635,True,1.446303036332182,0.1340348268592777
cutting→bulk,7,14,14,kalman,False,2026-03-22,0.678385069657125,True,1.4340830085856737,0.1216149303428864
cutting→bulk,7,14,14,kalman,False,2026-03-23,0.09028975631370884,True,1.4258493300705766,0.109710243686294
cutting→bulk,7,14,14,kalman,False,2026-03-24,0.6065764587537643,True,1.4167914478628347,0.09342354124625274
cutting→bulk,7,14,14,kalman,False,2026-03-25,1.027684319615716,False,1.4074430220454985,0.0723156803843068
cutting→bulk,7,14,14,gpr,False,2026-03-12,0.42741033001493633,True,1.5893503759129715,0.07258966998507788
cutting→bulk,7,14,14,gpr,False,2026-03-13,0.1202157732885496,True,1.5934806473203764,0.07978422671145324
cutting→bulk,7,14,14,gpr,False,2026-03-14,0.38748531245239803,True,1.5970212212338595,0.08748531245241509
cutting→bulk,7,14,14,gpr,False,2026-03-15,0.09530266117580766,True,1.5998527092173163,0.09530266117582187
cutting→bulk,7,14,14,gpr,False,2026-03-17,0.10952412766556563,True,1.6030373355661993,0.10952412766557984
cutting→bulk,7,14,14,gpr,False,2026-03-18,0.014963288837677169,True,1.6032904025316839,0.1149632888376857
cutting→bulk,7,14,14,gpr,False,2026-03-19,0.5186011322847293,True,1.6026389448140037,0.11860113228473779
cutting→bulk,7,14,14,gpr,False,2026-03-20,0.11989976772103716,True,1.6011161693284066,0.11989976772105138
cutting→bulk,7,14,14,gpr,False,2026-03-22,0.6867131513501903,True,1.5957454725198659,0.11328684864982108
cutting→bulk,7,14,14,gpr,False,2026-03-23,0.09571949917413747,True,1.5921086707091376,0.10428050082586537
cutting→bulk,7,14,14,gpr,False,2026-03-24,0.6092399315411967,True,1.5880121795063644,0.09076006845882034
cutting→bulk,7,14,14,gpr,False,2026-03-25,1.027787448189457,False,1.583602598977393,0.07221255181056563
cutting rápido,0,3,4,linear,False,2026-02-19,0.03999999999999204,True,1.7048981159128118,0.3599999999999852
cutting rápido,0,3,4,linear,False,2026-02-20,1.5600000000000023,False,1.7048981159128118,0.46000000000000796
cutting rápido,0,3,4,linear,False,2026-02-21,0.5800000000000125,True,1.792384904893396,0.5600000000000023
cutting rápido,0,3,4,kalman,False,2026-02-19,0.2759894828194831,True,1.4486889219111276,0.04401051718051008
cutting rápido,0,3,4,kalman,False,2026-02-20,1.1439831710862904,False,1.448540634069218,0.043983171086296124
cutting rápido,0,3,4,kalman,False,2026-02-21,0.06395582660948662,True,1.4483958890220663,0.04395582660947639
cutting rápido,0,3,4,gpr,False,2026-02-19,0.28092815234670354,True,1.4521317101152533,0.03907184765328964
cutting rápido,0,3,4,gpr,False,2026-02-20,1.1386263825438618,False,1.4521192560462453,0.03862638254386752
cutting rápido,0,3,4,gpr,False,2026-02-21,0.05818267109964381,True,1.452132245531061,0.03818267109963358
cutting rápido,0,3,3,linear,False,2026-04-01,0.5999999999999943,True,1.8475641592686998,0.30000000000001137
cutting rápido,0,3,3,linear,False,2026-04-02,0.6000000000000085,True,1.7750822271608797,0.28000000000001535
cutting rápido,0,3,3,kalman,False,2026-04-01,0.3413267086855001,True,1.482075518699105,0.04132670868551713
cutting rápido,0,3,3,kalman,False,2026-04-02,0.36139107291656103,True,1.482075887351101,0.04139107291656785
cutting rápido,0,3,3,gpr,False,2026-04-01,0.3526065699410026,True,1.6404191344200854,0.05260656994101964
cutting rápido,0,3,3,gpr,False,2026-04-02,0.37378998620314974,True,1.6404257588069413,0.05378998620315656
cutting rápido,0,7,7,linear,False,2026-03-17,0.75,True,1.8801646124128126,0.25
cutting rápido,0,7,7,linear,False,2026-03-18,0.0,True,1.7958088947480633,0.0799999999999983
cutting rápido,0,7,7,linear,False,2026-03-19,0.25,True,1.7432372060245882,0.0899999999999892
cutting rápido,0,7,7,linear,False,2026-03-20,0.4000000000000057,True,1.7253573774165716,0.2600000000000051
cutting rápido,0,7,7,linear,False,2026-03-21,0.14999999999999147,True,1.7432372060245882,0.4299999999999926
cutting rápido,0,7,7,linear,False,2026-03-22,0.5,True,1.7958088947480633,0.5999999999999943
cutting rápido,0,7,7,linear,False,2026-03-23,0.9500000000000028,False,1.8801646124128126,0.769999999999996
cutting rápido,0,7,7,kalman,False,2026-03-17,0.5460265489799525,True,1.4860083445188934,0.04602654897995251
cutting rápido,0,7,7,kalman,False,2026-03-18,0.03395668421147491,True,1.485952147730103,0.04604331578852339
cutting rápido,0,7,7,kalman,False,2026-03-19,0.3860600815513209,True,1.485899573142376,0.04606008155133168
cutting rápido,0,7,7,kalman,False,2026-03-20,0.0939231536627716,True,1.4858506211044755,0.04607684633722897
cutting rápido,0,7,7,kalman,False,2026-03-21,0.6260936102151078,True,1.485805291941631,0.046093610215123704
cutting rápido,0,7,7,kalman,False,2026-03-22,0.1461103732538902,True,1.4857635859554534,0.04611037325389589
cutting rápido,0,7,7,kalman,False,2026-03-23,0.13387286447756708,True,1.4857255034239358,0.046127135522439744
cutting rápido,0,7,7,gpr,False,2026-03-17,0.5340099470992499,True,1.6137802185527903,0.03400994709924987
cutting rápido,0,7,7,gpr,False,2026-03-18,0.045645881832271584,True,1.6137400128055788,0.03435411816772671
cutting rápido,0,7,7,gpr,False,2026-03-19,0.3747001114255113,True,1.6137254443544577,0.034700111425522095
cutting rápido,0,7,7,gpr,False,2026-03-20,0.10495207335168288,True,1.6137365144927855,0.035047926648317684
cutting rápido,0,7,7,gpr,False,2026-03-21,0.6153975635719604,True,1.6137732236897762,0.03539756357197632
cutting rápido,0,7,7,gpr,False,2026-03-22,0.13574902189249372,True,1.6138355715905561,0.0357490218924994
cutting rápido,0,7,7,gpr,False,2026-03-23,0.1438976987339231,True,1.6139235570162214,0.036102301266083714
cutting rápido,0,7,7,linear,False,2026-03-19,0.4624999999999915,True,1.8826669167377474,0.12250000000000227
cutting rápido,0,7,7,linear,False,2026-03-20,0.025000000000005684,True,1.7981989303515604,0.16500000000000625
cutting rápido,0,7,7,linear,False,2026-03-21,0.7874999999999943,True,1.7455572741565106,0.20750000000001023
cutting rápido,0,7,7,linear,False,2026-03-22,0.3499999999999943,True,1.7276536493488663,0.25
cutting rápido,0,7,7,linear,False,2026-03-23,0.11249999999999716,True,1.7455572741565106,0.292500000000004
cutting rápido,0,7,7,linear,False,2026-03-24,1.2749999999999915,False,1.7981989303515604,0.33500000000000796
cutting rápido,0,7,7,linear,False,2026-03-25,0.23750000000001137,True,1.8826669167377474,0.37750000000001194
cutting rápido,0,7,7,kalman,False,2026-03-19,0.38871702577908707,True,1.4597508912935382,0.04871702577909787
cutting rápido,0,7,7,kalman,False,2026-03-20,0.09126581862929584,True,1.4597032126962688,0.04873418137070473
cutting rápido,0,7,7,kalman,False,2026-03-21,0.6287513331490118,True,1.4596590887606453,0.04875133314902769
cutting rápido,0,7,7,kalman,False,2026-03-22,0.14876848119017438,True,1.459618519724927,0.04876848119018007
cutting rápido,0,7,7,kalman,False,2026-03-23,0.13121437442970318,True,1.4595815058091546,0.04878562557030364
cutting rápido,0,7,7,kalman,False,2026-03-24,0.9888027663655379,False,1.4595480472152076,0.04880276636555436
cutting rápido,0,7,7,kalman,False,2026-03-25,0.09118009634798341,True,1.459518144126747,0.04881990365201716
cutting rápido,0,7,7,gpr,False,2026-03-19,0.3804175655049278,True,1.615038857783361,0.04041756550493858
cutting rápido,0,7,7,gpr,False,2026-03-20,0.0977321125084103,True,1.6150032604461444,0.04226788749159027
cutting rápido,0,7,7,gpr,False,2026-03-21,0.6241198428898826,True,1.6149942458881412,0.044119842889898564
cutting rápido,0,7,7,gpr,False,2026-03-22,0.1459734315422878,True,1.615011815102406,0.0459734315422935
cutting rápido,0,7,7,gpr,False,2026-03-23,0.13217134674424358,True,1.6150559681683205,0.04782865325576324
cutting rápido,0,7,7,gpr,False,2026-03-24,0.9896855078017666,False,1.6151267042515656,0.049685507801783046
cutting rápido,0,7,7,gpr,False,2026-03-25,0.08845600508381324,True,1.6152240216044618,0.05154399491618733
cutting rápido,0,14,15,linear,False,2026-04-04,0.48750000000001137,True,1.970085898677695,0.24749999999998806
cutting rápido,0,14,15,linear,False,2026-04-05,0.13125000000000853,True,1.9219744316770289,0.2112499999999926
cutting rápido,0,14,15,linear,False,2026-04-06,0.4750000000000085,True,1.8816957605233426,0.17499999999998295
cutting rápido,0,14,15,linear,False,2026-04-08,0.7374999999999972,True,1.8266097632973413,0.10249999999999204
cutting rápido,0,14,15,linear,False,2026-04-09,0.3062500000000057,True,1.812576701942163,0.06624999999998238
cutting rápido,0,14,15,linear,False,2026-04-10,0.15000000000000568,True,1.8078748089327519,0.029999999999986926
cutting rápido,0,14,15,linear,False,2026-04-11,0.39375000000001137,True,1.812576701942163,0.0062500000000085265
cutting rápido,0,14,15,linear,False,2026-04-12,0.037500000000008527,True,1.8266097632973413,0.04250000000001819
cutting rápido,0,14,15,linear,False,2026-04-13,0.11874999999999147,True,1.8497616348120118,0.07875000000001364
cutting rápido,0,14,15,linear,False,2026-04-14,0.375,True,1.8816957605233426,0.1150000000000091
cutting rápido,0,14,15,linear,False,2026-04-15,0.06875000000000853,True,1.9219744316770289,0.15125000000001876
cutting rápido,0,14,15,linear,False,2026-04-16,0.08749999999999147,True,1.970085898677695,0.1875000000000142
cutting rápido,0,14,15,linear,False,2026-04-17,0.2562500000000085,True,2.0254720762372926,0.22375000000002387
cutting rápido,0,14,15,kalman,False,2026-04-04,0.2067065919297022,True,1.4971070567375477,0.03329340807032111
cutting rápido,0,14,15,kalman,False,2026-04-05,0.11333841749394935,True,1.497121636992233,0.03333841749396527
cutting rápido,0,14,15,kalman,False,2026-04-06,0.26661657025509555,True,1.4971398699613303,0.03338342974493003
cutting rápido,0,14,15,kalman,False,2026-04-08,0.8734734623122904,False,1.497187293515708,0.033473462312301194
cutting rápido,0,14,15,kalman,False,2026-04-09,0.20648151757959,True,1.497216483787895,0.033518482420433315
cutting rápido,0,14,15,kalman,False,2026-04-10,0.0864364950606813,True,1.497249326148193,0.03356350493933746
cutting rápido,0,14,15,kalman,False,2026-04-11,0.3663914702351576,True,1.497285820390374,0.03360852976486228
cutting rápido,0,14,15,kalman,False,2026-04-12,0.04634644320711345,True,1.4973259662884004,0.033653556792913264
cutting rápido,0,14,15,kalman,False,2026-04-13,0.07369858591928846,True,1.4973697635963106,0.03369858591931063
cutting rápido,0,14,15,kalman,False,2026-04-14,0.29374361703992236,True,1.49741721204839,0.03374361703993145
cutting rápido,0,14,15,kalman,False,2026-04-15,0.1862113499493745,True,1.4974683113590572,0.03378865005065279
cutting rápido,0,14,15,kalman,False,2026-04-16,0.06616631515271365,True,1.4975230612229211,0.03383368484730909
cutting rápido,0,14,15,kalman,False,2026-04-17,0.446121278674255,True,1.4975814613148088,0.033878721325777406
cutting rápido,0,14,15,gpr,False,2026-04-04,0.20665486325454197,True,1.7446662403146718,0.03334513674548134
cutting rápido,0,14,15,gpr,False,2026-04-05,0.1139416268647011,True,1.744595174128932,0.03394162686471702
cutting rápido,0,14,15,gpr,False,2026-04-06,0.26543718826316365,True,1.7445414467268847,0.03456281173686193
cutting rápido,0,14,15,gpr,False,2026-04-08,0.8758792087008942,False,1.7444855821783847,0.035879208700904996
cutting rápido,0,14,15,gpr,False,2026-04-09,0.20342561395943903,True,1.7444832937033539,0.03657438604058427
cutting rápido,0,14,15,gpr,False,2026-04-10,0.08270581136628152,True,1.7444980414508677,0.037294188633737235
cutting rápido,0,14,15,gpr,False,2026-04-11,0.3619614071163255,True,1.744529811679996,0.03803859288369438
cutting rápido,0,14,15,gpr,False,2026-04-12,0.04119242728837946,True,1.7445786154820553,0.038807572711647254
cutting rápido,0,14,15,gpr,False,2026-04-13,0.07960109956064798,True,1.7446444888048518,0.03960109956067015
cutting rápido,0,14,15,gpr,False,2026-04-14,0.30041914240023004,True,1.74472749247019,0.04041914240023914
cutting rápido,0,14,15,gpr,False,2026-04-15,0.17873833226904878,True,1.744827712184673,0.0412616677309785
cutting rápido,0,14,15,gpr,False,2026-04-16,0.057871360410047146,True,1.7449452585433392,0.04212863958997559
cutting rápido,0,14,15,gpr,False,2026-04-17,0.43697998044345354,True,1.7450802670265375,0.04302001955657886
cutting rápido,0,14,14,linear,False,2026-04-01,0.6133333333333297,True,2.005382677196735,0.3133333333333468
cutting rápido,0,14,14,linear,False,2026-04-02,0.6266666666666794,True,1.9475228849206871,0.3066666666666862
cutting rápido,0,14,14,linear,False,2026-04-04,0.05333333333332746,True,1.8573567092035432,0.29333333333335077
cutting rápido,0,14,14,linear,False,2026-04-05,0.36666666666666003,True,1.8263123494813271,0.28666666666667595
cutting rápido,0,14,14,linear,False,2026-04-06,0.01999999999999602,True,1.8053195560983113,0.28000000000002956
cutting rápido,0,14,14,linear,False,2026-04-08,1.1066666666666691,False,1.7947310802770744,0.26666666666667993
cutting rápido,0,14,14,linear,False,2026-04-09,0.01999999999999602,True,1.8053195560983113,0.2600000000000193
cutting rápido,0,14,14,linear,False,2026-04-10,0.13333333333333997,True,1.8263123494813271,0.2533333333333587
cutting rápido,0,14,14,linear,False,2026-04-11,0.15333333333333599,True,1.8573567092035432,0.2466666666666839
cutting rápido,0,14,14,linear,False,2026-04-12,0.1599999999999966,True,1.8979594678752676,0.2400000000000233
cutting rápido,0,14,14,linear,False,2026-04-13,0.2733333333333263,True,1.9475228849206871,0.2333333333333485
cutting rápido,0,14,14,linear,False,2026-04-14,0.4866666666666788,True,2.005382677196735,0.2266666666666879
cutting rápido,0,14,14,kalman,False,2026-04-01,0.3432026261131256,True,1.4915322853098303,0.04320262611314263
cutting rápido,0,14,14,kalman,False,2026-04-02,0.36327545285868723,True,1.4915347151506921,0.04327545285869405
cutting rápido,0,14,14,kalman,False,2026-04-04,0.19657889699826114,True,1.491550472959176,0.04342110300176216
cutting rápido,0,14,14,kalman,False,2026-04-05,0.12349392615293198,True,1.4915638007975645,0.04349392615294789
cutting rápido,0,14,14,kalman,False,2026-04-06,0.25643325214032586,True,1.4915807611421883,0.04356674785969972
cutting rápido,0,14,14,kalman,False,2026-04-08,0.8837123864471437,False,1.4916255788912167,0.04371238644715447
cutting rápido,0,14,14,kalman,False,2026-04-09,0.19621479691845423,True,1.4916534360206128,0.04378520308156908
cutting rápido,0,14,14,kalman,False,2026-04-10,0.07614198222115931,True,1.4916849251062274,0.04385801777885945
cutting rápido,0,14,14,kalman,False,2026-04-11,0.3560691695841456,True,1.4917200459650246,0.04393083041587431
cutting rápido,0,14,14,kalman,False,2026-04-12,0.035996359130550104,True,1.4917587983957787,0.04400364086947661
cutting rápido,0,14,14,kalman,False,2026-04-13,0.08407644901645028,True,1.4918011821790458,0.04407644901647245
cutting rápido,0,14,14,kalman,False,2026-04-14,0.30414925473370147,True,1.4918471970772487,0.04414925473371056
cutting rápido,0,14,14,gpr,False,2026-04-01,0.3465173249938971,True,1.630839743443829,0.046517324993914144
cutting rápido,0,14,14,gpr,False,2026-04-02,0.36672691613854624,True,1.6307339600181763,0.046726916138553065
cutting rápido,0,14,14,gpr,False,2026-04-04,0.19284940826895536,True,1.630584391050803,0.04715059173106795
cutting rápido,0,14,14,gpr,False,2026-04-05,0.1273646755069251,True,1.6305406066540513,0.04736467550694101
cutting rápido,0,14,14,gpr,False,2026-04-06,0.25241974389744826,True,1.6305174895124424,0.04758025610257732
cutting rápido,0,14,14,gpr,False,2026-04-08,0.8880159060663715,False,1.6305332577485387,0.048015906066382286
cutting rápido,0,14,14,gpr,False,2026-04-09,0.19176402548660576,True,1.6305721431543532,0.048235974513417545
cutting rápido,0,14,14,gpr,False,2026-04-10,0.07154246206214054,True,1.6306316958716707,0.048457537937878215
cutting rápido,0,14,14,gpr,False,2026-04-11,0.35131940419864804,True,1.6307119155658825,0.04868059580137185
cutting rápido,0,14,14,gpr,False,2026-04-12,0.031094852465301415,True,1.6308128017629997,0.0489051475347253
cutting rápido,0,14,14,gpr,False,2026-04-13,0.08913119253733726,True,1.6309343538495966,0.049131192537359425
cutting rápido,0,14,14,gpr,False,2026-04-14,0.3093587301779195,True,1.6310765710728106,0.04935873017792858
cutting rápido,1,3,4,linear,False,2026-03-24,0.1799999999999926,True,1.8118440708830406,0.04000000000000625
cutting rápido,1,3,4,linear,False,2026-03-25,0.14000000000000057,True,1.7234074747801174,0.0
cutting rápido,1,3,4,linear,False,2026-03-26,0.05999999999998806,True,1.7234074747801174,0.03999999999999204
cutting rápido,1,3,4,kalman,False,2026-03-24,0.21078994457550948,True,1.2624210590799123,0.07078994457552312
cutting rápido,1,3,4,kalman,False,2026-03-25,0.06898001206019444,True,1.2624207787800117,0.07101998793980613
cutting rápido,1,3,4,kalman,False,2026-03-26,0.05123268548626925,True,1.262420320616343,0.07123268548626527
cutting rápido,1,3,4,gpr,False,2026-03-24,0.24092312028280105,True,1.1081394239374731,0.1009231202828147
cutting rápido,1,3,4,gpr,False,2026-03-25,0.03939721850937872,True,1.1081205848766729,0.10060278149062185
cutting rápido,1,3,4,gpr,False,2026-03-26,0.08028377286473187,True,1.1081199696900512,0.1002837728647279
cutting rápido,1,3,3,linear,False,2026-04-24,0.6000000000000085,True,1.7694035545532643,0.34000000000003183
cutting rápido,1,3,3,linear,False,2026-04-25,0.3999999999999915,True,1.699987947160622,0.4200000000000301
cutting rápido,1,3,3,kalman,False,2026-04-24,0.3327531102570447,True,1.2557319292870943,0.07275311025706799
cutting rápido,1,3,3,kalman,False,2026-04-25,0.05255844920505126,True,1.2557433862956202,0.07255844920508991
cutting rápido,1,3,3,gpr,False,2026-04-24,0.3259999933368931,True,1.1566086584458048,0.06599999333691642
cutting rápido,1,3,3,gpr,False,2026-04-25,0.04474750701535868,True,1.156600873492721,0.06474750701539733
cutting rápido,1,7,8,linear,False,2026-02-07,0.2666666666666657,True,1.8097159709174377,0.326666666666668
cutting rápido,1,7,8,linear,False,2026-02-08,0.5,True,1.7548633038136074,0.3400000000000034
cutting rápido,1,7,8,linear,False,2026-02-10,0.1666666666666714,True,1.7267836792460685,0.36666666666667425
cutting rápido,1,7,8,linear,False,2026-02-11,0.29999999999999716,True,1.7548633038136074,0.37999999999999545
cutting rápido,1,7,8,linear,False,2026-02-12,0.23333333333333428,True,1.8097159709174377,0.39333333333333087
cutting rápido,1,7,8,linear,False,2026-02-13,0.36666666666666003,True,1.8890108300051338,0.4066666666666663
cutting rápido,1,7,8,kalman,False,2026-02-07,0.021992619178490713,True,1.2768978101481991,0.03800738082151156
cutting rápido,1,7,8,kalman,False,2026-02-08,0.19887169898441925,True,1.276741382910643,0.038871698984422665
cutting rápido,1,7,8,kalman,False,2026-02-10,0.15942717347907376,True,1.2764510917297116,0.040572826520929084
cutting rápido,1,7,8,kalman,False,2026-02-11,0.03859119322075344,True,1.2763166054318162,0.041408806779244856
cutting rápido,1,7,8,kalman,False,2026-02-12,0.11776548804590448,True,1.276188830536995,0.04223451195409211
cutting rápido,1,7,8,kalman,False,2026-02-13,0.0030495274878461487,True,1.2760674857950107,0.0430495274878524
cutting rápido,1,7,8,gpr,False,2026-02-07,0.02973544088851554,True,1.426689074395881,0.030264559111486733
cutting rápido,1,7,8,gpr,False,2026-02-08,0.1917700336349668,True,1.4264986323898938,0.03177003363497022
cutting rápido,1,7,8,gpr,False,2026-02-10,0.1652170588164381,True,1.4261997048035653,0.03478294118356473
cutting rápido,1,7,8,gpr,False,2026-02-11,0.04370962628185282,True,1.4260912316885594,0.036290373718145474
cutting rápido,1,7,8,gpr,False,2026-02-12,0.12220154158866592,True,1.4260100923320351,0.03779845841133067
cutting rápido,1,7,8,gpr,False,2026-02-13,0.0006928050140686537,True,1.4259562904589984,0.0393071949859376
cutting rápido,1,7,7,linear,False,2026-04-12,0.375,True,1.8468111568581094,0.10500000000001819
cutting rápido,1,7,7,linear,False,2026-04-13,0.25,True,1.7639518798035851,0.21000000000002217
cutting rápido,1,7,7,linear,False,2026-04-14,0.2749999999999915,True,1.7123127942531084,0.31500000000001194
cutting rápido,1,7,7,linear,False,2026-04-15,0.7000000000000028,True,1.6947501474837736,0.4200000000000301
cutting rápido,1,7,7,linear,False,2026-04-16,0.22499999999999432,True,1.71231279425308,0.5250000000000199
cutting rápido,1,7,7,linear,False,2026-04-17,0.44999999999998863,True,1.7639518798035851,0.6300000000000239
cutting rápido,1,7,7,linear,False,2026-04-18,0.875,True,1.8468111568581094,0.7350000000000279
cutting rápido,1,7,7,kalman,False,2026-04-12,0.4120669949677165,True,1.2649084328205902,0.06793300503230171
cutting rápido,1,7,7,kalman,False,2026-04-13,0.10791938173758808,True,1.2649136682485391,0.06791938173761025
cutting rápido,1,7,7,kalman,False,2026-04-14,0.02789363401532796,True,1.264919010856147,0.06789363401534843
cutting rápido,1,7,7,kalman,False,2026-04-15,0.3478559904744998,True,1.2649245181085291,0.06785599047452706
cutting rápido,1,7,7,kalman,False,2026-04-16,0.232193320275897,True,1.2649302572916383,0.06780667972412857
cutting rápido,1,7,7,kalman,False,2026-04-17,0.11225406962687146,True,1.2649363056159757,0.06774593037316379
cutting rápido,1,7,7,kalman,False,2026-04-18,0.2076739710306157,True,1.2649427503101833,0.06767397103064354
cutting rápido,1,7,7,gpr,False,2026-04-12,0.41121563911234205,True,1.166599695642617,0.06878436088767614
cutting rápido,1,7,7,gpr,False,2026-04-13,0.1069526078158134,True,1.1665565906957625,0.06695260781583556
cutting rápido,1,7,7,gpr,False,2026-04-14,0.02512333398428268,True,1.1665309420772587,0.06512333398430314
cutting rápido,1,7,7,gpr,False,2026-04-15,0.34329653906567614,True,1.166522751313778,0.06329653906570343
cutting rápido,1,7,7,gpr,False,2026-04-16,0.23852777732041375,True,1.1665320196995879,0.06147222267961183
cutting rápido,1,7,7,gpr,False,2026-04-17,0.12034961560725321,True,1.166558748296552,0.05965038439278203
cutting rápido,1,7,7,gpr,False,2026-04-18,0.1978310237188765,True,1.1666029379338738,0.05783102371890436
cutting rápido,1,14,15,linear,False,2026-05-16,0.3812499999999943,True,1.9158916960862484,0.08124999999995453
cutting rápido,1,14,15,linear,False,2026-05-17,0.13750000000000284,True,1.8635019747421495,0.0824999999999676
cutting rápido,1,14,15,linear,False,2026-05-18,0.5562500000000057,True,1.8179933937083774,0.08374999999995225
cutting rápido,1,14,15,linear,False,2026-05-19,0.22500000000000853,True,1.7798938452139055,0.08499999999996533
cutting rápido,1,14,15,linear,False,2026-05-20,0.3062500000000057,True,1.7496873926096725,0.08624999999996419
cutting rápido,1,14,15,linear,False,2026-05-22,0.16875000000000284,True,1.7145142075824822,0.08874999999996191
cutting rápido,1,14,15,linear,False,2026-05-23,0.25,True,1.7100666924188488,0.08999999999996078
cutting rápido,1,14,15,linear,False,2026-05-25,0.3125,True,1.727788064100423,0.09249999999997272
cutting rápido,1,14,15,linear,False,2026-05-26,0.09375,True,1.7496873926096725,0.09374999999995737
cutting rápido,1,14,15,linear,False,2026-05-27,0.17499999999998295,True,1.7798938452139055,0.09499999999995623
cutting rápido,1,14,15,linear,False,2026-05-28,0.4437500000000085,True,1.8179933937083774,0.0962499999999693
cutting rápido,1,14,15,linear,False,2026-05-29,0.13749999999998863,True,1.8635019747421495,0.09749999999995396
cutting rápido,1,14,15,kalman,False,2026-05-16,0.2227534847807675,True,1.260840252943666,0.07724651521927228
cutting rápido,1,14,15,kalman,False,2026-05-17,0.2972642782390693,True,1.2609750574019358,0.07726427823909887
cutting rápido,1,14,15,kalman,False,2026-05-18,0.7172808903769976,False,1.2611156845570974,0.07728089037703967
cutting rápido,1,14,15,kalman,False,2026-05-19,0.0627035779575067,True,1.261262347695606,0.0772964220425365
cutting rápido,1,14,15,kalman,False,2026-05-20,0.14268905635495344,True,1.2614152686554974,0.07731094364508806
cutting rápido,1,14,15,kalman,False,2026-05-22,0.002662761700875649,True,1.2617408149053233,0.07733723829916528
cutting rápido,1,14,15,kalman,False,2026-05-23,0.08265084783040777,True,1.2619139277381066,0.07734915216963145
cutting rápido,1,14,15,kalman,False,2026-05-25,0.1426291349552713,True,1.2622821191432365,0.07737086504475599
cutting rápido,1,14,15,kalman,False,2026-05-26,0.07738080486832644,True,1.2624777396463855,0.07738080486836907
cutting rápido,1,14,15,kalman,False,2026-05-27,0.0026097725047549147,True,1.2626814200677359,0.0773902274952718
cutting rápido,1,14,15,kalman,False,2026-05-28,0.6173992033349265,True,1.2628934546374921,0.07739920333494865
cutting rápido,1,14,15,kalman,False,2026-05-29,0.03740780279686362,True,1.2631141470238276,0.0774078027968983
cutting rápido,1,14,15,gpr,False,2026-05-16,0.2249093994064566,True,1.1352326159951645,0.07509060059358319
cutting rápido,1,14,15,gpr,False,2026-05-17,0.29424852361778164,True,1.1352608345799524,0.0742485236178112
cutting rápido,1,14,15,gpr,False,2026-05-18,0.7134058681337621,False,1.135311504177082,0.07340586813380412
cutting rápido,1,14,15,gpr,False,2026-05-19,0.06743736601150374,True,1.1353846219595596,0.07256263398853946
cutting rápido,1,14,15,gpr,False,2026-05-20,0.14828117896000492,True,1.1354801842702784,0.07171882104003657
cutting rápido,1,14,15,gpr,False,2026-05-22,0.009970541779480868,True,1.1357386237033893,0.07002945822056006
cutting rápido,1,14,15,gpr,False,2026-05-23,0.09081609187924755,True,1.135901489370724,0.06918390812079167
cutting rápido,1,14,15,gpr,False,2026-05-25,0.15250892994791343,True,1.1362944777802966,0.06749107005211386
cutting rápido,1,14,15,gpr,False,2026-05-26,0.06664378192076015,True,1.1365245841241176,0.06664378192080278
cutting rápido,1,14,15,gpr,False,2026-05-27,0.014204085698452218,True,1.1367770862624127,0.0657959143015745
cutting rápido,1,14,15,gpr,False,2026-05-28,0.604947467140903,False,1.137051973950804,0.06494746714092514
cutting rápido,1,14,15,gpr,False,2026-05-29,0.024098440396315368,True,1.1373492361315414,0.06409844039635004
cutting rápido,1,14,14,linear,False,2026-03-07,0.5533333333333417,True,1.840942585781164,0.14666666666664696
cutting rápido,1,14,14,linear,False,2026-03-08,0.29333333333333655,True,1.7878272593067663,0.173333333333332
cutting rápido,1,14,14,linear,False,2026-03-09,0.3399999999999892,True,1.742328010623055,0.19999999999998863
cutting rápido,1,14,14,linear,False,2026-03-10,0.3133333333333326,True,1.7050546520821115,0.22666666666665947
cutting rápido,1,14,14,linear,False,2026-03-11,0.5333333333333314,True,1.6765559099164307,0.2533333333333303
cutting rápido,1,14,14,linear,False,2026-03-12,0.0799999999999983,True,1.6572845121065427,0.2799999999999869
cutting rápido,1,14,14,linear,False,2026-03-13,0.07333333333333769,True,1.6475642845013567,0.30666666666665776
cutting rápido,1,14,14,linear,False,2026-03-14,0.37333333333333485,True,1.6475642845013567,0.3333333333333286
cutting rápido,1,14,14,linear,False,2026-03-15,0.3200000000000074,True,1.6572845121065427,0.35999999999999943
cutting rápido,1,14,14,linear,False,2026-03-16,0.46666666666666856,True,1.6765559099164022,0.38666666666667027
cutting rápido,1,14,14,linear,False,2026-03-18,0.14000000000000057,True,1.742328010623055,0.4399999999999977
cutting rápido,1,14,14,linear,False,2026-03-19,1.1066666666666691,False,1.7878272593067663,0.46666666666666856
cutting rápido,1,14,14,linear,False,2026-03-20,0.2533333333333445,True,1.840942585781164,0.4933333333333394
cutting rápido,1,14,14,kalman,False,2026-03-07,0.6523386541980187,False,1.232486078293931,0.0476613458019699
cutting rápido,1,14,14,kalman,False,2026-03-08,0.16809114543269743,True,1.2324485655755382,0.04809114543269288
cutting rápido,1,14,14,kalman,False,2026-03-09,0.18851340314586196,True,1.232412788818806,0.04851340314586139
cutting rápido,1,14,14,kalman,False,2026-03-10,0.4910718841021833,True,1.2323786573995505,0.048928115897808766
cutting rápido,1,14,14,kalman,False,2026-03-11,0.3293352806448553,True,1.2323460864423055,0.04933528064485415
cutting rápido,1,14,14,kalman,False,2026-03-12,0.150265105656743,True,1.2323149967931215,0.04973489434324563
cutting rápido,1,14,14,kalman,False,2026-03-13,0.3298730460506789,True,1.2322853149902357,0.050126953949316544
cutting rápido,1,14,14,kalman,False,2026-03-14,0.09051145641937808,True,1.2322569732318414,0.050511456419371825
cutting rápido,1,14,14,kalman,False,2026-03-15,0.010888398709681724,True,1.2322299093418394,0.050888398709673766
cutting rápido,1,14,14,kalman,False,2026-03-16,0.131257777776554,True,1.2322040667326064,0.05125777777655571
cutting rápido,1,14,14,kalman,False,2026-03-18,0.52802616593479,True,1.2321558467100715,0.05197383406520828
cutting rápido,1,14,14,kalman,False,2026-03-19,0.6923205051995893,False,1.2321333836974588,0.05232050519958875
cutting rápido,1,14,14,kalman,False,2026-03-20,0.18734039906426858,True,1.2321119706758452,0.0526596009357263
cutting rápido,1,14,14,gpr,False,2026-03-07,0.6368381168883417,False,1.1608281264528557,0.06316188311164694
cutting rápido,1,14,14,gpr,False,2026-03-08,0.18407833527530215,True,1.1607513088948451,0.0640783352752976
cutting rápido,1,14,14,gpr,False,2026-03-09,0.20499602047958376,True,1.1606882845896962,0.0649960204795832
cutting rápido,1,14,14,gpr,False,2026-03-10,0.4740850615890224,True,1.160639051745676,0.06591493841096963
cutting rápido,1,14,14,gpr,False,2026-03-11,0.3468350887334566,True,1.1606036090333873,0.06683508873345545
cutting rápido,1,14,14,gpr,False,2026-03-12,0.1322435289115731,True,1.1605819555861956,0.06775647108841554
cutting rápido,1,14,14,gpr,False,2026-03-13,0.31132091490509595,True,1.1605740910005693,0.0686790850948995
cutting rápido,1,14,14,gpr,False,2026-03-14,0.10960293034939639,True,1.1605800153363646,0.06960293034939014
cutting rápido,1,14,14,gpr,False,2026-03-15,0.03052800642601028,True,1.160599729116825,0.07052800642600232
cutting rápido,1,14,14,gpr,False,2026-03-16,0.15145431287631084,True,1.1606332333286389,0.07145431287631254
cutting rápido,1,14,14,gpr,False,2026-03-18,0.5066893850074621,True,1.1607416193082827,0.07331061499253622
cutting rápido,1,14,14,gpr,False,2026-03-19,0.7142406096497638,False,1.1608165053637833,0.0742406096497632
cutting rápido,1,14,14,gpr,False,2026-03-20,0.16482816733679329,True,1.1609051904248417,0.0751718326632016
cutting rápido,2,3,4,linear,False,2026-05-19,0.9000000000000057,True,1.9326553195865017,0.7599999999999625
cutting rápido,2,3,4,linear,False,2026-05-20,0.20000000000000284,True,1.8383218939616484,0.5799999999999699
cutting rápido,2,3,4,kalman,False,2026-05-19,0.09768267186586854,True,1.5373738441705882,0.04231732813417466
cutting rápido,2,3,4,kalman,False,2026-05-20,0.4224174722642289,True,1.537546368733814,0.042417472264261846
cutting rápido,2,3,4,gpr,False,2026-05-19,0.09190580057500597,True,1.504009823050751,0.04809419942503723
cutting rápido,2,3,4,gpr,False,2026-05-20,0.4264264389846488,True,1.5040154263583076,0.046426438984681795
cutting rápido,2,3,3,linear,False,2026-04-15,0.45000000000000284,True,1.9274146837258002,0.029999999999972715
cutting rápido,2,3,3,linear,False,2026-04-16,0.0,True,1.8518001295309716,0.10000000000002274
cutting rápido,2,3,3,kalman,False,2026-04-15,0.3869577654727294,True,1.5349793908590073,0.03304223452730071
cutting rápido,2,3,3,kalman,False,2026-04-16,0.06690836569666203,True,1.5350299982280262,0.033091634303360706
cutting rápido,2,3,3,gpr,False,2026-04-15,0.35562949675400546,True,1.5848851366607164,0.06437050324602467
cutting rápido,2,3,3,gpr,False,2026-04-16,0.03587274925924078,True,1.5848565900031986,0.06412725074078196
cutting rápido,2,7,7,linear,False,2026-02-03,0.3125,True,2.0402383800430357,0.3725000000000023
cutting rápido,2,7,7,linear,False,2026-02-04,0.9249999999999972,True,1.9487007712509978,0.3049999999999926
cutting rápido,2,7,7,linear,False,2026-02-05,0.9375,True,1.8916532253450953,0.23749999999999716
cutting rápido,2,7,7,linear,False,2026-02-06,0.25,True,1.8722511409138463,0.1700000000000017
cutting rápido,2,7,7,linear,False,2026-02-07,0.3375000000000057,True,1.8916532253450953,0.10249999999999204
cutting rápido,2,7,7,linear,False,2026-02-08,0.025000000000005684,True,1.9487007712509978,0.03499999999999659
cutting rápido,2,7,7,linear,False,2026-02-09,0.012500000000002842,True,2.0402383800430357,0.03249999999999886
cutting rápido,2,7,7,kalman,False,2026-02-03,0.08170836546413796,True,1.53691388367875,0.02170836546413568
cutting rápido,2,7,7,kalman,False,2026-02-04,0.5981346263538825,True,1.5366965080566217,0.021865373646122066
cutting rápido,2,7,7,kalman,False,2026-02-05,0.6779776181454906,True,1.5364827627462603,0.02202238185451222
cutting rápido,2,7,7,kalman,False,2026-02-06,0.05782060991181481,True,1.5362726492587342,0.02217939008818348
cutting rápido,2,7,7,kalman,False,2026-02-07,0.46233639834605356,True,1.5360661690802146,0.02233639834605583
cutting rápido,2,7,7,kalman,False,2026-02-08,0.08249340662700888,True,1.5358633236720038,0.022493406627006607
cutting rápido,2,7,7,kalman,False,2026-02-09,0.002650414929931344,True,1.5356641144703644,0.022650414929927365
cutting rápido,2,7,7,gpr,False,2026-02-03,0.006898894622480611,True,1.6080588400647855,0.06689889462248289
cutting rápido,2,7,7,gpr,False,2026-02-04,0.6881821386436968,True,1.6081982561182713,0.06818213864369227
cutting rápido,2,7,7,gpr,False,2026-02-05,0.7692020350723112,True,1.608329246042132,0.06920203507230838
cutting rápido,2,7,7,gpr,False,2026-02-06,0.1499585772322405,True,1.6084485055089033,0.06995857723224219
cutting rápido,2,7,7,gpr,False,2026-02-07,0.3695480794528976,True,1.608553201681815,0.07045192054710014
cutting rápido,2,7,7,gpr,False,2026-02-08,0.010682382573449445,True,1.6086409647724054,0.07068238257345172
cutting rápido,2,7,7,gpr,False,2026-02-09,0.09065044287999058,True,1.608709881192027,0.07065044287999456
cutting rápido,2,7,7,linear,False,2026-02-28,0.9000000000000057,True,1.9739621534062053,0.539999999999992
cutting rápido,2,7,7,linear,False,2026-03-01,0.20000000000000284,True,1.8853981026873043,0.4199999999999875
cutting rápido,2,7,7,linear,False,2026-03-02,0.09999999999999432,True,1.8302037206658213,0.29999999999999716
cutting rápido,2,7,7,linear,False,2026-03-03,1.2000000000000028,False,1.8114319042256,0.1799999999999926
cutting rápido,2,7,7,linear,False,2026-03-04,0.7999999999999972,True,1.8302037206658213,0.05999999999998806
cutting rápido,2,7,7,kalman,False,2026-02-28,0.4175566142366449,True,1.4876453332202288,0.057556614236631276
cutting rápido,2,7,7,kalman,False,2026-03-01,0.16213264274145445,True,1.487593169475673,0.057867357258530205
cutting rápido,2,7,7,kalman,False,2026-03-02,0.1418285959355643,True,1.4875439654854858,0.05817140406443855
cutting rápido,2,7,7,kalman,False,2026-03-03,1.0784684147277233,False,1.4874975584704089,0.058468414727713025
cutting rápido,2,7,7,kalman,False,2026-03-04,0.7987580493217337,False,1.4874537944126303,0.05875804932172457
cutting rápido,2,7,7,gpr,False,2026-02-28,0.42610503041883874,True,1.455015002151356,0.0661050304188251
cutting rápido,2,7,7,gpr,False,2026-03-01,0.15180657088681926,True,1.4550122488325883,0.0681934291131654
cutting rápido,2,7,7,gpr,False,2026-03-02,0.1297138337704382,True,1.455029690960174,0.07028616622956463
cutting rápido,2,7,7,gpr,False,2026-03-03,1.0923832360693098,False,1.4550673196295634,0.07238323606929953
cutting rápido,2,7,7,gpr,False,2026-03-04,0.8144846323849606,False,1.4551251358518869,0.07448463238495151
cutting rápido,2,14,15,linear,False,2026-03-17,0.14374999999999716,True,2.1034967623920977,0.14374999999999716
cutting rápido,2,14,15,linear,False,2026-03-18,0.08749999999999147,True,2.0459770135174153,0.1075000000000017
cutting rápido,2,14,15,linear,False,2026-03-19,0.26874999999999716,True,1.9960122096294128,0.07124999999999204
cutting rápido,2,14,15,linear,False,2026-03-20,0.375,True,1.9541819344262876,0.03499999999999659
cutting rápido,2,14,15,linear,False,2026-03-21,0.41875000000000284,True,1.9210176509826056,0.001250000000013074
cutting rápido,2,14,15,linear,False,2026-03-23,0.5062499999999943,True,1.8824002902106827,0.07375000000000398
cutting rápido,2,14,15,linear,False,2026-03-24,0.04999999999999716,True,1.8775172721535967,0.11000000000001364
cutting rápido,2,14,15,linear,False,2026-03-25,0.40625,True,1.8824002902106827,0.1462500000000091
cutting rápido,2,14,15,linear,False,2026-03-27,0.11875000000000568,True,1.9210176509826056,0.2187500000000142
cutting rápido,2,14,15,linear,False,2026-03-29,0.53125,True,1.9960122096294128,0.2912500000000051
cutting rápido,2,14,15,kalman,False,2026-03-17,0.031409331169470533,True,1.553369968537396,0.031409331169470533
cutting rápido,2,14,15,kalman,False,2026-03-18,0.05148604371639465,True,1.5533150912331166,0.031486043716384415
cutting rápido,2,14,15,kalman,False,2026-03-19,0.37156275080850776,True,1.5532637624762629,0.03156275080851856
cutting rápido,2,14,15,kalman,False,2026-03-20,0.3083605477278155,True,1.5532159825345673,0.031639452272187896
cutting rápido,2,14,15,kalman,False,2026-03-21,0.3882838520662517,True,1.5531717516585672,0.031716147933764205
cutting rápido,2,14,15,kalman,False,2026-03-23,0.548130478844044,True,1.5530939380187476,0.03186952115595432
cutting rápido,2,14,15,kalman,False,2026-03-24,0.12805380163071334,True,1.553060355669146,0.03194619836929746
cutting rápido,2,14,15,kalman,False,2026-03-25,0.2920228690858977,True,1.553030323213676,0.03202286908590679
cutting rápido,2,14,15,kalman,False,2026-03-27,0.06782380966564006,True,1.552980908622601,0.03217619033436847
cutting rápido,2,14,15,kalman,False,2026-03-29,0.2723294835121095,True,1.5529456953468923,0.03232948351211462
cutting rápido,2,14,15,gpr,False,2026-03-17,0.053301878930128055,True,1.5677177707519547,0.053301878930128055
cutting rápido,2,14,15,gpr,False,2026-03-18,0.07547101652151866,True,1.5676127695115554,0.05547101652150843
cutting rápido,2,14,15,gpr,False,2026-03-19,0.39765059670018843,True,1.5675250027157688,0.05765059670019923
cutting rápido,2,14,15,gpr,False,2026-03-20,0.2801593835524443,True,1.5674544467968587,0.059840616447559114
cutting rápido,2,14,15,gpr,False,2026-03-21,0.3579589276592543,True,1.5674010835960814,0.062041072340761616
cutting rápido,2,14,15,gpr,False,2026-03-23,0.5135267231466969,True,1.5673458897976218,0.0664732768533014
cutting rápido,2,14,15,gpr,False,2026-03-24,0.09129498339216013,True,1.5673440499822107,0.06870501660785067
cutting rápido,2,14,15,gpr,False,2026-03-25,0.33094717477908375,True,1.5673593844568643,0.07094717477909285
cutting rápido,2,14,15,gpr,False,2026-03-27,0.024537275791530533,True,1.5674416175625083,0.075462724208478
cutting rápido,2,14,15,gpr,False,2026-03-29,0.32001987679149124,True,1.5675927259962918,0.08001987679149636
cutting rápido,2,14,14,linear,False,2026-04-01,0.5,True,1.9644690300424656,0.0999999999999801
cutting rápido,2,14,14,linear,False,2026-04-02,0.23333333333332007,True,1.922443442407456,0.05333333333331325
cutting rápido,2,14,14,linear,False,2026-04-03,0.2666666666666657,True,1.8903112055161557,0.006666666666660603
cutting rápido,2,14,14,linear,False,2026-04-05,0.3333333333333286,True,1.8576232444025038,0.08666666666668732
cutting rápido,2,14,14,linear,False,2026-04-06,0.8333333333333286,True,1.8576232444025038,0.13333333333335418
cutting rápido,2,14,14,linear,False,2026-04-07,0.5,True,1.8685827686590812,0.18000000000002103
cutting rápido,2,14,14,linear,False,2026-04-10,0.10000000000000853,True,1.9644690300424656,0.3200000000000216
cutting rápido,2,14,14,linear,False,2026-04-11,0.06666666666667709,True,2.015769281421285,0.36666666666668846
cutting rápido,2,14,14,linear,False,2026-04-12,0.4333333333333371,True,2.075656635147652,0.4133333333333553
cutting rápido,2,14,14,kalman,False,2026-04-01,0.3675977562370889,True,1.5385340858848622,0.03240224376293099
cutting rápido,2,14,14,kalman,False,2026-04-02,0.1475338702882567,True,1.5385360906257972,0.032466129711750114
cutting rápido,2,14,14,kalman,False,2026-04-03,0.2274699873147199,True,1.538541608490533,0.032530012685285215
cutting rápido,2,14,14,kalman,False,2026-04-05,0.3873422304812806,True,1.538563183424401,0.032657769518735336
cutting rápido,2,14,14,kalman,False,2026-04-06,0.7327216432847479,True,1.538579240356711,0.03272164328477345
cutting rápido,2,14,14,kalman,False,2026-04-07,0.35278551388771007,True,1.538598810139149,0.0327855138877311
cutting rápido,2,14,14,kalman,False,2026-04-10,0.18702289375119108,True,1.5386785952636046,0.032977106248822
cutting rápido,2,14,14,kalman,False,2026-04-11,0.2669590362698955,True,1.5387122150162895,0.03304096373011589
cutting rápido,2,14,14,kalman,False,2026-04-12,0.053104817813633076,True,1.5387493467974025,0.033104817813651266
cutting rápido,2,14,14,gpr,False,2026-04-01,0.33974124239813364,True,1.6139078696800766,0.06025875760188626
cutting rápido,2,14,14,gpr,False,2026-04-02,0.11796897299042541,True,1.613823853864261,0.06203102700958141
cutting rápido,2,14,14,gpr,False,2026-04-03,0.19619547348180788,True,1.6137608794924745,0.06380452651819724
cutting rápido,2,14,14,gpr,False,2026-04-05,0.35264478536454646,True,1.6136980606734426,0.06735521463546945
cutting rápido,2,14,14,gpr,False,2026-04-06,0.7691324025815192,True,1.6136982186656326,0.06913240258154474
cutting rápido,2,14,14,gpr,False,2026-04-07,0.3909108193034285,True,1.6137194229804095,0.07091081930344956
cutting rápido,2,14,14,gpr,False,2026-04-10,0.14374656192229907,True,1.6139093217660445,0.07625343807771401
cutting rápido,2,14,14,gpr,False,2026-04-11,0.2219632342655018,True,1.6140147185600142,0.07803676573450957
cutting rápido,2,14,14,gpr,False,2026-04-12,0.09982131996095234,True,1.614141164553331,0.07982131996097053
cutting rápido,3,3,3,linear,False,2026-03-09,0.6500000000000057,True,1.7125688639817156,0.4099999999999966
cutting rápido,3,3,3,linear,False,2026-03-10,0.5999999999999943,True,1.6453829427208007,0.3399999999999892
cutting rápido,3,3,3,linear,False,2026-03-11,0.15000000000000568,True,1.7125688639817156,0.269999999999996
cutting rápido,3,3,3,kalman,False,2026-03-09,0.26305548340792484,True,1.31606972191139,0.023055483407915744
cutting rápido,3,3,3,kalman,False,2026-03-10,0.2771064801160037,True,1.3161402093937227,0.01710648011599858
cutting rápido,3,3,3,kalman,False,2026-03-11,0.40903095916111454,True,1.316197485071342,0.010969040838887167
cutting rápido,3,3,3,gpr,False,2026-03-09,0.2907546908736407,True,1.2402788375884484,0.0507546908736316
cutting rápido,3,3,3,gpr,False,2026-03-10,0.3045773488155703,True,1.2403590093476282,0.04457734881556519
cutting rápido,3,3,3,gpr,False,2026-03-11,0.38191783711101834,True,1.240441955621776,0.03808216288898336
cutting rápido,3,3,3,linear,False,2026-04-21,0.125,True,1.7318494840990581,0.27499999999997726
cutting rápido,3,3,3,linear,False,2026-04-22,0.15000000000000568,True,1.6639071633424578,0.2699999999999676
cutting rápido,3,3,3,linear,False,2026-04-23,0.42499999999999716,True,1.7318494840990581,0.26499999999997215
cutting rápido,3,3,3,kalman,False,2026-04-21,0.29008596517999763,True,1.3224303271690019,0.10991403481997963
cutting rápido,3,3,3,kalman,False,2026-04-22,0.013153121574404736,True,1.3223898004345074,0.10684687842555718
cutting rápido,3,3,3,kalman,False,2026-04-23,0.2634981097717599,True,1.3223401333129061,0.1034981097717349
cutting rápido,3,3,3,gpr,False,2026-04-21,0.27634118409341113,True,1.3419744629040338,0.12365881590656613
cutting rápido,3,3,3,gpr,False,2026-04-22,7.89403673167044e-05,True,1.341930491441019,0.12007894036727862
cutting rápido,3,3,3,gpr,False,2026-04-23,0.2762468146958952,True,1.341885727933402,0.11624681469587017
cutting rápido,3,7,8,linear,False,2026-03-20,0.36666666666666003,True,1.6797695167355755,0.12666666666666515
cutting rápido,3,7,8,linear,False,2026-03-21,0.15555555555555145,True,1.6528914702875,0.13555555555554122
cutting rápido,3,7,8,linear,False,2026-03-23,0.6666666666666714,True,1.679769516735547,0.15333333333332178
cutting rápido,3,7,8,linear,False,2026-03-24,0.22222222222222854,True,1.732274938617934,0.16222222222221205
cutting rápido,3,7,8,linear,False,2026-03-25,0.11111111111111427,True,1.8081766267094679,0.17111111111110233
cutting rápido,3,7,8,kalman,False,2026-03-20,0.28088732514814296,True,1.312667769038626,0.04088732514814808
cutting rápido,3,7,8,kalman,False,2026-03-21,0.0666366663877227,True,1.3127241026594447,0.046636666387712467
cutting rápido,3,7,8,kalman,False,2026-03-23,0.7622164182528337,False,1.3127460322822628,0.057783581747159474
cutting rápido,3,7,8,kalman,False,2026-03-24,0.12314203510155153,True,1.3127125876825403,0.06314203510153504
cutting rápido,3,7,8,kalman,False,2026-03-25,0.008331071728733264,True,1.3126518303095054,0.06833107172872133
cutting rápido,3,7,8,gpr,False,2026-03-20,0.2951840279178697,True,1.2533103317622931,0.0551840279178748
cutting rápido,3,7,8,gpr,False,2026-03-21,0.08188784787144243,True,1.253342219139114,0.0618878478714322
cutting rápido,3,7,8,gpr,False,2026-03-23,0.7450255806391937,False,1.25340589749635,0.07497441936079952
cutting rápido,3,7,8,gpr,False,2026-03-24,0.1413173158205865,True,1.253437167914825,0.08131731582057
cutting rápido,3,7,8,gpr,False,2026-03-25,0.027500139740538998,True,1.2534672014996033,0.08750013974052706
cutting rápido,3,7,7,linear,False,2026-04-24,0.4749999999999943,True,1.793317035499399,0.21500000000001762
cutting rápido,3,7,7,linear,False,2026-04-25,0.9499999999999886,False,1.7128578328682806,0.27000000000002444
cutting rápido,3,7,7,linear,False,2026-04-27,0.29999999999999716,True,1.6456605750466906,0.3800000000000239
cutting rápido,3,7,7,linear,False,2026-04-28,0.375,True,1.6627145079964407,0.4350000000000307
cutting rápido,3,7,7,linear,False,2026-04-29,0.45000000000000284,True,1.7128578328682806,0.4900000000000375
cutting rápido,3,7,7,linear,False,2026-04-30,0.9249999999999972,False,1.793317035499399,0.5450000000000301
cutting rápido,3,7,7,kalman,False,2026-04-24,0.18094385429564852,True,1.3228257082639914,0.07905614570432817
cutting rápido,3,7,7,kalman,False,2026-04-25,0.6047495621245105,True,1.3228547934477035,0.07525043787545371
cutting rápido,3,7,7,kalman,False,2026-04-27,0.14719112037462878,True,1.3228628373701952,0.06719112037460206
cutting rápido,3,7,7,kalman,False,2026-04-28,0.12297304721960245,True,1.3228406067804315,0.06297304721957175
cutting rápido,3,7,7,kalman,False,2026-04-29,0.09865305547286596,True,1.3228015223308205,0.058653055472831284
cutting rápido,3,7,7,kalman,False,2026-04-30,0.32575108660714136,True,1.3227471423751638,0.05424891339282567
cutting rápido,3,7,7,gpr,False,2026-04-24,0.19936178528645598,True,1.3121402860680575,0.06063821471352071
cutting rápido,3,7,7,gpr,False,2026-04-25,0.6215420150930839,True,1.3120927904612074,0.058457984906880256
cutting rápido,3,7,7,gpr,False,2026-04-27,0.13400144850454865,True,1.3120393343419892,0.05400144850452193
cutting rápido,3,7,7,gpr,False,2026-04-28,0.11172539071847609,True,1.3120333005994667,0.051725390718445396
cutting rápido,3,7,7,gpr,False,2026-04-29,0.08941765034566629,True,1.3120410902263302,0.049417650345631614
cutting rápido,3,7,7,gpr,False,2026-04-30,0.33292163139591935,True,1.3120627806322886,0.04707836860404768
cutting rápido,3,14,14,linear,False,2026-03-14,0.23333333333333428,True,1.8310506742227517,0.07333333333333769
cutting rápido,3,14,14,linear,False,2026-03-15,0.5333333333333456,True,1.778220751603925,0.12666666666666515
cutting rápido,3,14,14,linear,False,2026-03-17,0.13333333333333997,True,1.6958929052949259,0.23333333333333428
cutting rápido,3,14,14,linear,False,2026-03-20,0.6333333333333258,True,1.638711449918162,0.39333333333333087
cutting rápido,3,14,14,linear,False,2026-03-21,0.46666666666666856,True,1.638711449918162,0.44666666666665833
cutting rápido,3,14,14,linear,False,2026-03-23,0.2666666666666657,True,1.6675472950298342,0.5533333333333275
cutting rápido,3,14,14,linear,False,2026-03-24,0.6666666666666714,True,1.6958929052949259,0.6066666666666549
cutting rápido,3,14,14,linear,False,2026-03-25,0.6000000000000085,True,1.7329659834094286,0.6599999999999966
cutting rápido,3,14,14,linear,False,2026-03-26,0.5333333333333456,True,1.778220751603925,0.7133333333333383
cutting rápido,3,14,14,linear,False,2026-03-27,0.7666666666666657,True,1.8310506742227517,0.7666666666666515
cutting rápido,3,14,14,kalman,False,2026-03-14,0.14264043494829082,True,1.3174118382506492,0.017359565051705772
cutting rápido,3,14,14,kalman,False,2026-03-15,0.6715662652903234,False,1.317717238487063,0.011566265290312572
cutting rápido,3,14,14,kalman,False,2026-03-17,0.09969892046632367,True,1.3182271733418816,0.0003010795336706451
cutting rápido,3,14,14,kalman,False,2026-03-20,0.25843400434541763,True,1.3186691142207394,0.01843400434542275
cutting rápido,3,14,14,kalman,False,2026-03-21,0.04446816645560148,True,1.3187183451940427,0.024468166455591245
cutting rápido,3,14,14,kalman,False,2026-03-23,0.783626710835577,False,1.3186645515304463,0.03637328916441618
cutting rápido,3,14,14,kalman,False,2026-03-24,0.10219492233942162,True,1.3185636378124457,0.04219492233940514
cutting rápido,3,14,14,kalman,False,2026-03-25,0.012103614887621461,True,1.3184165628678386,0.0478963851123666
cutting rápido,3,14,14,kalman,False,2026-03-26,0.12654698622850447,True,1.3182269811586593,0.053453013771488145
cutting rápido,3,14,14,kalman,False,2026-03-27,0.05884014460492892,True,1.3179994831767772,0.05884014460491471
cutting rápido,3,14,14,gpr,False,2026-03-14,0.12497383080135194,True,1.2752881786985029,0.03502616919864465
cutting rápido,3,14,14,gpr,False,2026-03-15,0.6870642404231688,False,1.275574378388768,0.027064240423158026
cutting rápido,3,14,14,gpr,False,2026-03-17,0.11059623963808463,True,1.276051957180698,0.01059623963809031
cutting rápido,3,14,14,gpr,False,2026-03-20,0.25495827780852665,True,1.2764973100804298,0.014958277808531761
cutting rápido,3,14,14,gpr,False,2026-03-21,0.04356575412313646,True,1.2765670461610341,0.023565754123126226
cutting rápido,3,14,14,gpr,False,2026-03-23,0.7792936837817734,False,1.2765839844421407,0.04070631621821974
cutting rápido,3,14,14,gpr,False,2026-03-24,0.10917050309966214,True,1.2765313150834459,0.04917050309964566
cutting rápido,3,14,14,gpr,False,2026-03-25,0.002481322654986684,True,1.276438730919807,0.05751867734500138
cutting rápido,3,14,14,gpr,False,2026-03-26,0.1142824237043385,True,1.2763074018718896,0.06571757629565411
cutting rápido,3,14,14,gpr,False,2026-03-27,0.07373466241237736,True,1.2761388867431833,0.07373466241236315
cutting rápido,3,14,14,linear,False,2026-05-16,0.3266666666666538,True,1.8658334284917544,0.026666666666699257
cutting rápido,3,14,14,linear,False,2026-05-17,0.05333333333332746,True,1.8119999453257662,0.03333333333335986
cutting rápido,3,14,14,linear,False,2026-05-19,0.693333333333328,True,1.7281081940479055,0.04666666666670949
cutting rápido,3,14,14,linear,False,2026-05-20,0.1666666666666714,True,1.69922412877969,0.05333333333337009
cutting rápido,3,14,14,linear,False,2026-05-21,0.1599999999999966,True,1.6796921680737285,0.060000000000044906
cutting rápido,3,14,14,linear,False,2026-05-22,0.3133333333333326,True,1.6698405161328367,0.06666666666670551
cutting rápido,3,14,14,linear,False,2026-05-23,0.38666666666667027,True,1.6698405161328367,0.07333333333336611
cutting rápido,3,14,14,linear,False,2026-05-24,0.23999999999999488,True,1.6796921680737285,0.08000000000002672
cutting rápido,3,14,14,linear,False,2026-05-25,0.13333333333333997,True,1.69922412877969,0.08666666666668732
cutting rápido,3,14,14,linear,False,2026-05-26,0.5066666666666748,True,1.7281081940479055,0.09333333333336213
cutting rápido,3,14,14,linear,False,2026-05-28,0.15333333333333599,True,1.8119999453257662,0.10666666666669755
cutting rápido,3,14,14,linear,False,2026-05-29,0.37333333333333485,True,1.8658334284917544,0.11333333333337237
cutting rápido,3,14,14,kalman,False,2026-05-16,0.23699139467817076,True,1.3119346637595868,0.06300860532178376
cutting rápido,3,14,14,kalman,False,2026-05-17,0.040372653245171364,True,1.312192242527317,0.06037265324513896
cutting rápido,3,14,14,kalman,False,2026-05-19,0.7950916399559844,False,1.3126263279948773,0.0550916399559469
cutting rápido,3,14,14,kalman,False,2026-05-20,0.2724532598547995,True,1.3127967225793782,0.052453259854758016
cutting rápido,3,14,14,kalman,False,2026-05-21,0.05017924847652466,True,1.3129329727788388,0.04982075152342702
cutting rápido,3,14,14,kalman,False,2026-05-22,0.4271974555176854,True,1.3130336395260827,0.04719745551764731
cutting rápido,3,14,14,kalman,False,2026-05-23,0.5045867123931203,True,1.3130980101765317,0.04458671239308387
cutting rápido,3,14,14,kalman,False,2026-05-24,0.11800813729453807,True,1.3131261335570912,0.041991862705430094
cutting rápido,3,14,14,kalman,False,2026-05-25,0.25941624701040666,True,1.31311884916866,0.03941624701037938
cutting rápido,3,14,14,kalman,False,2026-05-26,0.6368632058636194,True,1.3130778105604293,0.03686320586358249
cutting rápido,3,14,14,kalman,False,2026-05-28,0.2918382094376284,True,1.3129052545125717,0.031838209437594855
cutting rápido,3,14,14,kalman,False,2026-05-29,0.23062706473021422,True,1.3127812429382857,0.029372935269748268
cutting rápido,3,14,14,gpr,False,2026-05-16,0.24162404570492413,True,1.3099360990728144,0.0583759542950304
cutting rápido,3,14,14,gpr,False,2026-05-17,0.03638290862434701,True,1.3099995066196755,0.05638290862431461
cutting rápido,3,14,14,gpr,False,2026-05-19,0.7924325296469874,False,1.3101912098834987,0.05243252964694989
cutting rápido,3,14,14,gpr,False,2026-05-20,0.27047522646853395,True,1.310319530359834,0.05047522646849245
cutting rápido,3,14,14,gpr,False,2026-05-21,0.05147013524732813,True,1.3104695399973991,0.04852986475262355
cutting rápido,3,14,14,gpr,False,2026-05-22,0.4265964553129038,True,1.3106412912886185,0.046596455312865714
cutting rápido,3,14,14,gpr,False,2026-05-23,0.5046750072556705,True,1.3108348527299825,0.044675007255634114
cutting rápido,3,14,14,gpr,False,2026-05-24,0.11723447202260218,True,1.3110503087874577,0.04276552797736599
cutting rápido,3,14,14,gpr,False,2026-05-25,0.260868023161521,True,1.3112877598539683,0.04086802316149374
cutting rápido,3,14,14,gpr,False,2026-05-26,0.6389824967764781,True,1.3115473221995444,0.03898249677644117
cutting rápido,3,14,14,gpr,False,2026-05-28,0.29524738658557226,True,1.3121333248389533,0.03524738658553872
cutting rápido,3,14,14,gpr,False,2026-05-29,0.22660219787420033,True,1.3124600764996615,0.033397802125762155
cutting rápido,4,3,3,linear,False,2026-03-19,0.04999999999999716,True,1.778236714947269,0.010000000000005116
cutting rápido,4,3,3,linear,False,2026-03-20,0.4749999999999943,True,1.8508474542540228,0.015000000000000568
cutting rápido,4,3,3,kalman,False,2026-03-19,0.01702964268943674,True,1.3706040061872216,0.05702964268942878
cutting rápido,4,3,3,kalman,False,2026-03-20,0.4029384717248803,True,1.3705982156092773,0.05706152827511346
cutting rápido,4,3,3,gpr,False,2026-03-19,0.02634591336526171,True,1.3933830650615278,0.06634591336525375
cutting rápido,4,3,3,gpr,False,2026-03-20,0.39228650512157515,True,1.3934186495978622,0.0677134948784186
cutting rápido,4,3,3,linear,False,2026-05-09,0.3400000000000034,True,1.79309599233747,0.0999999999999659
cutting rápido,4,3,3,linear,False,2026-05-11,0.12000000000000455,True,1.8851086523547167,0.17999999999994998
cutting rápido,4,3,3,kalman,False,2026-05-09,0.28999837838780707,True,1.3717523728991523,0.04999837838776955
cutting rápido,4,3,3,kalman,False,2026-05-11,0.2514443809174196,True,1.3718927590807937,0.04855561908253492
cutting rápido,4,3,3,gpr,False,2026-05-09,0.3097513693655287,True,1.359044185754982,0.0697513693654912
cutting rápido,4,3,3,gpr,False,2026-05-11,0.23469674353442826,True,1.358978299924246,0.06530325646552626
cutting rápido,4,7,7,linear,False,2026-02-23,0.32500000000000284,True,1.973162167917252,0.11499999999999488
cutting rápido,4,7,7,linear,False,2026-02-24,0.04999999999999716,True,1.8846340094546008,0.1700000000000017
cutting rápido,4,7,7,linear,False,2026-02-25,0.22500000000000853,True,1.8294619960001057,0.22499999999999432
cutting rápido,4,7,7,linear,False,2026-02-26,0.20000000000000284,True,1.8106977871934475,0.28000000000000114
cutting rápido,4,7,7,linear,False,2026-02-27,0.2749999999999915,True,1.8294619960001057,0.33499999999999375
cutting rápido,4,7,7,linear,False,2026-02-28,0.3499999999999943,True,1.8846340094546008,0.38999999999998636
cutting rápido,4,7,7,linear,False,2026-03-01,0.625,True,1.973162167917252,0.4449999999999932
cutting rápido,4,7,7,kalman,False,2026-02-23,0.5129996985601792,True,1.3845041965228972,0.07299969856018151
cutting rápido,4,7,7,kalman,False,2026-02-24,0.29341603635688784,True,1.384476884413175,0.07341603635688898
cutting rápido,4,7,7,kalman,False,2026-02-25,0.07382043729363374,True,1.3844526798758352,0.07382043729364796
cutting rápido,4,7,7,kalman,False,2026-02-26,0.15421284651741018,True,1.3844313122161793,0.07421284651741189
cutting rápido,4,7,7,kalman,False,2026-02-27,0.13459320917517914,True,1.3844125283459334,0.07459320917517687
cutting rápido,4,7,7,kalman,False,2026-02-28,0.11496147041390259,True,1.384396092486213,0.07496147041391055
cutting rápido,4,7,7,kalman,False,2026-03-01,0.10468242461941202,True,1.3843817858482055,0.0753175753805948
cutting rápido,4,7,7,gpr,False,2026-02-23,0.5106891439469194,True,1.4525348218614624,0.07068914394692172
cutting rápido,4,7,7,gpr,False,2026-02-24,0.2929127136004013,True,1.4525553488834362,0.07291271360040241
cutting rápido,4,7,7,gpr,False,2026-02-25,0.07513701156295838,True,1.4525975340987998,0.07513701156297259
cutting rápido,4,7,7,gpr,False,2026-02-26,0.1573620392122166,True,1.4526613734742853,0.07736203921221829
cutting rápido,4,7,7,gpr,False,2026-02-27,0.13958779789001596,True,1.4527468654336246,0.07958779789001369
cutting rápido,4,7,7,gpr,False,2026-02-28,0.12181428890220047,True,1.4528540108578056,0.08181428890220843
cutting rápido,4,7,7,gpr,False,2026-03-01,0.09595848648137917,True,1.4529828130843896,0.08404151351862765
cutting rápido,4,7,8,linear,False,2026-03-06,0.4555555555555628,True,1.9286263021333525,0.23555555555556396
cutting rápido,4,7,8,linear,False,2026-03-07,0.2888888888888914,True,1.847668507486901,0.2111111111111228
cutting rápido,4,7,8,linear,False,2026-03-09,0.42222222222221717,True,1.7629969976824214,0.16222222222222626
cutting rápido,4,7,8,linear,False,2026-03-10,0.17777777777779136,True,1.7629969976824214,0.13777777777779932
cutting rápido,4,7,8,linear,False,2026-03-11,0.7333333333333485,True,1.7916654953081377,0.11333333333334394
cutting rápido,4,7,8,linear,False,2026-03-12,0.21111111111110858,True,1.847668507486901,0.08888888888890278
cutting rápido,4,7,8,kalman,False,2026-03-06,0.2952042353250164,True,1.3600282189015331,0.07520423532501752
cutting rápido,4,7,8,kalman,False,2026-03-07,0.42431352632287656,True,1.3600412556077401,0.07568647367713766
cutting rápido,4,7,8,kalman,False,2026-03-09,0.3366022676894005,True,1.3600679912218538,0.07660226768940959
cutting rápido,4,7,8,kalman,False,2026-03-10,0.11703423549211323,True,1.3600813349887346,0.07703423549212118
cutting rápido,4,7,8,kalman,False,2026-03-11,0.6974478585875232,False,1.3600944562651023,0.07744785858751868
cutting rápido,4,7,8,kalman,False,2026-03-12,0.22215765695307255,True,1.3601072225265227,0.07784234304693882
cutting rápido,4,7,8,gpr,False,2026-03-06,0.3063111546041455,True,1.372600265398006,0.08631115460414662
cutting rápido,4,7,8,gpr,False,2026-03-07,0.4124103077975292,True,1.3726390704453593,0.08758969220248503
cutting rápido,4,7,8,gpr,False,2026-03-09,0.3499972238635678,True,1.3727238564872835,0.08999722386357689
cutting rápido,4,7,8,gpr,False,2026-03-10,0.13112592690869462,True,1.3727694598539415,0.09112592690870258
cutting rápido,4,7,8,gpr,False,2026-03-11,0.7122044454514196,False,1.3728171274208307,0.09220444545141504
cutting rápido,4,7,8,gpr,False,2026-03-12,0.20676728877405992,True,1.3728669344243372,0.09323271122595145
cutting rápido,4,14,14,linear,False,2026-02-14,0.5333333333333314,True,2.05214891079342,0.6133333333333297
cutting rápido,4,14,14,linear,False,2026-02-15,0.46666666666666856,True,1.9929398076889697,0.5666666666666771
cutting rápido,4,14,14,linear,False,2026-02-16,0.29999999999999716,True,1.9422205542210236,0.5200000000000102
cutting rápido,4,14,14,linear,False,2026-02-17,0.3333333333333286,True,1.9006709248506013,0.47333333333332916
cutting rápido,4,14,14,linear,False,2026-02-18,0.23333333333333428,True,1.8689025996752093,0.4266666666666765
cutting rápido,4,14,14,linear,False,2026-02-19,0.4000000000000057,True,1.8474202469226384,0.38000000000000966
cutting rápido,4,14,14,linear,False,2026-02-20,0.13333333333332575,True,1.8365848440987236,0.3333333333333286
cutting rápido,4,14,14,linear,False,2026-02-22,0.29999999999999716,True,1.8474202469226384,0.2400000000000091
cutting rápido,4,14,14,linear,False,2026-02-23,0.6333333333333258,True,1.8689025996752093,0.19333333333332803
cutting rápido,4,14,14,linear,False,2026-02-24,0.36666666666667425,True,1.9006709248506013,0.14666666666667538
cutting rápido,4,14,14,linear,False,2026-02-25,0.09999999999999432,True,1.9422205542210236,0.10000000000000853
cutting rápido,4,14,14,linear,False,2026-02-26,0.13333333333332575,True,1.9929398076889697,0.05333333333332746
cutting rápido,4,14,14,linear,False,2026-02-27,0.06666666666667709,True,2.05214891079342,0.006666666666674814
cutting rápido,4,14,14,kalman,False,2026-02-14,0.03266535378423896,True,1.378870430966714,0.047334646215759335
cutting rápido,4,14,14,kalman,False,2026-02-15,0.052129373633633236,True,1.3787929773627638,0.04787062636637529
cutting rápido,4,14,14,kalman,False,2026-02-16,0.17159430130061537,True,1.3787210737343116,0.0484056986993977
cutting rápido,4,14,14,kalman,False,2026-02-17,0.09106048816572354,True,1.3786543354030982,0.04893951183427703
cutting rápido,4,14,14,kalman,False,2026-02-18,0.6105282856094618,True,1.3785923969135752,0.04947171439054898
cutting rápido,4,14,14,kalman,False,2026-02-19,0.7299980450123797,False,1.3785349118076056,0.0500019549876356
cutting rápido,4,14,14,kalman,False,2026-02-20,0.14947011775497288,True,1.3784815523802934,0.05052988224502997
cutting rápido,4,14,14,kalman,False,2026-02-22,0.11157739121867394,True,1.3783859919101076,0.051577391218685875
cutting rápido,4,14,14,kalman,False,2026-02-23,0.4920962701738745,True,1.3783432267607054,0.052096270173876746
cutting rápido,4,14,14,kalman,False,2026-02-24,0.27261143026728973,True,1.378303458457367,0.05261143026729087
cutting rápido,4,14,14,kalman,False,2026-02-25,0.0531225201183787,True,1.37826644873968,0.05312252011839291
cutting rápido,4,14,14,kalman,False,2026-02-26,0.13362918834663162,True,1.3782319762426027,0.05362918834663333
cutting rápido,4,14,14,kalman,False,2026-02-27,0.11413108357155011,True,1.3781998361225192,0.05413108357154783
cutting rápido,4,14,14,gpr,False,2026-02-14,0.03749052942926312,True,1.3763093719684036,0.042509470570735175
cutting rápido,4,14,14,gpr,False,2026-02-15,0.05625792949327035,True,1.3762547309404454,0.04374207050673817
cutting rápido,4,14,14,gpr,False,2026-02-16,0.17502823886854912,True,1.3762184030542244,0.04497176113146395
cutting rápido,4,14,14,gpr,False,2026-02-17,0.09380145726261446,True,1.3762003883480816,0.046198542737386106
cutting rápido,4,14,14,gpr,False,2026-02-18,0.6125775843221106,True,1.3762006867911794,0.047422415677900176
cutting rápido,4,14,14,gpr,False,2026-02-19,0.731356619632848,False,1.3762192982838144,0.04864338036716731
cutting rápido,4,14,14,gpr,False,2026-02-20,0.15013856271984594,True,1.3762562226575028,0.049861437280156906
cutting rápido,4,14,14,gpr,False,2026-02-22,0.11228882998102563,True,1.3763850090310257,0.052288829981037566
cutting rápido,4,14,14,gpr,False,2026-02-23,0.49349816702275007,True,1.376476870351297,0.05349816702275234
cutting rápido,4,14,14,gpr,False,2026-02-24,0.27470459879567954,True,1.3765870431936946,0.05470459879568068
cutting rápido,4,14,14,gpr,False,2026-02-25,0.05590812607853479,True,1.3767155270478213,0.055908126078549
cutting rápido,4,14,14,gpr,False,2026-02-26,0.13710874971076237,True,1.3768623213352384,0.05710874971076407
cutting rápido,4,14,14,gpr,False,2026-02-27,0.11830647059225896,True,1.3770274254095227,0.05830647059225669
cutting rápido,4,14,14,linear,False,2026-03-20,0.4200000000000017,True,2.016975324257402,0.03999999999999204
cutting rápido,4,14,14,linear,False,2026-03-21,0.060000000000002274,True,1.9587810580884195,0.03999999999999204
cutting rápido,4,14,14,linear,False,2026-03-23,0.11999999999999034,True,1.8680936528504617,0.03999999999999204
cutting rápido,4,14,14,linear,False,2026-03-24,0.0,True,1.8368698329635436,0.03999999999999204
cutting rápido,4,14,14,linear,False,2026-03-25,0.21999999999999886,True,1.8157556851641061,0.03999999999999204
cutting rápido,4,14,14,linear,False,2026-03-26,0.2400000000000091,True,1.805105999846802,0.03999999999999204
cutting rápido,4,14,14,linear,False,2026-03-27,0.6599999999999966,True,1.805105999846802,0.03999999999999204
cutting rápido,4,14,14,linear,False,2026-03-28,0.01999999999999602,True,1.8157556851641061,0.03999999999999204
cutting rápido,4,14,14,linear,False,2026-03-29,0.4000000000000057,True,1.8368698329635436,0.03999999999999204
cutting rápido,4,14,14,linear,False,2026-03-31,0.2600000000000051,True,1.9089311265500442,0.03999999999999204
cutting rápido,4,14,14,linear,False,2026-04-02,0.1799999999999926,True,2.016975324257402,0.03999999999999204
cutting rápido,4,14,14,kalman,False,2026-03-20,0.4216559848880621,True,1.3816682616837284,0.03834401511193164
cutting rápido,4,14,14,kalman,False,2026-03-21,0.05819837305305953,True,1.3816384911943942,0.038198373053049295
cutting rápido,4,14,14,kalman,False,2026-03-23,0.11790706555375152,True,1.3815883179294133,0.03790706555375323
cutting rápido,4,14,14,kalman,False,2026-03-24,0.0022386002203234057,True,1.3815679153435099,0.037761399779668636
cutting rápido,4,14,14,kalman,False,2026-03-25,0.22238427423310725,True,1.3815506355618652,0.037615725766883656
cutting rápido,4,14,14,kalman,False,2026-03-26,0.24252995665143828,True,1.3815364786493944,0.037470043348562854
cutting rápido,4,14,14,kalman,False,2026-03-27,0.662675647642132,True,1.3815254446590188,0.03732435235785658
cutting rápido,4,14,14,kalman,False,2026-03-28,0.017178652627990232,True,1.3815175336317225,0.03717865262798625
cutting rápido,4,14,14,kalman,False,2026-03-29,0.4029670560078955,True,1.3815127455964387,0.03703294399210222
cutting rápido,4,14,14,kalman,False,2026-03-31,0.2567414993349928,True,1.3815125385577574,0.03674149933497972
cutting rápido,4,14,14,kalman,False,2026-04-02,0.18354998294807956,True,1.3815248235347326,0.03645001705190509
cutting rápido,4,14,14,gpr,False,2026-03-20,0.40304577340127423,True,1.4103997086089066,0.056954226598719515
cutting rápido,4,14,14,gpr,False,2026-03-21,0.07880349939478037,True,1.4103328048806816,0.05880349939477014
cutting rápido,4,14,14,gpr,False,2026-03-23,0.14249028232967476,True,1.4102481105765037,0.06249028232967646
cutting rápido,4,14,14,gpr,False,2026-03-24,0.024327794191307817,True,1.4102303183323102,0.06432779419129986
cutting rápido,4,14,14,gpr,False,2026-03-25,0.19383861239280975,True,1.4102288957727183,0.06616138760718115
cutting rápido,4,14,14,gpr,False,2026-03-26,0.21200893634701856,True,1.41024384335131,0.06799106365298258
cutting rápido,4,14,14,gpr,False,2026-03-27,0.6301831765099166,True,1.4102751620371805,0.06981682349007201
cutting rápido,4,14,14,gpr,False,2026-03-28,0.05163866836541331,True,1.4103228533149377,0.07163866836540933
cutting rápido,4,14,14,gpr,False,2026-03-29,0.36654340038856503,True,1.410386919184674,0.0734565996114327
cutting rápido,4,14,14,gpr,False,2026-03-31,0.29708072697302157,True,1.410564185275831,0.0770807269730085
cutting rápido,4,14,14,gpr,False,2026-04-02,0.13931078205651204,True,1.4108069866073834,0.08068921794347261
cutting rápido,5,3,3,linear,False,2026-03-11,0.3500000000000085,True,1.570590506772703,0.23000000000000398
cutting rápido,5,3,3,linear,False,2026-03-12,0.5,True,1.5089745493998805,0.30000000000001137
cutting rápido,5,3,3,linear,False,2026-03-13,0.3499999999999943,True,1.570590506772703,0.37000000000000455
cutting rápido,5,3,3,kalman,False,2026-03-11,0.14796200893758282,True,1.3963206277254585,0.027962008937578275
cutting rápido,5,3,3,kalman,False,2026-03-12,0.22700174817319407,True,1.3962487967433503,0.027001748173205442
cutting rápido,5,3,3,kalman,False,2026-03-13,0.006041491487863482,True,1.3961803630488134,0.026041491487873714
cutting rápido,5,3,3,gpr,False,2026-03-11,0.15198267387211217,True,1.3569948858617238,0.031982673872107625
cutting rápido,5,3,3,gpr,False,2026-03-12,0.2316779407022267,True,1.3569904465616105,0.03167794070223806
cutting rápido,5,3,3,gpr,False,2026-03-13,0.011372360281441729,True,1.357010228895689,0.03137236028145196
cutting rápido,5,3,3,linear,False,2026-02-24,0.375,True,1.539607753072005,0.355000000000004
cutting rápido,5,3,3,linear,False,2026-02-26,0.9249999999999972,False,1.539607753072005,0.14499999999999602
cutting rápido,5,3,3,kalman,False,2026-02-24,0.06774302506889285,True,1.3701602774314665,0.04774302506889683
cutting rápido,5,3,3,kalman,False,2026-02-26,0.8257103766595435,False,1.3699218591556246,0.04571037665954236
cutting rápido,5,3,3,gpr,False,2026-02-24,0.05415733900902353,True,1.316367561840707,0.03415733900902751
cutting rápido,5,3,3,gpr,False,2026-02-26,0.8133802855421237,False,1.3163273855620616,0.03338028554212258
cutting rápido,5,7,7,linear,False,2026-03-21,0.16250000000000853,True,1.6570824093209637,0.2424999999999926
cutting rápido,5,7,7,linear,False,2026-03-22,0.5250000000000057,True,1.5827355276994979,0.22499999999999432
cutting rápido,5,7,7,linear,False,2026-03-23,0.7874999999999943,False,1.5364014886282291,0.20749999999999602
cutting rápido,5,7,7,linear,False,2026-03-24,0.14999999999999147,True,1.5206431080734717,0.18999999999998352
cutting rápido,5,7,7,linear,False,2026-03-25,0.3125,True,1.5364014886282291,0.17249999999999943
cutting rápido,5,7,7,linear,False,2026-03-26,0.2750000000000057,True,1.5827355276994979,0.15500000000000114
cutting rápido,5,7,7,linear,False,2026-03-27,0.23749999999999716,True,1.6570824093209637,0.13749999999998863
cutting rápido,5,7,7,kalman,False,2026-03-21,0.05575051146279009,True,1.3979936581221182,0.024249488537193997
cutting rápido,5,7,7,kalman,False,2026-03-22,0.32328224954194695,True,1.3979558388506916,0.023282249541935585
cutting rápido,5,7,7,kalman,False,2026-03-23,0.6023150105466897,True,1.397921420793324,0.022315010546691383
cutting rápido,5,7,7,kalman,False,2026-03-24,0.018652228448573283,True,1.3978904042012346,0.02134777155141876
cutting rápido,5,7,7,kalman,False,2026-03-25,0.16038053255616092,True,1.3978627893008877,0.020380532556160347
cutting rápido,5,7,7,kalman,False,2026-03-26,0.1394132935609207,True,1.39783857629385,0.019413293560916145
cutting rápido,5,7,7,kalman,False,2026-03-27,0.11844605456565205,True,1.3978177653569333,0.01844605456564352
cutting rápido,5,7,7,gpr,False,2026-03-21,0.04202028540083802,True,1.3153162793888384,0.037979714599146064
cutting rápido,5,7,7,gpr,False,2026-03-22,0.3363922231474561,True,1.3152835655343154,0.036392223147444724
cutting rápido,5,7,7,gpr,False,2026-03-23,0.6148028465601811,True,1.3152712051154651,0.03480284656018284
cutting rápido,5,7,7,gpr,False,2026-03-24,0.006788415026647954,True,1.3152791991660422,0.03321158497334409
cutting rápido,5,7,7,gpr,False,2026-03-25,0.17161843856450787,True,1.3153075482607903,0.0316184385645073
cutting rápido,5,7,7,gpr,False,2026-03-26,0.1500234075526805,True,1.3153562525154996,0.030023407552675963
cutting rápido,5,7,7,gpr,False,2026-03-27,0.12842649219847146,True,1.3154253115869778,0.028426492198462938
cutting rápido,5,7,7,linear,False,2026-03-09,0.375,True,1.6623190073055127,0.1349999999999909
cutting rápido,5,7,7,linear,False,2026-03-10,0.25,True,1.5877371797765818,0.0899999999999892
cutting rápido,5,7,7,linear,False,2026-03-11,0.07500000000000284,True,1.541256719058282,0.045000000000001705
cutting rápido,5,7,7,linear,False,2026-03-12,0.19999999999998863,True,1.525448539951924,0.0
cutting rápido,5,7,7,linear,False,2026-03-13,0.025000000000005684,True,1.541256719058282,0.045000000000015916
cutting rápido,5,7,7,linear,False,2026-03-14,0.3499999999999943,True,1.5877371797765818,0.09000000000000341
cutting rápido,5,7,7,linear,False,2026-03-15,0.025000000000005684,True,1.6623190073055127,0.13500000000000512
cutting rápido,5,7,7,kalman,False,2026-03-09,0.21733589891633187,True,1.4067138534466892,0.022664101083677224
cutting rápido,5,7,7,kalman,False,2026-03-10,0.1382504334806356,True,1.4066323816709314,0.021749566519375207
cutting rápido,5,7,7,kalman,False,2026-03-11,0.14083503854172363,True,1.4065543450013251,0.020835038541719086
cutting rápido,5,7,7,kalman,False,2026-03-12,0.21992051713070282,True,1.406479743893783,0.019920517130714188
cutting rápido,5,7,7,kalman,False,2026-03-13,0.0009939977336728134,True,1.4064085787855447,0.01900600226633742
cutting rápido,5,7,7,kalman,False,2026-03-14,0.42190850607141783,True,1.406340850095006,0.018091493928579894
cutting rápido,5,7,7,kalman,False,2026-03-15,0.14282300790253544,True,1.4062765582218049,0.017176992097475363
cutting rápido,5,7,7,gpr,False,2026-03-09,0.22669844485858448,True,1.3846497281585641,0.013301555141424615
cutting rápido,5,7,7,gpr,False,2026-03-10,0.14660446081070688,True,1.3845884929552312,0.013395539189303918
cutting rápido,5,7,7,gpr,False,2026-03-11,0.1334866547727529,True,1.3845492818774972,0.013486654772748352
cutting rápido,5,7,7,gpr,False,2026-03-12,0.21357490227022424,True,1.3845320974891422,0.013574902270235611
cutting rápido,5,7,7,gpr,False,2026-03-13,0.006339717876898021,True,1.3845369418890527,0.01366028212311221
cutting rápido,5,7,7,gpr,False,2026-03-14,0.4262572051643474,True,1.3845638167107097,0.01374279483565033
cutting rápido,5,7,7,gpr,False,2026-03-15,0.146177559024963,True,1.3846127231220464,0.013822440975047812
cutting rápido,5,14,14,linear,False,2026-03-05,0.2666666666666657,True,1.7288220681924145,0.07333333333333769
cutting rápido,5,14,14,linear,False,2026-03-07,0.0,True,1.6362135017463117,0.09999999999999432
cutting rápido,5,14,14,linear,False,2026-03-08,0.06666666666666288,True,1.6012102347791881,0.11333333333332973
cutting rápido,5,14,14,linear,False,2026-03-09,0.36666666666667425,True,1.5744471761415468,0.12666666666666515
cutting rápido,5,14,14,linear,False,2026-03-10,0.29999999999999716,True,1.556349480930436,0.13999999999998636
cutting rápido,5,14,14,linear,False,2026-03-11,0.03333333333333144,True,1.5472212527491536,0.15333333333333599
cutting rápido,5,14,14,linear,False,2026-03-12,0.03333333333333144,True,1.5472212527491536,0.1666666666666572
cutting rápido,5,14,14,linear,False,2026-03-13,0.20000000000000284,True,1.556349480930436,0.1799999999999926
cutting rápido,5,14,14,linear,False,2026-03-14,0.6333333333333258,True,1.5744471761415468,0.19333333333332803
cutting rápido,5,14,14,linear,False,2026-03-15,0.36666666666667425,True,1.6012102347791881,0.20666666666666345
cutting rápido,5,14,14,linear,False,2026-03-16,0.3999999999999915,True,1.6362135017463117,0.21999999999999886
cutting rápido,5,14,14,linear,False,2026-03-17,0.13333333333333997,True,1.6789416703584834,0.23333333333333428
cutting rápido,5,14,14,linear,False,2026-03-18,0.23333333333333428,True,1.7288220681924145,0.2466666666666555
cutting rápido,5,14,14,kalman,False,2026-03-05,0.37637372114851075,True,1.4178579796570148,0.03637372114850734
cutting rápido,5,14,14,kalman,False,2026-03-07,0.1344138603770233,True,1.4176618682477908,0.03441386037702898
cutting rápido,5,14,14,kalman,False,2026-03-08,0.21343393643176967,True,1.4175690375383567,0.033433936431777056
cutting rápido,5,14,14,kalman,False,2026-03-09,0.20754598323711093,True,1.4174796908625922,0.032454016762898164
cutting rápido,5,14,14,kalman,False,2026-03-10,0.1285258986425788,True,1.4173938287259773,0.031474101357432005
cutting rápido,5,14,14,kalman,False,2026-03-11,0.15049419020240862,True,1.4173114516159728,0.03049419020240407
cutting rápido,5,14,14,kalman,False,2026-03-12,0.2295142832848427,True,1.4172325600023612,0.02951428328485406
cutting rápido,5,14,14,kalman,False,2026-03-13,0.008534380591811441,True,1.417157154336934,0.028534380591821673
cutting rápido,5,14,14,kalman,False,2026-03-14,0.41244551788969375,True,1.4170852350535768,0.02755448211030398
cutting rápido,5,14,14,kalman,False,2026-03-15,0.13342541217261328,True,1.4170168025683836,0.026574587827397522
cutting rápido,5,14,14,kalman,False,2026-03-16,0.15440530226990745,True,1.416951857279372,0.02559469773008516
cutting rápido,5,14,14,kalman,False,2026-03-17,0.12461481180542933,True,1.4168903995667392,0.02461481180543501
cutting rápido,5,14,14,kalman,False,2026-03-18,0.5036349300404623,True,1.4168324297926347,0.023634930040472568
cutting rápido,5,14,14,gpr,False,2026-03-05,0.37420032763797906,True,1.3984426533580745,0.03420032763797565
cutting rápido,5,14,14,gpr,False,2026-03-07,0.13410095509060227,True,1.398221814947135,0.034100955090607954
cutting rápido,5,14,14,gpr,False,2026-03-08,0.21404153362546197,True,1.3981376003535502,0.034041533625469356
cutting rápido,5,14,14,gpr,False,2026-03-09,0.20602437589123213,True,1.3980708459397704,0.03397562410877697
cutting rápido,5,14,14,gpr,False,2026-03-10,0.1260967717221888,True,1.3980215472258806,0.033903228277821995
cutting rápido,5,14,14,gpr,False,2026-03-11,0.15382434801411193,True,1.3979897018874965,0.033824348014107386
cutting rápido,5,14,14,gpr,False,2026-03-12,0.23373898534326543,True,1.3979753097573564,0.033738985343276795
cutting rápido,5,14,14,gpr,False,2026-03-13,0.013647142434749071,True,1.3979783728263442,0.0336471424347593
cutting rápido,5,14,14,gpr,False,2026-03-14,0.4064511783979299,True,1.3979988952438873,0.033548821602067846
cutting rápido,5,14,14,gpr,False,2026-03-15,0.12655597469746738,True,1.3980368833182126,0.03344402530254342
cutting rápido,5,14,14,gpr,False,2026-03-16,0.1466672438627512,True,1.3980923455156642,0.033332756137241404
cutting rápido,5,14,14,gpr,False,2026-03-17,0.13321501685064163,True,1.3981652924598222,0.033215016850647316
cutting rápido,5,14,14,gpr,False,2026-03-18,0.5130908103311498,True,1.39825573692994,0.033090810331160014
cutting rápido,5,14,14,linear,False,2026-05-14,0.12000000000000455,True,1.6498049525663419,0.2200000000000415
cutting rápido,5,14,14,linear,False,2026-05-16,0.1600000000000108,True,1.5614291304480048,0.140000000000029
cutting rápido,5,14,14,linear,False,2026-05-17,0.12000000000000455,True,1.5280257141792788,0.10000000000003695
cutting rápido,5,14,14,linear,False,2026-05-19,0.21999999999999886,True,1.4852153548963827,0.020000000000038654
cutting rápido,5,14,14,linear,False,2026-05-20,0.5400000000000063,True,1.4765043392639825,0.0199999999999676
cutting rápido,5,14,14,linear,False,2026-05-21,0.3399999999999892,True,1.4765043392639825,0.05999999999995964
cutting rápido,5,14,14,linear,False,2026-05-22,0.480000000000004,True,1.4852153548963827,0.0999999999999659
cutting rápido,5,14,14,linear,False,2026-05-23,0.29999999999999716,True,1.5024858813077913,0.13999999999997215
cutting rápido,5,14,14,linear,False,2026-05-24,0.22000000000001307,True,1.5280257141792788,0.1799999999999784
cutting rápido,5,14,14,linear,False,2026-05-25,0.4399999999999977,True,1.5614291304480048,0.21999999999997044
cutting rápido,5,14,14,linear,False,2026-05-26,0.45999999999999375,True,1.6022043759098494,0.2599999999999625
cutting rápido,5,14,14,linear,False,2026-05-27,0.18000000000000682,True,1.6498049525663419,0.29999999999996874
cutting rápido,5,14,14,kalman,False,2026-05-14,0.3147973231532859,True,1.405319781009041,0.02520267684676014
cutting rápido,5,14,14,kalman,False,2026-05-16,0.2731106889889361,True,1.405674214276189,0.0268893110111037
cutting rápido,5,14,14,kalman,False,2026-05-17,0.04773262315309523,True,1.4058569367747964,0.027732623153127633
cutting rápido,5,14,14,kalman,False,2026-05-19,0.21058076180646879,True,1.4062333876962327,0.02941923819356873
cutting rápido,5,14,14,kalman,False,2026-05-20,0.48973745865340845,True,1.4064271137318656,0.0302625413466302
cutting rápido,5,14,14,kalman,False,2026-05-21,0.43110584175796873,True,1.406624505190166,0.031105841758019892
cutting rápido,5,14,14,kalman,False,2026-05-22,0.348050860444971,True,1.4068255608237337,0.03194913955506706
cutting rápido,5,14,14,kalman,False,2026-05-23,0.4727924348650703,True,1.4070302793638234,0.03279243486510097
cutting rápido,5,14,14,kalman,False,2026-05-24,0.006364272184583797,True,1.4072386595202886,0.03363572781545088
cutting rápido,5,14,14,kalman,False,2026-05-25,0.18552098146658125,True,1.4074506999816947,0.03447901853344604
cutting rápido,5,14,14,kalman,False,2026-05-26,0.16467769285361555,True,1.4076663994152625,0.03532230714641571
cutting rápido,5,14,14,kalman,False,2026-05-27,0.15616559378165107,True,1.407885756467067,0.036165593781689154
cutting rápido,5,14,14,gpr,False,2026-05-14,0.3048207158645795,True,1.3835026847473841,0.03517928413546656
cutting rápido,5,14,14,gpr,False,2026-05-16,0.2619199613951366,True,1.3835991168433566,0.038080038604903166
cutting rápido,5,14,14,gpr,False,2026-05-17,0.05940752263099114,True,1.383622616049962,0.03940752263102354
cutting rápido,5,14,14,gpr,False,2026-05-19,0.1981774632334634,True,1.3836202796751422,0.0418225367665741
cutting rápido,5,14,14,gpr,False,2026-05-20,0.4770872485062796,True,1.3835952181001687,0.04291275149375906
cutting rápido,5,14,14,gpr,False,2026-05-21,0.4439267507761855,True,1.3835551639780022,0.043926750776236645
cutting rápido,5,14,14,gpr,False,2026-05-22,0.3351338425533328,True,1.383501144235538,0.0448661574467053
cutting rápido,5,14,14,gpr,False,2026-05-23,0.48573270143518243,True,1.3834344539048118,0.04573270143521313
cutting rápido,5,14,14,gpr,False,2026-05-24,0.006528216633256534,True,1.3833566637772776,0.04652821663329121
cutting rápido,5,14,14,gpr,False,2026-05-25,0.17274536242190663,True,1.3832696285392103,0.04725463757812065
cutting rápido,5,14,14,gpr,False,2026-05-26,0.15208600403607875,True,1.3831754953043003,0.047913995963952516
cutting rápido,5,14,14,gpr,False,2026-05-27,0.16850841698871477,True,1.3830767124506735,0.048508416988752856
cutting rápido,6,3,3,linear,False,2026-03-14,0.2750000000000057,True,1.5698909669420118,0.23499999999999943
cutting rápido,6,3,3,linear,False,2026-03-15,0.5500000000000114,True,1.5083024532702325,0.29000000000000625
cutting rápido,6,3,3,linear,False,2026-03-16,0.025000000000005684,True,1.5698909669420118,0.3450000000000131
cutting rápido,6,3,3,kalman,False,2026-03-14,0.018456785786185037,True,1.36146196821349,0.021543214213821216
cutting rápido,6,3,3,kalman,False,2026-03-15,0.23981498829282089,True,1.361403356476643,0.02018501170718423
cutting rápido,6,3,3,kalman,False,2026-03-16,0.33882682031149614,True,1.3613480709739463,0.018826820311488746
cutting rápido,6,3,3,gpr,False,2026-03-14,0.04880929320175653,True,1.3852241638084308,0.008809293201750279
cutting rápido,6,3,3,gpr,False,2026-03-15,0.2691603120413504,True,1.3852259132784468,0.009160312041345264
cutting rápido,6,3,3,gpr,False,2026-03-16,0.3104879775948888,True,1.3852516532674883,0.009512022405118614
cutting rápido,6,3,3,linear,False,2026-02-17,0.05000000000001137,True,1.5086279375071854,0.4899999999999949
cutting rápido,6,3,3,linear,False,2026-02-18,0.07500000000000284,True,1.5702297416767124,0.4350000000000023
cutting rápido,6,3,3,kalman,False,2026-02-17,0.49399034433882605,True,1.353267241474697,0.046009655661180204
cutting rápido,6,3,3,kalman,False,2026-02-18,0.3152620644905255,True,1.3531250326958002,0.044737935509473914
cutting rápido,6,3,3,gpr,False,2026-02-17,0.50374896767417,True,1.402892688049576,0.03625103232583626
cutting rápido,6,3,3,gpr,False,2026-02-18,0.32629265112899475,True,1.4028564615928758,0.03370734887100468
cutting rápido,6,7,7,linear,False,2026-05-02,0.8499999999999943,False,1.609779388657529,0.2699999999999676
cutting rápido,6,7,7,linear,False,2026-05-03,0.5000000000000142,True,1.5375548107053874,0.23999999999996646
cutting rápido,6,7,7,linear,False,2026-05-04,0.25,True,1.492543421609298,0.20999999999996533
cutting rápido,6,7,7,linear,False,2026-05-05,0.4000000000000057,True,1.4772348792742775,0.1799999999999784
cutting rápido,6,7,7,linear,False,2026-05-06,0.3499999999999943,True,1.492543421609298,0.14999999999996305
cutting rápido,6,7,7,linear,False,2026-05-07,0.20000000000000284,True,1.5375548107053874,0.11999999999996191
cutting rápido,6,7,7,kalman,False,2026-05-02,0.5380877210643007,True,1.3575429328102189,0.04191227893572602
cutting rápido,6,7,7,kalman,False,2026-05-03,0.21676042335090528,True,1.3576542584714844,0.043239576649142464
cutting rápido,6,7,7,kalman,False,2026-05-04,0.004566871853555199,True,1.3577689409606535,0.04456687185358987
cutting rápido,6,7,7,kalman,False,2026-05-05,0.1741058353965741,True,1.357886979619451,0.04589416460345319
cutting rápido,6,7,7,kalman,False,2026-05-06,0.5472214549530605,True,1.3580083737719804,0.04722145495310315
cutting rápido,6,7,7,kalman,False,2026-05-07,0.031451257043173086,True,1.3581331227248086,0.04854874295686784
cutting rápido,6,7,7,gpr,False,2026-05-02,0.5636200270537302,True,1.3651817613697403,0.01637997294629656
cutting rápido,6,7,7,gpr,False,2026-05-03,0.24201457303401241,True,1.3651590824565574,0.017985426966035334
cutting rápido,6,7,7,gpr,False,2026-05-04,0.020407733172788767,True,1.3651568498162305,0.019592266827245908
cutting rápido,6,7,7,gpr,False,2026-05-05,0.19879950770831556,True,1.3651750638568387,0.021200492291711726
cutting rápido,6,7,7,gpr,False,2026-05-06,0.5228101030919419,True,1.3652137245583447,0.0228101030919845
cutting rápido,6,7,7,gpr,False,2026-05-07,0.055578901068656705,True,1.3652728314724527,0.024421098931384222
cutting rápido,6,7,8,linear,False,2026-04-21,0.5,True,1.5625726970857272,0.20000000000003126
cutting rápido,6,7,8,linear,False,2026-04-22,0.20000000000000284,True,1.515210966650585,0.18000000000003524
cutting rápido,6,7,8,linear,False,2026-04-23,0.3999999999999915,True,1.4909660268927496,0.160000000000025
cutting rápido,6,7,8,linear,False,2026-04-24,0.4000000000000057,True,1.4909660268927496,0.140000000000029
cutting rápido,6,7,8,linear,False,2026-04-26,0.29999999999999716,True,1.5625726970857272,0.10000000000002274
cutting rápido,6,7,8,linear,False,2026-04-27,0.29999999999999716,True,1.6310386794944804,0.08000000000002672
cutting rápido,6,7,8,kalman,False,2026-04-21,0.33405609589478047,True,1.3601000191349897,0.03405609589481173
cutting rápido,6,7,8,kalman,False,2026-04-22,0.3445643918505823,True,1.3601724534209438,0.03543560814945579
cutting rápido,6,7,8,kalman,False,2026-04-23,0.2768151166982875,True,1.3602482287709847,0.03681511669832105
cutting rápido,6,7,8,kalman,False,2026-04-24,0.29819462158239673,True,1.3603273447067465,0.03819462158242004
cutting rápido,6,7,8,kalman,False,2026-04-26,0.24095362052020164,True,1.3604955963233465,0.04095362052022722
cutting rápido,6,7,8,kalman,False,2026-04-27,0.33766688534413447,True,1.360584730948517,0.0423331146558894
cutting rápido,6,7,8,gpr,False,2026-04-21,0.3319809583436637,True,1.3726283760337878,0.031980958343694965
cutting rápido,6,7,8,gpr,False,2026-04-22,0.34749505120980473,True,1.372654923700395,0.03250494879023336
cutting rápido,6,7,8,gpr,False,2026-04-23,0.2730788258352135,True,1.3726828085443117,0.03307882583524702
cutting rápido,6,7,8,gpr,False,2026-04-24,0.2937021146530725,True,1.3727119972721482,0.033702114653095805
cutting rápido,6,7,8,gpr,False,2026-04-26,0.23509487963700337,True,1.3727746987226226,0.03509487963702895
cutting rápido,6,7,8,gpr,False,2026-04-27,0.3441367410697609,True,1.3728086909657122,0.03586325893026299
cutting rápido,6,14,14,linear,False,2026-03-10,0.08666666666667311,True,1.7040096574361598,0.2466666666666839
cutting rápido,6,14,14,linear,False,2026-03-11,0.173333333333332,True,1.6548451533558648,0.2533333333333303
cutting rápido,6,14,14,linear,False,2026-03-12,0.6599999999999966,True,1.6127302282289406,0.2600000000000051
cutting rápido,6,14,14,linear,False,2026-03-13,0.44666666666667254,True,1.5782293353659895,0.26666666666667993
cutting rápido,6,14,14,linear,False,2026-03-14,0.23333333333333428,True,1.5518503856637267,0.27333333333334053
cutting rápido,6,14,14,linear,False,2026-03-15,0.01999999999999602,True,1.5340124323055022,0.28000000000000114
cutting rápido,6,14,14,linear,False,2026-03-16,0.6066666666666691,True,1.5250152143370315,0.28666666666666174
cutting rápido,6,14,14,linear,False,2026-03-17,0.6933333333333422,True,1.5250152143370315,0.29333333333333655
cutting rápido,6,14,14,linear,False,2026-03-18,0.11999999999999034,True,1.5340124323055022,0.30000000000001137
cutting rápido,6,14,14,linear,False,2026-03-19,0.2666666666666657,True,1.5518503856637267,0.30666666666665776
cutting rápido,6,14,14,linear,False,2026-03-20,0.45333333333333314,True,1.5782293353659895,0.3133333333333326
cutting rápido,6,14,14,linear,False,2026-03-21,0.5400000000000063,True,1.6127302282289406,0.3199999999999932
cutting rápido,6,14,14,linear,False,2026-03-22,0.5266666666666708,True,1.6548451533558648,0.326666666666668
cutting rápido,6,14,14,linear,False,2026-03-23,0.18666666666666742,True,1.7040096574361598,0.3333333333333286
cutting rápido,6,14,14,kalman,False,2026-03-10,0.1287097210280166,True,1.3765048221409302,0.03129027897199421
cutting rápido,6,14,14,kalman,False,2026-03-11,0.05009555743599492,True,1.3764275934803436,0.029904442564003375
cutting rápido,6,14,14,kalman,False,2026-03-12,0.4285186150090965,True,1.3763537475453802,0.02851861500910502
cutting rápido,6,14,14,kalman,False,2026-03-13,0.20713279609974222,True,1.3762832847376387,0.027132796099749612
cutting rápido,6,14,14,kalman,False,2026-03-14,0.014253014371618633,True,1.376216205442006,0.02574698562838762
cutting rápido,6,14,14,kalman,False,2026-03-15,0.23563881661247876,True,1.3761525100266567,0.024361183387526353
cutting rápido,6,14,14,kalman,False,2026-03-16,0.34297538916958104,True,1.376092198842997,0.022975389169573646
cutting rápido,6,14,14,kalman,False,2026-03-17,0.4215896027670567,True,1.3760352722257494,0.02158960276705102
cutting rápido,6,14,14,kalman,False,2026-03-18,0.3997961760276212,True,1.3759817304928674,0.02020382397238052
cutting rápido,6,14,14,kalman,False,2026-03-19,0.02118194742195101,True,1.3759315739454792,0.018818052578041033
cutting rápido,6,14,14,kalman,False,2026-03-20,0.1574322883764978,True,1.375884802868029,0.01743228837649724
cutting rápido,6,14,14,kalman,False,2026-03-21,0.2360465311602269,True,1.3758414175281075,0.016046531160213817
cutting rápido,6,14,14,kalman,False,2026-03-22,0.21466078072165828,True,1.3758014181765361,0.014660780721655442
cutting rápido,6,14,14,kalman,False,2026-03-23,0.5067249631467092,True,1.3757648050473392,0.013275036853286792
cutting rápido,6,14,14,gpr,False,2026-03-10,0.15118326308416385,True,1.4093713358115565,0.008816736915846946
cutting rápido,6,14,14,gpr,False,2026-03-11,0.07213172774734744,True,1.4092659352480439,0.007868272252650854
cutting rápido,6,14,14,gpr,False,2026-03-12,0.40691423686600103,True,1.4091773715495322,0.00691423686600956
cutting rápido,6,14,14,gpr,False,2026-03-13,0.1859546315897802,True,1.4091056376054212,0.005954631589787596
cutting rápido,6,14,14,gpr,False,2026-03-14,0.03501054262825676,True,1.4090507281258908,0.004989457371749495
cutting rápido,6,14,14,gpr,False,2026-03-15,0.25598128472661585,True,1.409012639643862,0.004018715273389262
cutting rápido,6,14,14,gpr,False,2026-03-16,0.32304240646992355,True,1.4089913705165031,0.003042406469916159
cutting rápido,6,14,14,gpr,False,2026-03-17,0.4020605322502888,True,1.4089869209265373,0.0020605322502831314
cutting rápido,6,14,14,gpr,False,2026-03-18,0.4189269059828291,True,1.408999292882811,0.0010730940171725933
cutting rápido,6,14,14,gpr,False,2026-03-19,0.039919906713379305,True,1.4090284902207486,8.009328661273685e-05
cutting rápido,6,14,14,gpr,False,2026-03-20,0.1390815316885039,True,1.4090745186021536,0.0009184683114966674
cutting rápido,6,14,14,gpr,False,2026-03-21,0.21807741096600353,True,1.4091373855148106,0.0019225890340095475
cutting rápido,6,14,14,gpr,False,2026-03-22,0.19706773297595248,True,1.409217100271377,0.002932267024050361
cutting rápido,6,14,14,gpr,False,2026-03-23,0.5239475003116496,True,1.4093136740082741,0.0039475003116535845
cutting rápido,6,14,14,linear,False,2026-03-15,0.18666666666666742,True,1.6579167394388605,0.07333333333333769
cutting rápido,6,14,14,linear,False,2026-03-16,0.4266666666666765,True,1.6100821195203423,0.10666666666666913
cutting rápido,6,14,14,linear,False,2026-03-17,0.5400000000000063,True,1.5691063896919388,0.14000000000000057
cutting rápido,6,14,14,linear,False,2026-03-18,0.2466666666666555,True,1.535538734982083,0.17333333333334622
cutting rápido,6,14,14,linear,False,2026-03-19,0.1666666666666714,True,1.509873327459644,0.20666666666666345
cutting rápido,6,14,14,linear,False,2026-03-20,0.37999999999999545,True,1.4925178850530756,0.23999999999999488
cutting rápido,6,14,14,linear,False,2026-03-21,0.4933333333333394,True,1.4837640389623346,0.2733333333333263
cutting rápido,6,14,14,linear,False,2026-03-22,0.5066666666666606,True,1.4837640389623346,0.30666666666665776
cutting rápido,6,14,14,linear,False,2026-03-23,0.1799999999999926,True,1.4925178850530756,0.3400000000000034
cutting rápido,6,14,14,linear,False,2026-03-24,0.03333333333333144,True,1.509873327459644,0.37333333333332064
cutting rápido,6,14,14,linear,False,2026-03-26,0.5600000000000023,True,1.5691063896919388,0.4399999999999977
cutting rápido,6,14,14,linear,False,2026-03-27,0.8733333333333206,False,1.6100821195203423,0.47333333333331495
cutting rápido,6,14,14,linear,False,2026-03-28,0.11333333333332973,True,1.6579167394388605,0.5066666666666606
cutting rápido,6,14,14,kalman,False,2026-03-15,0.24213594523688187,True,1.3538488637512387,0.01786405476312325
cutting rápido,6,14,14,kalman,False,2026-03-16,0.33650614522576916,True,1.3537916186137977,0.01650614522576177
cutting rápido,6,14,14,kalman,False,2026-03-17,0.4151482357181351,True,1.353737689480539,0.0151482357181294
cutting rápido,6,14,14,kalman,False,2026-03-18,0.4062096737603298,True,1.3536870767475477,0.013790326239671913
cutting rápido,6,14,14,kalman,False,2026-03-19,0.027567583210185376,True,1.353639780786466,0.012432416789806666
cutting rápido,6,14,14,kalman,False,2026-03-20,0.15107450736802264,True,1.3535958019447492,0.011074507368022068
cutting rápido,6,14,14,kalman,False,2026-03-21,0.22971659797373434,True,1.3535551405454953,0.009716597973721264
cutting rápido,6,14,14,kalman,False,2026-03-22,0.2083586886063955,True,1.3535177968874734,0.008358688606392661
cutting rápido,6,14,14,kalman,False,2026-03-23,0.5129992207345424,True,1.3534837712450667,0.007000779265453616
cutting rápido,6,14,14,kalman,False,2026-03-24,0.3343571300496393,True,1.3534530638684146,0.005642869950349905
cutting rápido,6,14,14,kalman,False,2026-03-26,0.12292705139547877,True,1.3534016047907471,0.0029270513954742228
cutting rápido,6,14,14,kalman,False,2026-03-27,0.40156914215457107,True,1.3533808534680531,0.0015691421545653839
cutting rápido,6,14,14,kalman,False,2026-03-28,0.6197887670627011,True,1.3533634211676713,0.00021123293728919634
cutting rápido,6,14,14,gpr,False,2026-03-15,0.27893206838268725,True,1.37936755307652,0.018932068382682132
cutting rápido,6,14,14,gpr,False,2026-03-16,0.30092827905548347,True,1.3792798873688241,0.019071720944523918
cutting rápido,6,14,14,gpr,False,2026-03-17,0.3807838836851687,True,1.3792093598617328,0.019216116314836995
cutting rápido,6,14,14,gpr,False,2026-03-18,0.439365253663496,True,1.3791559673811662,0.019365253663494286
cutting rápido,6,14,14,gpr,False,2026-03-19,0.059519132060458446,True,1.3791197078176936,0.019519132060466404
cutting rápido,6,14,14,gpr,False,2026-03-20,0.12032224952434944,True,1.3791005801276128,0.019677750475651123
cutting rápido,6,14,14,gpr,False,2026-03-21,0.20015889222082706,True,1.3790985843336614,0.019841107779186018
cutting rápido,6,14,14,gpr,False,2026-03-22,0.1799907972587249,True,1.3791137215253855,0.02000920274127793
cutting rápido,6,14,14,gpr,False,2026-03-23,0.5401820340322416,True,1.3791459938595665,0.02018203403224561
cutting rápido,6,14,14,gpr,False,2026-03-24,0.3603596002228926,True,1.3791954045599937,0.020359600222903396
cutting rápido,6,14,14,gpr,False,2026-03-26,0.09927106891308313,True,1.3793456592881341,0.02072893108692142
cutting rápido,6,14,14,gpr,False,2026-03-27,0.37907930759662634,True,1.379446515094827,0.02092069240337935
cutting rápido,6,14,14,gpr,False,2026-03-28,0.6411171819054999,True,1.379564532823764,0.021117181905509597
cutting rápido,7,3,4,linear,False,2026-02-17,0.14000000000000057,True,1.5378088559623393,0.12000000000000455
cutting rápido,7,3,4,linear,False,2026-02-18,0.35999999999999943,True,1.5378088559623393,0.1799999999999926
cutting rápido,7,3,4,linear,False,2026-02-19,0.21999999999999886,True,1.6167214652369637,0.23999999999999488
cutting rápido,7,3,4,kalman,False,2026-02-17,0.22042885620173536,True,1.3316781940102942,0.03957114379826976
cutting rápido,7,3,4,kalman,False,2026-02-18,0.49934782750980844,True,1.3316477518885108,0.0406521724901836
cutting rápido,7,3,4,kalman,False,2026-02-19,0.02169444901660711,True,1.3316215567713527,0.04169444901660313
cutting rápido,7,3,4,gpr,False,2026-02-17,0.21082875870416729,True,1.3807961485420321,0.04917124129583783
cutting rápido,7,3,4,gpr,False,2026-02-18,0.48812535886726494,True,1.3808040711828653,0.051874641132727106
cutting rápido,7,3,4,gpr,False,2026-02-19,0.034579039111946486,True,1.380833897343905,0.05457903911194251
cutting rápido,7,3,3,linear,False,2026-05-07,0.024999999999991473,True,1.5816712925644367,0.04499999999995907
cutting rápido,7,3,3,linear,False,2026-05-08,0.5499999999999972,True,1.519620624029102,0.010000000000047748
cutting rápido,7,3,3,linear,False,2026-05-09,0.17499999999999716,True,1.5816712925644367,0.06500000000004036
cutting rápido,7,3,3,kalman,False,2026-05-07,0.03601742995547852,True,1.3265027966415062,0.01601742995551092
cutting rápido,7,3,3,kalman,False,2026-05-08,0.5551525564873003,True,1.3264891122246922,0.015152556487350921
cutting rápido,7,3,3,kalman,False,2026-05-09,0.22566614364879456,True,1.3264762274299642,0.014333856351242957
cutting rápido,7,3,3,gpr,False,2026-05-07,0.0048049725256475995,True,1.3368073291248947,0.0248049725256152
cutting rápido,7,3,3,gpr,False,2026-05-08,0.5137704277968709,True,1.3367792003538455,0.026229572203078533
cutting rápido,7,3,3,gpr,False,2026-05-09,0.26752820182636583,True,1.33674656041336,0.027528201826328313
cutting rápido,7,7,9,linear,False,2026-04-12,0.539999999999992,True,1.5235973540340808,0.15999999999996817
cutting rápido,7,7,9,linear,False,2026-04-13,0.0,True,1.5135404959176242,0.13999999999998636
cutting rápido,7,7,9,linear,False,2026-04-14,0.35999999999999943,True,1.5235973540340808,0.11999999999999034
cutting rápido,7,7,9,linear,False,2026-04-15,0.28000000000000114,True,1.5533773175023953,0.0999999999999801
cutting rápido,7,7,9,linear,False,2026-04-16,0.480000000000004,True,1.6017807005693498,0.07999999999998408
cutting rápido,7,7,9,linear,False,2026-04-17,0.14000000000000057,True,1.6671862114881435,0.05999999999997385
cutting rápido,7,7,9,kalman,False,2026-04-12,0.34537791901524884,True,1.3334339670666964,0.03462208098477504
cutting rápido,7,7,9,kalman,False,2026-04-13,0.17260062132324094,True,1.3334376605387206,0.032600621323254586
cutting rápido,7,7,9,kalman,False,2026-04-14,0.20940422046813012,True,1.3334358600794758,0.030595779531878975
cutting rápido,7,7,9,kalman,False,2026-04-15,0.40861087637719606,True,1.3334285621156141,0.028610876377214822
cutting rápido,7,7,9,kalman,False,2026-04-16,0.37335076737419115,True,1.333415851228807,0.026649232625828745
cutting rápido,7,7,9,kalman,False,2026-04-17,0.055285830955710935,True,1.3333978991548179,0.02471416904431578
cutting rápido,7,7,9,gpr,False,2026-04-12,0.3538235741500415,True,1.3646529227421524,0.026176425849982365
cutting rápido,7,7,9,gpr,False,2026-04-13,0.16408055212917816,True,1.364640678634828,0.0240805521291918
cutting rápido,7,7,9,gpr,False,2026-04-14,0.2180117044392773,True,1.3646466801838528,0.021988295560731785
cutting rápido,7,7,9,gpr,False,2026-04-15,0.39989965558268636,True,1.364670929529069,0.019899655582705122
cutting rápido,7,7,9,gpr,False,2026-04-16,0.38218536844712503,True,1.3647134289960547,0.017814631552894866
cutting rápido,7,7,9,gpr,False,2026-04-17,0.06426677725120555,True,1.3647741810958394,0.015733222748821163
cutting rápido,7,7,7,linear,False,2026-02-05,0.8250000000000028,False,1.5986496526558938,0.5250000000000057
cutting rápido,7,7,7,linear,False,2026-02-06,0.04999999999999716,True,1.5269244229318986,0.4299999999999926
cutting rápido,7,7,7,linear,False,2026-02-08,0.20000000000001705,True,1.4670215330638712,0.2400000000000091
cutting rápido,7,7,7,linear,False,2026-02-09,0.42499999999999716,True,1.4822242347874806,0.14499999999999602
cutting rápido,7,7,7,linear,False,2026-02-10,0.5499999999999972,True,1.5269244229318986,0.05000000000001137
cutting rápido,7,7,7,linear,False,2026-02-11,0.8250000000000028,False,1.5986496526558938,0.045000000000001705
cutting rápido,7,7,7,kalman,False,2026-02-05,0.3190327055015132,True,1.3083279440688784,0.019032705501516034
cutting rápido,7,7,7,kalman,False,2026-02-06,0.35899692967532815,True,1.3082256993480712,0.021003070324667306
cutting rápido,7,7,7,kalman,False,2026-02-08,0.015116874746212261,True,1.308050075350451,0.02488312525377978
cutting rápido,7,7,7,kalman,False,2026-02-09,0.30678723095608973,True,1.3079746894244124,0.026787230956088592
cutting rápido,7,7,7,kalman,False,2026-02-10,0.571336334118854,True,1.3079064187526797,0.028663665881154543
cutting rápido,7,7,7,kalman,False,2026-02-11,0.7494903621728923,False,1.3078445089381034,0.030509637827108804
cutting rápido,7,7,7,gpr,False,2026-02-05,0.305055548124912,True,1.356453519275533,0.0050555481249148215
cutting rápido,7,7,7,gpr,False,2026-02-06,0.37197169903728877,True,1.3563274191387222,0.00802830096270668
cutting rápido,7,7,7,gpr,False,2026-02-08,0.025875484196916432,True,1.3561272988613666,0.01412451580307561
cutting rápido,7,7,7,gpr,False,2026-02-09,0.29724780243472537,True,1.356052252387144,0.017247802434724235
cutting rápido,7,7,7,gpr,False,2026-02-10,0.5795789206992481,True,1.3559933515259388,0.020421079300760425
cutting rápido,7,7,7,gpr,False,2026-02-11,0.7563557597371329,False,1.3559503145521035,0.023644240262868266
cutting rápido,7,14,14,linear,False,2026-03-30,0.0799999999999983,True,1.720057271605441,0.4200000000000159
cutting rápido,7,14,14,linear,False,2026-03-31,0.7600000000000051,True,1.6704297578298224,0.38000000000000966
cutting rápido,7,14,14,linear,False,2026-04-02,0.3199999999999932,True,1.5930924057330458,0.30000000000001137
cutting rápido,7,14,14,linear,False,2026-04-03,0.29999999999999716,True,1.56646503067401,0.2600000000000051
cutting rápido,7,14,14,linear,False,2026-04-04,0.1799999999999926,True,1.54845908730951,0.22000000000001307
cutting rápido,7,14,14,linear,False,2026-04-05,0.1599999999999966,True,1.5393771374958192,0.18000000000000682
cutting rápido,7,14,14,linear,False,2026-04-06,0.44000000000001194,True,1.5393771374958192,0.140000000000029
cutting rápido,7,14,14,linear,False,2026-04-08,0.29999999999999716,True,1.56646503067401,0.060000000000016485
cutting rápido,7,14,14,linear,False,2026-04-12,0.480000000000004,True,1.720057271605441,0.0999999999999801
cutting rápido,7,14,14,kalman,False,2026-03-30,0.25388581478895844,True,1.341891621687921,0.08611418521105918
cutting rápido,7,14,14,kalman,False,2026-03-31,0.4642423708850174,True,1.3419362414948637,0.08424237088502196
cutting rápido,7,14,14,kalman,False,2026-04-02,0.1002624904110121,True,1.3420043061407227,0.08026249041103029
cutting rápido,7,14,14,kalman,False,2026-04-03,0.11816599510612491,True,1.3420266836910741,0.07816599510613287
cutting rápido,7,14,14,kalman,False,2026-04-04,0.0360061769846709,True,1.342040765620908,0.07600617698469136
cutting rápido,7,14,14,kalman,False,2026-04-05,0.05378882146816011,True,1.3420463026270397,0.07378882146817034
cutting rápido,7,14,14,kalman,False,2026-04-06,0.371519713978131,True,1.342043164408068,0.07151971397814805
cutting rápido,7,14,14,kalman,False,2026-04-08,0.3068493847635949,True,1.3420109419435562,0.06684938476361424
cutting rápido,7,14,14,kalman,False,2026-04-12,0.3228577388007068,True,1.341849908063523,0.05714226119931709
cutting rápido,7,14,14,gpr,False,2026-03-30,0.268574860032345,True,1.3706591757985507,0.07142513996767264
cutting rápido,7,14,14,gpr,False,2026-03-31,0.4485324728517952,True,1.370555879240385,0.06853247285179975
cutting rápido,7,14,14,gpr,False,2026-04-02,0.08275057117901952,True,1.3703989369029728,0.0627505711790377
cutting rápido,7,14,14,gpr,False,2026-04-03,0.09986133603281644,True,1.3703452912895386,0.0598613360328244
cutting rápido,7,14,14,gpr,False,2026-04-04,0.0169732442500532,True,1.3703081964509636,0.05697324425007366
cutting rápido,7,14,14,gpr,False,2026-04-05,0.03408629548044928,True,1.370287652911486,0.05408629548045951
cutting rápido,7,14,14,gpr,False,2026-04-06,0.3512004893514984,True,1.3702836613721274,0.051200489351515444
cutting rápido,7,14,14,gpr,False,2026-04-08,0.2854323034143249,True,1.3703253379808302,0.04543230341434423
cutting rápido,7,14,14,gpr,False,2026-04-12,0.34609037562802314,True,1.3706073656341005,0.033909624372000735
cutting rápido,7,14,14,linear,False,2026-03-12,0.46666666666666856,True,1.690142156884633,0.03333333333333144
cutting rápido,7,14,14,linear,False,2026-03-13,0.13333333333333997,True,1.6413777613274476,0.046666666666652645
cutting rápido,7,14,14,linear,False,2026-03-14,0.29999999999999716,True,1.5996055741333066,0.060000000000002274
cutting rápido,7,14,14,linear,False,2026-03-15,0.03333333333333144,True,1.565385455002314,0.07333333333332348
cutting rápido,7,14,14,linear,False,2026-03-17,0.09999999999999432,True,1.5215283961040313,0.09999999999999432
cutting rápido,7,14,14,linear,False,2026-03-18,0.03333333333333144,True,1.5126043989207858,0.11333333333332973
cutting rápido,7,14,14,linear,False,2026-03-19,0.5666666666666629,True,1.5126043989207858,0.12666666666666515
cutting rápido,7,14,14,linear,False,2026-03-20,0.09999999999999432,True,1.5215283961040313,0.14000000000000057
cutting rápido,7,14,14,linear,False,2026-03-22,0.63333333333334,True,1.565385455002314,0.1666666666666714
cutting rápido,7,14,14,linear,False,2026-03-23,0.10000000000000853,True,1.5996055741333066,0.1799999999999926
cutting rápido,7,14,14,linear,False,2026-03-24,0.46666666666666856,True,1.6413777613274476,0.19333333333334224
cutting rápido,7,14,14,linear,False,2026-03-25,0.9333333333333371,False,1.690142156884633,0.20666666666666345
cutting rápido,7,14,14,kalman,False,2026-03-12,0.4911897331586772,True,1.270004786344515,0.0088102668413228
cutting rápido,7,14,14,kalman,False,2026-03-13,0.1711523238482613,True,1.2699456510733,0.00884767615173132
cutting rápido,7,14,14,kalman,False,2026-03-14,0.24888507831714435,True,1.269889430874315,0.008885078317149464
cutting rápido,7,14,14,kalman,False,2026-03-15,0.031077526373138653,True,1.269836125985421,0.008922473626853389
cutting rápido,7,14,14,kalman,False,2026-03-17,0.008997244836422169,True,1.2697382630377092,0.008997244836422169
cutting rápido,7,14,14,kalman,False,2026-03-18,0.07096537868513053,True,1.269693705403057,0.009034621314867763
cutting rápido,7,14,14,kalman,False,2026-03-19,0.4490719920948436,True,1.2696520639267703,0.009071992094845882
cutting rápido,7,14,14,kalman,False,2026-03-20,0.03089064253437357,True,1.269613338795125,0.009109357465632684
cutting rápido,7,14,14,kalman,False,2026-03-22,0.7908159268631323,False,1.269544638259191,0.009184073136879078
cutting rápido,7,14,14,kalman,False,2026-03-23,0.2707785759840675,True,1.2695146631757552,0.009221424015933621
cutting rápido,7,14,14,kalman,False,2026-03-24,0.6507412293569814,False,1.2694876050786945,0.00925877064302938
cutting rápido,7,14,14,kalman,False,2026-03-25,1.130703886692558,False,1.2694634641025004,0.00929611330744251
cutting rápido,7,14,14,gpr,False,2026-03-12,0.46273733657106675,True,1.3899303723090384,0.03726266342893325
cutting rápido,7,14,14,gpr,False,2026-03-13,0.1435298371200986,True,1.389845615807502,0.03647016287989402
cutting rápido,7,14,14,gpr,False,2026-03-14,0.2756820858550526,True,1.3897773281986474,0.03568208585505772
cutting rápido,7,14,14,gpr,False,2026-03-15,0.005101568156575809,True,1.389725505315937,0.03489843184341623
cutting rápido,7,14,14,gpr,False,2026-03-17,0.033344390387355816,True,1.3896712426287934,0.033344390387355816
cutting rápido,7,14,14,gpr,False,2026-03-18,0.04742599850746387,True,1.3896688000607753,0.03257400149253442
cutting rápido,7,14,14,gpr,False,2026-03-19,0.4718080327102001,True,1.3896828166931812,0.03180803271020238
cutting rápido,7,14,14,gpr,False,2026-03-20,0.00895351689899826,True,1.3897132939336814,0.031046483101007993
cutting rápido,7,14,14,gpr,False,2026-03-22,0.7704633627829622,False,1.3898236414504481,0.029536637217049133
cutting rápido,7,14,14,gpr,False,2026-03-23,0.2512116613641382,True,1.389903520122374,0.028788338635862942
cutting rápido,7,14,14,gpr,False,2026-03-24,0.6319555453848977,True,1.3899998761926327,0.028044454615113068
cutting rápido,7,14,14,gpr,False,2026-03-25,1.1126950162121148,False,1.3901127166460014,0.027304983787885817
manutenção→cutting,0,3,4,linear,False,2026-02-19,0.10000000000000853,True,1.7199247315521973,0.4000000000000057
manutenção→cutting,0,3,4,linear,False,2026-02-20,1.5999999999999943,False,1.7199247315521973,0.5
manutenção→cutting,0,3,4,linear,False,2026-02-21,0.6000000000000085,True,1.8081826108045504,0.6000000000000085
manutenção→cutting,0,3,4,kalman,False,2026-02-19,0.2990946881891148,True,1.5294430427794623,0.000905311810882381
manutenção→cutting,0,3,4,kalman,False,2026-02-20,1.1035028723484714,False,1.5297965930791975,0.0035028723484771263
manutenção→cutting,0,3,4,kalman,False,2026-02-21,0.0060087727767239585,True,1.5299449952072166,0.0060087727767239585
manutenção→cutting,0,3,4,gpr,False,2026-02-19,0.06294342322999569,True,1.6394000737400631,0.23705657677000147
manutenção→cutting,0,3,4,gpr,False,2026-02-20,1.3804498769442262,False,1.645426115351171,0.28044987694423185
manutenção→cutting,0,3,4,gpr,False,2026-02-21,0.299129996374333,True,1.631898152720936,0.299129996374333
manutenção→cutting,0,3,3,linear,False,2026-04-01,0.5750000000000028,True,1.8646762753073176,0.2750000000000057
manutenção→cutting,0,3,3,linear,False,2026-04-02,0.5500000000000114,True,1.7915230164546472,0.27000000000001023
manutenção→cutting,0,3,3,kalman,False,2026-04-01,0.29402451469577784,True,1.5663006836470288,0.005975485304219319
manutenção→cutting,0,3,3,kalman,False,2026-04-02,0.26558873097907565,True,1.5664913567976555,0.014411269020925488
manutenção→cutting,0,3,3,gpr,False,2026-04-01,0.2493379883821092,True,1.725931403417917,0.05066201161788797
manutenção→cutting,0,3,3,gpr,False,2026-04-02,0.21688537196206426,True,1.726137853921614,0.06311462803793688
manutenção→cutting,0,7,7,linear,False,2026-03-17,0.7625000000000028,True,1.9020510592138749,0.26250000000000284
manutenção→cutting,0,7,7,linear,False,2026-03-18,0.025000000000005684,True,1.8167133812916063,0.125
manutenção→cutting,0,7,7,linear,False,2026-03-19,0.2874999999999943,True,1.7635297209030512,0.012500000000002842
manutenção→cutting,0,7,7,linear,False,2026-03-20,0.3500000000000085,True,1.7454417584353337,0.15000000000000568
manutenção→cutting,0,7,7,linear,False,2026-03-21,0.3125,True,1.7635297209030512,0.2874999999999943
manutenção→cutting,0,7,7,linear,False,2026-03-22,0.32500000000000284,True,1.8167133812916063,0.42499999999999716
manutenção→cutting,0,7,7,linear,False,2026-03-23,0.7625000000000028,True,1.9020510592138749,0.6424999999999983
manutenção→cutting,0,7,7,kalman,False,2026-03-17,0.7720477624317397,True,1.5464589881131587,0.27204776243173967
manutenção→cutting,0,7,7,kalman,False,2026-03-18,0.19360395815807863,True,1.5469922979416424,0.29360395815807294
manutenção→cutting,0,7,7,kalman,False,2026-03-19,0.6165954760566024,True,1.5473362743793473,0.3165954760566052
manutenção→cutting,0,7,7,kalman,False,2026-03-20,0.1413095419371757,True,1.5474647595629563,0.34130954193717855
manutenção→cutting,0,7,7,kalman,False,2026-03-21,0.9680333816096578,False,1.5473688247053587,0.3680333816096635
manutenção→cutting,0,7,7,kalman,False,2026-03-22,0.4970542208838822,True,1.5470572284272066,0.39705422088388787
manutenção→cutting,0,7,7,kalman,False,2026-03-23,0.22865928556970516,True,1.5465559122581567,0.3486592855697097
manutenção→cutting,0,7,7,gpr,False,2026-03-17,0.7252353355191872,True,1.6859167223034603,0.22523533551918717
manutenção→cutting,0,7,7,gpr,False,2026-03-18,0.15159778432048654,True,1.686090553452516,0.25159778432048086
manutenção→cutting,0,7,7,gpr,False,2026-03-19,0.5800417808280116,True,1.6861913404031839,0.28004178082801445
manutenção→cutting,0,7,7,gpr,False,2026-03-20,0.11063353303305234,True,1.6862147923161501,0.3106335330330552
manutenção→cutting,0,7,7,gpr,False,2026-03-21,0.943433950626158,False,1.6861589352881765,0.34343395062616366
manutenção→cutting,0,7,7,gpr,False,2026-03-22,0.47849810297789475,True,1.686024236620284,0.37849810297790043
manutenção→cutting,0,7,7,gpr,False,2026-03-23,0.2158746933648672,True,1.6858136524451766,0.33587469336487175
manutenção→cutting,0,7,7,linear,False,2026-03-19,0.4749999999999943,True,1.9073178820525243,0.17499999999999716
manutenção→cutting,0,7,7,linear,False,2026-03-20,0.04999999999999716,True,1.8217439021503878,0.25
manutenção→cutting,0,7,7,linear,False,2026-03-21,0.9249999999999972,False,1.7684129749911506,0.32500000000000284
manutenção→cutting,0,7,7,linear,False,2026-03-22,0.5,True,1.7502749265420903,0.4000000000000057
manutenção→cutting,0,7,7,linear,False,2026-03-23,0.2749999999999915,True,1.7684129749911506,0.394999999999996
manutenção→cutting,0,7,7,linear,False,2026-03-24,1.25,False,1.8217439021503878,0.39000000000000057
manutenção→cutting,0,7,7,linear,False,2026-03-25,0.22499999999999432,True,1.9073178820525243,0.3850000000000051
manutenção→cutting,0,7,7,kalman,False,2026-03-19,0.632983360808808,True,1.519201893012081,0.33298336080881086
manutenção→cutting,0,7,7,kalman,False,2026-03-20,0.16207370564407597,True,1.5198045759784975,0.3620737056440788
manutenção→cutting,0,7,7,kalman,False,2026-03-21,0.9931096130369923,False,1.5202415725562162,0.393109613036998
manutenção→cutting,0,7,7,kalman,False,2026-03-22,0.5261951260336701,True,1.520485639858208,0.4261951260336758
manutenção→cutting,0,7,7,kalman,False,2026-03-23,0.2614342876802027,True,1.5205244109141063,0.38143428768020726
manutenção→cutting,0,7,7,kalman,False,2026-03-24,1.1989311410226833,False,1.5203608919030671,0.33893114102268385
manutenção→cutting,0,7,7,kalman,False,2026-03-25,0.13878972910721643,True,1.5200131543628288,0.29878972910722723
manutenção→cutting,0,7,7,gpr,False,2026-03-19,0.6082850657350605,True,1.645233234780477,0.3082850657350633
manutenção→cutting,0,7,7,gpr,False,2026-03-20,0.13874567247835046,True,1.6453074045019491,0.3387456724783533
manutenção→cutting,0,7,7,gpr,False,2026-03-21,0.9713011187167808,False,1.6453535321159904,0.3713011187167865
manutenção→cutting,0,7,7,gpr,False,2026-03-22,0.5059995048914772,True,1.6453700771034505,0.40599950489148284
manutenção→cutting,0,7,7,gpr,False,2026-03-23,0.24288315198053567,True,1.6453565946881668,0.3628831519805402
manutenção→cutting,0,7,7,gpr,False,2026-03-24,1.1819884059228656,False,1.645313787606682,0.32198840592286615
manutenção→cutting,0,7,7,gpr,False,2026-03-25,0.12334546328990825,True,1.6452435083751311,0.28334546328991905
manutenção→cutting,0,14,15,linear,False,2026-04-04,0.4750000000000085,True,1.9845233573223027,0.21500000000001762
manutenção→cutting,0,14,15,linear,False,2026-04-05,0.16249999999999432,True,1.9360593131494284,0.18250000000000455
manutenção→cutting,0,14,15,linear,False,2026-04-06,0.45000000000000284,True,1.895485466212051,0.15000000000000568
manutenção→cutting,0,14,15,linear,False,2026-04-08,0.7750000000000057,True,1.839995780087321,0.08499999999999375
manutenção→cutting,0,14,15,linear,False,2026-04-09,0.3125,True,1.825859879691933,0.052499999999994884
manutenção→cutting,0,14,15,linear,False,2026-04-10,0.20000000000000284,True,1.821123529613459,0.01999999999999602
manutenção→cutting,0,14,15,linear,False,2026-04-11,0.38750000000000284,True,1.825859879691933,0.012500000000002842
manutenção→cutting,0,14,15,linear,False,2026-04-12,0.07500000000000284,True,1.839995780087321,0.044999999999987494
manutenção→cutting,0,14,15,linear,False,2026-04-13,0.037500000000008527,True,1.86331731638046,0.07750000000000057
manutenção→cutting,0,14,15,linear,False,2026-04-14,0.3500000000000085,True,1.895485466212051,0.10999999999999943
manutenção→cutting,0,14,15,linear,False,2026-04-15,0.037499999999994316,True,1.9360593131494284,0.1424999999999983
manutenção→cutting,0,14,15,linear,False,2026-04-16,0.07500000000001705,True,1.9845233573223027,0.17500000000001137
manutenção→cutting,0,14,15,linear,False,2026-04-17,0.3124999999999858,True,2.0403154236040564,0.20750000000001023
manutenção→cutting,0,14,15,kalman,False,2026-04-04,0.46419169265534777,True,1.5914957990380287,0.20419169265535686
manutenção→cutting,0,14,15,kalman,False,2026-04-05,0.19370873446221992,True,1.595533414861876,0.21370873446223015
manutenção→cutting,0,14,15,kalman,False,2026-04-06,0.5207193884918269,True,1.5992431385444945,0.2207193884918297
manutenção→cutting,0,14,15,kalman,False,2026-04-08,0.6323234703315279,True,1.6052325826294975,0.22767652966847152
manutenção→cutting,0,14,15,kalman,False,2026-04-09,0.48785051504012245,True,1.607336790976177,0.22785051504011733
manutenção→cutting,0,14,15,kalman,False,2026-04-10,0.40597310908376016,True,1.6087668037027356,0.22597310908375334
manutenção→cutting,0,14,15,kalman,False,2026-04-11,0.622158060911687,True,1.6094918314715585,0.22215806091168133
manutenção→cutting,0,14,15,kalman,False,2026-04-12,0.3365191196362076,True,1.60950558766271,0.21651911963621728
manutenção→cutting,0,14,15,kalman,False,2026-04-13,0.2491700343696408,True,1.6088262091244303,0.20917003436964876
manutenção→cutting,0,14,15,kalman,False,2026-04-14,0.039775445775717344,True,1.607495529907652,0.20022455422429175
manutenção→cutting,0,14,15,kalman,False,2026-04-15,0.36979642831246906,True,1.6055776922461575,0.18979642831247645
manutenção→cutting,0,14,15,kalman,False,2026-04-16,0.27799940574648474,True,1.6031570603719274,0.17799940574649042
manutenção→cutting,0,14,15,kalman,False,2026-04-17,0.6849472356386599,True,1.6003353874869788,0.16494723563866387
manutenção→cutting,0,14,15,gpr,False,2026-04-04,0.5175032641025439,True,1.8201641166024274,0.257503264102553
manutenção→cutting,0,14,15,gpr,False,2026-04-05,0.24802894139511977,True,1.8231016755854341,0.26802894139513
manutenção→cutting,0,14,15,gpr,False,2026-04-06,0.5753551971927493,True,1.8257984014491058,0.27535519719275214
manutenção→cutting,0,14,15,gpr,False,2026-04-08,0.5791099169014302,True,1.8302749899635842,0.2808900830985692
manutenção→cutting,0,14,15,gpr,False,2026-04-09,0.539374877512941,True,1.8319723482237578,0.2793748775129359
manutenção→cutting,0,14,15,gpr,False,2026-04-10,0.4552102900129995,True,1.833265816541541,0.2752102900129927
manutenção→cutting,0,14,15,gpr,False,2026-04-11,0.6685649363264048,True,1.8341329161252986,0.2685649363263991
manutenção→cutting,0,14,15,gpr,False,2026-04-12,0.3796172835875353,True,1.834559813623457,0.259617283587545
manutenção→cutting,0,14,15,gpr,False,2026-04-13,0.28855423523488355,True,1.8345416394890321,0.2485542352348915
manutenção→cutting,0,14,15,gpr,False,2026-04-14,0.00443033032745177,True,1.8340825914185075,0.23556966967255732
manutenção→cutting,0,14,15,gpr,False,2026-04-15,0.40086294717751514,True,1.8331958188679778,0.22086294717752253
manutenção→cutting,0,14,15,gpr,False,2026-04-16,0.30463739972854853,True,1.831903089028657,0.20463739972855421
manutenção→cutting,0,14,15,gpr,False,2026-04-17,0.7070988184529199,True,1.8302342391701245,0.18709881845292387
manutenção→cutting,0,14,14,linear,False,2026-04-01,0.5733333333333377,True,2.0250762431450084,0.27333333333334053
manutenção→cutting,0,14,14,linear,False,2026-04-02,0.5466666666666669,True,1.9666482472797497,0.2666666666666657
manutenção→cutting,0,14,14,linear,False,2026-04-04,0.006666666666660603,True,1.8755966078812776,0.2533333333333303
manutenção→cutting,0,14,14,linear,False,2026-04-05,0.2666666666666657,True,1.8442473815854612,0.2466666666666555
manutenção→cutting,0,14,14,linear,False,2026-04-06,0.060000000000002274,True,1.8230484315593287,0.23999999999999488
manutenção→cutting,0,14,14,linear,False,2026-04-08,1.086666666666659,False,1.8123559731669445,0.22666666666665947
manutenção→cutting,0,14,14,linear,False,2026-04-09,0.04000000000000625,True,1.8230484315593287,0.21999999999999886
manutenção→cutting,0,14,14,linear,False,2026-04-10,0.03333333333333144,True,1.8442473815854612,0.21333333333333826
manutenção→cutting,0,14,14,linear,False,2026-04-11,0.19333333333334224,True,1.8755966078812776,0.20666666666666345
manutenção→cutting,0,14,14,linear,False,2026-04-12,0.0799999999999983,True,1.916598099979126,0.19999999999998863
manutenção→cutting,0,14,14,linear,False,2026-04-13,0.15333333333333599,True,1.9666482472797497,0.19333333333332803
manutenção→cutting,0,14,14,linear,False,2026-04-14,0.4266666666666623,True,2.0250762431450084,0.1866666666666532
manutenção→cutting,0,14,14,kalman,False,2026-04-01,0.23720034495532616,True,1.5968986732492851,0.062799655044671
manutenção→cutting,0,14,14,kalman,False,2026-04-02,0.20603752597125435,True,1.6001591578302623,0.07396247402874678
manutenção→cutting,0,14,14,kalman,False,2026-04-04,0.3488976651007647,True,1.6057290711210612,0.08889766510077379
manutenção→cutting,0,14,14,kalman,False,2026-04-05,0.07300744349483068,True,1.6078505341053813,0.09300744349484091
manutenção→cutting,0,14,14,kalman,False,2026-04-06,0.3951036146650466,True,1.6094361018765824,0.09510361466504946
manutenção→cutting,0,14,14,kalman,False,2026-04-08,0.7660700520539194,True,1.6108503497129618,0.09392994794608
manutenção→cutting,0,14,14,kalman,False,2026-04-09,0.35099751636305143,True,1.6106629350249193,0.09099751636304632
manutenção→cutting,0,14,14,kalman,False,2026-04-10,0.2667262901684069,True,1.60990769104896,0.08672629016840006
manutenção→cutting,0,14,14,kalman,False,2026-04-11,0.48128497251521196,True,1.608634446574257,0.08128497251520628
manutenção→cutting,0,14,14,kalman,False,2026-04-12,0.19484226655653458,True,1.6069139791074178,0.07484226655654425
manutenção→cutting,0,14,14,kalman,False,2026-04-13,0.10756687544542842,True,1.6048356529027217,0.06756687544543638
manutenção→cutting,0,14,14,kalman,False,2026-04-14,0.18037249766503294,True,1.6025042620229897,0.05962750233497616
manutenção→cutting,0,14,14,gpr,False,2026-04-01,0.17314391264061157,True,1.7002321493931447,0.12685608735938558
manutenção→cutting,0,14,14,gpr,False,2026-04-02,0.13713672952151512,True,1.702433845943915,0.14286327047848602
manutenção→cutting,0,14,14,gpr,False,2026-04-04,0.42525218246503016,True,1.7062693363658354,0.16525218246503925
manutenção→cutting,0,14,14,gpr,False,2026-04-05,0.15182798721053814,True,1.7078333493193725,0.17182798721054837
manutenção→cutting,0,14,14,gpr,False,2026-04-06,0.47547877099925984,True,1.709123230629416,0.17547877099926268
manutenção→cutting,0,14,14,gpr,False,2026-04-08,0.6854510259183115,True,1.7108004497127638,0.1745489740816879
manutenção→cutting,0,14,14,gpr,False,2026-04-09,0.4302706807263661,True,1.711163694184478,0.17027068072636098
manutenção→cutting,0,14,14,gpr,False,2026-04-10,0.34366974562703945,True,1.71120505213716,0.16366974562703263
manutenção→cutting,0,14,14,gpr,False,2026-04-11,0.554922707893212,True,1.7109291468254355,0.15492270789320628
manutenção→cutting,0,14,14,gpr,False,2026-04-12,0.2642141010418584,True,1.7103470940539864,0.14421410104186805
manutenção→cutting,0,14,14,gpr,False,2026-04-13,0.1717351945665655,True,1.709476160224824,0.13173519456657345
manutenção→cutting,0,14,14,gpr,False,2026-04-14,0.12231728442513656,True,1.7083392729709317,0.11768271557487253
manutenção→cutting,1,3,4,linear,False,2026-03-24,0.2400000000000091,True,1.8143015814068804,0.0800000000000125
manutenção→cutting,1,3,4,linear,False,2026-03-25,0.12000000000000455,True,1.7257450335547162,0.04000000000000625
manutenção→cutting,1,3,4,linear,False,2026-03-26,0.020000000000010232,True,1.7257450335547162,1.4210854715202004e-14
manutenção→cutting,1,3,4,kalman,False,2026-03-24,0.405615837449119,True,1.3221340156486292,0.2456158374491224
manutenção→cutting,1,3,4,kalman,False,2026-03-25,0.05580022914320182,True,1.3225181982201093,0.21580022914321262
manutenção→cutting,1,3,4,kalman,False,2026-03-26,0.2096486523008707,True,1.3227302498331142,0.1896486523008747
manutenção→cutting,1,3,4,gpr,False,2026-03-24,0.39152540863318563,True,1.1956384562634241,0.23152540863318904
manutenção→cutting,1,3,4,gpr,False,2026-03-25,0.041134640592474625,True,1.1958833408461373,0.20113464059248543
manutenção→cutting,1,3,4,gpr,False,2026-03-26,0.1940845683103447,True,1.1960754112384961,0.1740845683103487
manutenção→cutting,1,3,3,linear,False,2026-04-24,0.6749999999999972,True,1.7716405071321617,0.33499999999999375
manutenção→cutting,1,3,3,linear,False,2026-04-25,0.45000000000000284,True,1.7021371416802822,0.4300000000000068
manutenção→cutting,1,3,3,kalman,False,2026-04-24,0.47494061428132284,True,1.311559626597301,0.13494061428131943
manutenção→cutting,1,3,3,kalman,False,2026-04-25,0.1488376710992867,True,1.3113378583234123,0.12883767109929067
manutenção→cutting,1,3,3,gpr,False,2026-04-24,0.5351927567375441,True,1.2732130875898804,0.19519275673754066
manutenção→cutting,1,3,3,gpr,False,2026-04-25,0.19473912000033522,True,1.2710649044626336,0.1747391200003392
manutenção→cutting,1,7,8,linear,False,2026-02-07,0.22222222222222854,True,1.8113961612721141,0.32222222222222285
manutenção→cutting,1,7,8,linear,False,2026-02-08,0.5333333333333314,True,1.7564925674352025,0.3333333333333286
manutenção→cutting,1,7,8,linear,False,2026-02-10,0.15555555555555145,True,1.7283868729676897,0.3555555555555543
manutenção→cutting,1,7,8,linear,False,2026-02-11,0.26666666666667993,True,1.7564925674352025,0.36666666666667425
manutenção→cutting,1,7,8,linear,False,2026-02-12,0.17777777777777715,True,1.8113961612721141,0.37777777777778
manutenção→cutting,1,7,8,linear,False,2026-02-13,0.38888888888889994,True,1.8907646398998565,0.38888888888889994
manutenção→cutting,1,7,8,kalman,False,2026-02-07,0.05672230180267945,True,1.346509976029182,0.04327769819731486
manutenção→cutting,1,7,8,kalman,False,2026-02-08,0.248143844603959,True,1.3474592381242303,0.048143844603956154
manutenção→cutting,1,7,8,kalman,False,2026-02-10,0.1425070971208413,True,1.348055559964223,0.057492902879161534
manutenção→cutting,1,7,8,kalman,False,2026-02-11,0.038212526595486906,True,1.3476704977817633,0.06178747340450741
manutenção→cutting,1,7,8,kalman,False,2026-02-12,0.1342968227071566,True,1.346867753933168,0.06570317729284625
manutenção→cutting,1,7,8,kalman,False,2026-02-13,0.06914584387257605,True,1.3457179691919805,0.06914584387257605
manutenção→cutting,1,7,8,gpr,False,2026-02-07,0.03414318824826523,True,1.4118292798742687,0.06585681175172908
manutenção→cutting,1,7,8,gpr,False,2026-02-08,0.26906541904880044,True,1.4118234407077068,0.0690654190487976
manutenção→cutting,1,7,8,gpr,False,2026-02-10,0.12449607737268309,True,1.4118650468465717,0.07550392262731975
manutenção→cutting,1,7,8,gpr,False,2026-02-11,0.021265754987027208,True,1.4119123574921275,0.07873424501296711
manutenção→cutting,1,7,8,gpr,False,2026-02-12,0.11802778364027233,True,1.4119773204848798,0.08197221635973051
manutenção→cutting,1,7,8,gpr,False,2026-02-13,0.08521802499052455,True,1.4120599748609948,0.08521802499052455
manutenção→cutting,1,7,7,linear,False,2026-04-12,0.4125000000000085,True,1.842647591754627,0.1074999999999875
manutenção→cutting,1,7,7,linear,False,2026-04-13,0.17499999999999716,True,1.7599751177704377,0.2149999999999892
manutenção→cutting,1,7,7,linear,False,2026-04-14,0.26249999999998863,True,1.7084524505628735,0.3224999999999909
manutenção→cutting,1,7,7,linear,False,2026-04-15,0.75,True,1.6909293981088354,0.4299999999999926
manutenção→cutting,1,7,7,linear,False,2026-04-16,0.23749999999999716,True,1.7084524505628735,0.5374999999999943
manutenção→cutting,1,7,7,linear,False,2026-04-17,0.42499999999999716,True,1.7599751177704377,0.644999999999996
manutenção→cutting,1,7,7,linear,False,2026-04-18,0.9124999999999943,True,1.842647591754627,0.7524999999999977
manutenção→cutting,1,7,7,kalman,False,2026-04-12,0.4000017850209332,True,1.3368220674967972,0.11999821497906282
manutenção→cutting,1,7,7,kalman,False,2026-04-13,0.08507352242052946,True,1.3379323595879953,0.1250735224205215
manutenção→cutting,1,7,7,kalman,False,2026-04-14,0.06940541348082263,True,1.3386896133273467,0.1294054134808249
manutenção→cutting,1,7,7,kalman,False,2026-04-15,0.45287216482910253,True,1.3390244119645445,0.13287216482909514
manutenção→cutting,1,7,7,kalman,False,2026-04-16,0.16464794686552864,True,1.3389003576584457,0.13535205313446852
manutenção→cutting,1,7,7,kalman,False,2026-04-17,0.0832766449339033,True,1.3383162330428888,0.13672335506609556
manutenção→cutting,1,7,7,kalman,False,2026-04-18,0.29686434729309497,True,1.3373058950325856,0.13686434729309838
manutenção→cutting,1,7,7,gpr,False,2026-04-12,0.2959347490945703,True,1.2416201622443452,0.22406525090542573
manutenção→cutting,1,7,7,gpr,False,2026-04-13,0.1940463263891985,True,1.2428306686367137,0.23404632638919054
manutenção→cutting,1,7,7,gpr,False,2026-04-14,0.1815550256270484,True,1.2435836496869968,0.24155502562705067
manutenção→cutting,1,7,7,gpr,False,2026-04-15,0.566447683296019,True,1.2438379073189196,0.24644768329601163
manutenção→cutting,1,7,7,gpr,False,2026-04-16,0.05135280831753164,True,1.2435740934209036,0.24864719168246552
manutenção→cutting,1,7,7,gpr,False,2026-04-17,0.028141205140698844,True,1.2427963946225589,0.2481412051406977
manutenção→cutting,1,7,7,gpr,False,2026-04-18,0.40497901402983416,True,1.2415327114967454,0.24497901402983757
manutenção→cutting,1,14,15,linear,False,2026-05-16,0.41875000000000284,True,1.9252694972400661,0.11875000000000568
manutenção→cutting,1,14,15,linear,False,2026-05-17,0.16249999999999432,True,1.8726233415733304,0.11750000000000682
manutenção→cutting,1,14,15,linear,False,2026-05-18,0.5437500000000028,True,1.8268920076435506,0.11624999999999375
manutenção→cutting,1,14,15,linear,False,2026-05-19,0.17499999999999716,True,1.7886059715775104,0.11499999999999488
manutenção→cutting,1,14,15,linear,False,2026-05-20,0.29375000000000284,True,1.7582516660927183,0.11374999999999602
manutenção→cutting,1,14,15,linear,False,2026-05-22,0.13125000000000853,True,1.7229063172966903,0.1112499999999983
manutenção→cutting,1,14,15,linear,False,2026-05-23,0.25,True,1.7184370326807539,0.11000000000001364
manutenção→cutting,1,14,15,linear,False,2026-05-25,0.38750000000000284,True,1.736245145956417,0.1075000000000017
manutenção→cutting,1,14,15,linear,False,2026-05-26,0.10625000000000284,True,1.7582516660927183,0.10625000000000284
manutenção→cutting,1,14,15,linear,False,2026-05-27,0.22500000000000853,True,1.7886059715775104,0.10500000000000398
manutenção→cutting,1,14,15,linear,False,2026-05-28,0.35624999999998863,True,1.8268920076435506,0.10375000000000512
manutenção→cutting,1,14,15,linear,False,2026-05-29,0.0625,True,1.8726233415733304,0.10249999999999204
manutenção→cutting,1,14,15,kalman,False,2026-05-16,0.34218071352620427,True,1.347404115753136,0.042180713526207114
manutenção→cutting,1,14,15,kalman,False,2026-05-17,0.23454089091777064,True,1.3514791842214322,0.0454591090822305
manutenção→cutting,1,14,15,kalman,False,2026-05-18,0.6120781232504839,True,1.3553244674633902,0.04792187674951265
manutenção→cutting,1,14,15,kalman,False,2026-05-19,0.10957099229185019,True,1.3587682255559912,0.049570992291847915
manutenção→cutting,1,14,15,kalman,False,2026-05-20,0.2304084314730659,True,1.361660116266279,0.05040843147305907
manutenção→cutting,1,14,15,kalman,False,2026-05-22,0.06965618380738192,True,1.3653256555104463,0.04965618380737169
manutenção→cutting,1,14,15,kalman,False,2026-05-23,0.18807044848809085,True,1.3659483571261717,0.04807044848810449
manutenção→cutting,1,14,15,kalman,False,2026-05-25,0.3224896336957528,True,1.3646588487380882,0.04248963369575165
manutenção→cutting,1,14,15,kalman,False,2026-05-26,0.03849850575028313,True,1.3628081657650455,0.03849850575028313
manutenção→cutting,1,14,15,kalman,False,2026-05-27,0.1537095317904118,True,1.3602522539144104,0.033709531790407254
manutenção→cutting,1,14,15,kalman,False,2026-05-28,0.4318753124200896,True,1.3571049504151915,0.028124687579904162
manutenção→cutting,1,14,15,kalman,False,2026-05-29,0.01825405111740963,True,1.353507434586021,0.02174594888258241
manutenção→cutting,1,14,15,gpr,False,2026-05-16,0.22986729947544404,True,1.1905149498150536,0.07013270052455312
manutenção→cutting,1,14,15,gpr,False,2026-05-17,0.3489680462544982,True,1.190544248484258,0.06896804625449704
manutenção→cutting,1,14,15,gpr,False,2026-05-18,0.7278029964590189,False,1.1905971347036086,0.06780299645902232
manutenção→cutting,1,14,15,gpr,False,2026-05-19,0.00663755103960284,True,1.190673605179569,0.06663755103960511
manutenção→cutting,1,14,15,gpr,False,2026-05-20,0.11452829009422771,True,1.190773655432821,0.06547170990577911
manutenção→cutting,1,14,15,gpr,False,2026-05-22,0.0431388401731283,True,1.191044471433628,0.06313884017313853
manutenção→cutting,1,14,15,gpr,False,2026-05-23,0.07802818856637828,True,1.1912152223072212,0.06197181143360808
manutenção→cutting,1,14,15,gpr,False,2026-05-25,0.22036343408316839,True,1.191627363773307,0.05963656591683275
manutenção→cutting,1,14,15,gpr,False,2026-05-26,0.058468349047188894,True,1.191868732428901,0.058468349047188894
manutenção→cutting,1,14,15,gpr,False,2026-05-27,0.06270026394476247,True,1.192133616456573,0.05729973605524208
manutenção→cutting,1,14,15,gpr,False,2026-05-28,0.5161307269149944,True,1.1924220019656104,0.05613072691500065
manutenção→cutting,1,14,15,gpr,False,2026-05-29,0.09496132160843729,True,1.1927338739032791,0.054961321608445246
manutenção→cutting,1,14,14,linear,False,2026-03-07,0.5733333333333377,True,1.853813145670756,0.12666666666666515
manutenção→cutting,1,14,14,linear,False,2026-03-08,0.2533333333333161,True,1.8003264746494096,0.15333333333332178
manutenção→cutting,1,14,14,linear,False,2026-03-09,0.2799999999999869,True,1.7545091276123799,0.1799999999999926
manutenção→cutting,1,14,14,linear,False,2026-03-10,0.29333333333333655,True,1.7169751802854876,0.20666666666666345
manutenção→cutting,1,14,14,linear,False,2026-03-11,0.5333333333333314,True,1.6882771952044209,0.23333333333333428
manutenção→cutting,1,14,14,linear,False,2026-03-12,0.05999999999998806,True,1.6688710655014631,0.2599999999999909
manutenção→cutting,1,14,14,linear,False,2026-03-13,0.11333333333334394,True,1.6590828809852383,0.28666666666666174
manutenção→cutting,1,14,14,linear,False,2026-03-14,0.3133333333333326,True,1.6590828809852383,0.3133333333333326
manutenção→cutting,1,14,14,linear,False,2026-03-15,0.2400000000000091,True,1.6688710655014631,0.3400000000000034
manutenção→cutting,1,14,14,linear,False,2026-03-16,0.46666666666665435,True,1.6882771952044209,0.36666666666666003
manutenção→cutting,1,14,14,linear,False,2026-03-18,0.1799999999999926,True,1.7545091276123799,0.4200000000000017
manutenção→cutting,1,14,14,linear,False,2026-03-19,1.0466666666666669,False,1.8003264746494096,0.44666666666667254
manutenção→cutting,1,14,14,linear,False,2026-03-20,0.2733333333333263,True,1.853813145670756,0.47333333333332916
manutenção→cutting,1,14,14,kalman,False,2026-03-07,0.6739919721857746,False,1.3212289041260306,0.026008027814228285
manutenção→cutting,1,14,14,kalman,False,2026-03-08,0.12705494912115967,True,1.324309058264447,0.02705494912116535
manutenção→cutting,1,14,14,kalman,False,2026-03-09,0.12961153516445734,True,1.327043488745261,0.02961153516446302
manutenção→cutting,1,14,14,kalman,False,2026-03-10,0.4661448630510563,True,1.329298786276354,0.03385513694894371
manutenção→cutting,1,14,14,kalman,False,2026-03-11,0.339963105479427,True,1.3309642628421727,0.03996310547942983
manutenção→cutting,1,14,14,kalman,False,2026-03-12,0.15188720823923063,True,1.331956403363364,0.04811279176077221
manutenção→cutting,1,14,14,kalman,False,2026-03-13,0.3415184532021982,True,1.332222053941706,0.05848154679780748
manutenção→cutting,1,14,14,kalman,False,2026-03-14,0.07124672159534384,True,1.33174044962729,0.07124672159534384
manutenção→cutting,1,14,14,kalman,False,2026-03-15,0.013414332841762189,True,1.3305241520600077,0.08658566715823213
manutenção→cutting,1,14,14,kalman,False,2026-03-16,0.20467573449130327,True,1.3286189265230632,0.10467573449130896
manutenção→cutting,1,14,14,kalman,False,2026-03-18,0.4501813615126622,True,1.3230824459130304,0.14981863848733212
manutenção→cutting,1,14,14,kalman,False,2026-03-19,0.777226177159946,False,1.3196921859812676,0.1772261771599517
manutenção→cutting,1,14,14,kalman,False,2026-03-20,0.00809424162207506,True,1.3160865061873324,0.2080942416220779
manutenção→cutting,1,14,14,gpr,False,2026-03-07,0.7086792275452893,False,1.2623841806919813,0.008679227545286494
manutenção→cutting,1,14,14,gpr,False,2026-03-08,0.08781074592377536,True,1.2641365470090022,0.012189254076218958
manutenção→cutting,1,14,14,gpr,False,2026-03-09,0.08610371335133493,True,1.2655812482253168,0.013896286648659384
manutenção→cutting,1,14,14,gpr,False,2026-03-10,0.5135438351564545,True,1.2666814265799076,0.01354383515645452
manutenção→cutting,1,14,14,gpr,False,2026-03-11,0.28912010163821833,True,1.26740936544536,0.010879898361778828
manutenção→cutting,1,14,14,gpr,False,2026-03-12,0.20565976467412383,True,1.2677474955978028,0.005659764674120993
manutenção→cutting,1,14,14,gpr,False,2026-03-13,0.39764878529014425,True,1.2676890287249591,0.0023512147098614378
manutenção→cutting,1,14,14,gpr,False,2026-03-14,0.013374918033335348,True,1.2672381859986217,0.013374918033335348
manutenção→cutting,1,14,14,gpr,False,2026-03-15,0.07238215239378576,True,1.266410007085824,0.027617847606208556
manutenção→cutting,1,14,14,gpr,False,2026-03-16,0.14526866257985205,True,1.2652297436347055,0.04526866257985773
manutenção→cutting,1,14,14,gpr,False,2026-03-18,0.5085541980052426,True,1.26195868580038,0.09144580199475172
manutenção→cutting,1,14,14,gpr,False,2026-03-19,0.7202406186562484,False,1.2599587719229248,0.12024061865625413
manutenção→cutting,1,14,14,gpr,False,2026-03-20,0.04702315633903709,True,1.2577850382902227,0.15297684366096576
manutenção→cutting,2,3,4,linear,False,2026-05-19,0.9399999999999977,True,2.2417311304715213,0.7800000000000011
manutenção→cutting,2,3,4,linear,False,2026-05-20,0.1799999999999926,True,2.132311631441297,0.5999999999999943
manutenção→cutting,2,3,4,kalman,False,2026-05-19,0.20961966498087747,True,1.7617301192326238,0.049619664980880884
manutenção→cutting,2,3,4,kalman,False,2026-05-20,0.36253905807762976,True,1.7619256771073708,0.057460941922371944
manutenção→cutting,2,3,4,gpr,False,2026-05-19,0.3234520204238578,True,1.7478290828142633,0.1634520204238612
manutenção→cutting,2,3,4,gpr,False,2026-05-20,0.236083460773159,True,1.7526555196599247,0.1839165392268427
manutenção→cutting,2,3,3,linear,False,2026-04-15,0.5,True,2.2289197329095316,0.01999999999999602
manutenção→cutting,2,3,3,linear,False,2026-04-16,0.0,True,2.141476810863196,0.09999999999999432
manutenção→cutting,2,3,3,kalman,False,2026-04-15,0.3933564194767172,True,1.7652554959946656,0.0866435805232868
manutenção→cutting,2,3,3,kalman,False,2026-04-16,0.012241560872183754,True,1.7649791794445377,0.08775843912781056
manutenção→cutting,2,3,3,gpr,False,2026-04-15,0.36347523550911376,True,1.796180796256749,0.11652476449089022
manutenção→cutting,2,3,3,gpr,False,2026-04-16,0.018435940702431708,True,1.7958406463147298,0.11843594070242602
manutenção→cutting,2,7,7,linear,False,2026-02-03,0.32500000000000284,True,2.3654385267912517,0.42499999999999716
manutenção→cutting,2,7,7,linear,False,2026-02-04,0.9499999999999886,True,2.2593104445999757,0.3499999999999943
manutenção→cutting,2,7,7,linear,False,2026-02-05,0.9750000000000085,True,2.1931699071683113,0.2750000000000057
manutenção→cutting,2,7,7,linear,False,2026-02-06,0.29999999999999716,True,2.170675262198074,0.20000000000000284
manutenção→cutting,2,7,7,linear,False,2026-02-07,0.375,True,2.1931699071683113,0.125
manutenção→cutting,2,7,7,linear,False,2026-02-08,0.05000000000001137,True,2.2593104445999757,0.05000000000001137
manutenção→cutting,2,7,7,linear,False,2026-02-09,0.024999999999991473,True,2.3654385267912517,0.024999999999991473
manutenção→cutting,2,7,7,kalman,False,2026-02-03,0.10785256002967003,True,1.7730368514321526,0.007852560029675715
manutenção→cutting,2,7,7,kalman,False,2026-02-04,0.590045220314309,True,1.773477969011708,0.009954779685685367
manutenção→cutting,2,7,7,kalman,False,2026-02-05,0.6882380857683756,True,1.7736774439073315,0.011761914231627202
manutenção→cutting,2,7,7,kalman,False,2026-02-06,0.08684471634063584,True,1.7736214480348167,0.013155283659358474
manutenção→cutting,2,7,7,kalman,False,2026-02-07,0.5140162079607649,True,1.7733131168020861,0.01401620796076486
manutenção→cutting,2,7,7,kalman,False,2026-02-08,0.014226007127732032,True,1.7727726787682911,0.014226007127732032
manutenção→cutting,2,7,7,kalman,False,2026-02-09,0.013666001152131457,True,1.772036714290664,0.013666001152131457
manutenção→cutting,2,7,7,gpr,False,2026-02-03,0.13665954554238624,True,1.7878043423487497,0.036659545542391925
manutenção→cutting,2,7,7,gpr,False,2026-02-04,0.5609421060336217,True,1.7878859270486203,0.0390578939663726
manutenção→cutting,2,7,7,gpr,False,2026-02-05,0.657843210464975,True,1.787986321222263,0.04215678953502788
manutenção→cutting,2,7,7,gpr,False,2026-02-06,0.05411932126352781,True,1.7880929742022715,0.04588067873646651
manutenção→cutting,2,7,7,gpr,False,2026-02-07,0.5500736601167233,True,1.7882005037277224,0.05007366011672332
manutenção→cutting,2,7,7,gpr,False,2026-02-08,0.05438478859980478,True,1.7883079045649026,0.05438478859980478
manutenção→cutting,2,7,7,gpr,False,2026-02-09,0.0582103738730666,True,1.788420869712951,0.0582103738730666
manutenção→cutting,2,7,7,linear,False,2026-02-28,0.8875000000000028,True,2.180183773143824,0.48749999999999716
manutenção→cutting,2,7,7,linear,False,2026-03-01,0.17499999999999716,True,2.0823673555757125,0.375
manutenção→cutting,2,7,7,linear,False,2026-03-02,0.0625,True,2.021406766313987,0.26250000000000284
manutenção→cutting,2,7,7,linear,False,2026-03-03,1.1500000000000057,False,2.000673841153912,0.15000000000000568
manutenção→cutting,2,7,7,linear,False,2026-03-04,0.7374999999999972,True,2.021406766313987,0.037499999999994316
manutenção→cutting,2,7,7,kalman,False,2026-02-28,0.3897688575847411,True,1.6528511469244052,0.010231142415264571
manutenção→cutting,2,7,7,kalman,False,2026-03-01,0.20545889255048166,True,1.6533098527049503,0.005458892550478822
manutenção→cutting,2,7,7,kalman,False,2026-03-02,0.2001168142661527,True,1.653511064458968,0.00011681426614984503
manutenção→cutting,2,7,7,kalman,False,2026-03-03,1.0059016633234137,False,1.6534318424506012,0.005901663323413686
manutenção→cutting,2,7,7,kalman,False,2026-03-04,0.7127031111038775,True,1.6530673346339029,0.012703111103874676
manutenção→cutting,2,7,7,gpr,False,2026-02-28,0.4205875222452562,True,1.542021959009105,0.02058752224525051
manutenção→cutting,2,7,7,gpr,False,2026-03-01,0.17776903686721823,True,1.5421888466809435,0.02223096313278461
manutenção→cutting,2,7,7,gpr,False,2026-03-02,0.17593313513494024,True,1.5421365466837926,0.024066864865062598
manutenção→cutting,2,7,7,gpr,False,2026-03-03,1.0261802616179807,False,1.5418672041331831,0.026180261617980705
manutenção→cutting,2,7,7,gpr,False,2026-03-04,0.7286708129751389,True,1.5413895673977152,0.028670812975136073
manutenção→cutting,2,14,15,linear,False,2026-03-17,0.11249999999999716,True,2.443822892966409,0.11249999999999716
manutenção→cutting,2,14,15,linear,False,2026-03-18,0.07499999999998863,True,2.37699698592877,0.025000000000005684
manutenção→cutting,2,14,15,linear,False,2026-03-19,0.36249999999999716,True,2.318948343417304,0.0625
manutenção→cutting,2,14,15,linear,False,2026-03-20,0.14999999999999147,True,2.2703503203596256,0.15000000000000568
manutenção→cutting,2,14,15,linear,False,2026-03-21,0.16250000000000853,True,2.2318203655921707,0.23749999999999716
manutenção→cutting,2,14,15,linear,False,2026-03-23,0.2875000000000085,True,2.1869550765136694,0.332499999999996
manutenção→cutting,2,14,15,linear,False,2026-03-24,0.20000000000000284,True,2.1812820317398405,0.3400000000000034
manutenção→cutting,2,14,15,linear,False,2026-03-25,0.5875000000000057,True,2.1869550765136694,0.3475000000000108
manutenção→cutting,2,14,15,linear,False,2026-03-27,0.26250000000000284,True,2.2318203655921707,0.36249999999999716
manutenção→cutting,2,14,15,linear,False,2026-03-29,0.6375000000000028,True,2.318948343417304,0.3774999999999977
manutenção→cutting,2,14,15,kalman,False,2026-03-17,0.32889938924613205,True,1.8021636232283527,0.32889938924613205
manutenção→cutting,2,14,15,kalman,False,2026-03-18,0.4668058514695588,True,1.8042020400719707,0.36680585146956446
manutenção→cutting,2,14,15,kalman,False,2026-03-19,0.7064442480381956,True,1.806096855821039,0.40644424803819845
manutenção→cutting,2,14,15,kalman,False,2026-03-20,0.14779643059463865,True,1.807783590767059,0.4477964305946358
manutenção→cutting,2,14,15,kalman,False,2026-03-21,0.0908442507814442,True,1.809205975662593,0.4908442507814499
manutenção→cutting,2,14,15,kalman,False,2026-03-23,0.11804578938335908,True,1.8110826315731003,0.5019542106166455
manutenção→cutting,2,14,15,kalman,False,2026-03-24,0.32998005355018734,True,1.8114776438836202,0.4699800535501879
manutenção→cutting,2,14,15,kalman,False,2026-03-25,0.6796289406844807,True,1.8114911943235654,0.43962894068448577
manutenção→cutting,2,14,15,kalman,False,2026-03-27,0.2837232541257464,True,1.8103914114888653,0.3837232541257407
manutenção→cutting,2,14,15,kalman,False,2026-03-29,0.5940919640811728,True,1.807940675983076,0.3340919640811677
manutenção→cutting,2,14,15,gpr,False,2026-03-17,0.279549576281795,True,1.818585791916007,0.279549576281795
manutenção→cutting,2,14,15,gpr,False,2026-03-18,0.4142228897756155,True,1.8190978742000823,0.3142228897756212
manutenção→cutting,2,14,15,gpr,False,2026-03-19,0.6509085895682318,True,1.819554441787318,0.3509085895682347
manutenção→cutting,2,14,15,gpr,False,2026-03-20,0.08960698942318857,True,1.819948667435284,0.3896069894231857
manutenção→cutting,2,14,15,gpr,False,2026-03-21,0.03031423832129576,True,1.8202745528716378,0.43031423832130145
manutenção→cutting,2,14,15,gpr,False,2026-03-23,0.18228059785749906,True,1.8207023535967721,0.4377194021425055
manutenção→cutting,2,14,15,gpr,False,2026-03-24,0.26438934987875484,True,1.820797668187339,0.4043893498787554
manutenção→cutting,2,14,15,gpr,False,2026-03-25,0.6130123778631145,True,1.8208116036623494,0.3730123778631196
manutenção→cutting,2,14,15,gpr,False,2026-03-27,0.2160195204305353,True,1.8205961628322598,0.3160195204305296
manutenção→cutting,2,14,15,gpr,False,2026-03-29,0.5265084966305835,True,1.8200704314471636,0.2665084966305784
manutenção→cutting,2,14,14,linear,False,2026-04-01,0.5,True,2.2800938287136034,0.09999999999999432
manutenção→cutting,2,14,14,linear,False,2026-04-02,0.1666666666666714,True,2.231316127691457,0.046666666666666856
manutenção→cutting,2,14,14,linear,False,2026-04-03,0.23333333333333428,True,2.1940213096423236,0.006666666666674814
manutenção→cutting,2,14,14,linear,False,2026-04-05,0.36666666666666003,True,2.1560814809819533,0.11333333333332973
manutenção→cutting,2,14,14,linear,False,2026-04-06,0.86666666666666,True,2.1560814809819533,0.1666666666666572
manutenção→cutting,2,14,14,linear,False,2026-04-07,0.5,True,2.1688018360707133,0.21999999999999886
manutenção→cutting,2,14,14,linear,False,2026-04-10,0.09999999999999432,True,2.2800938287136034,0.37999999999999545
manutenção→cutting,2,14,14,linear,False,2026-04-11,0.13333333333332575,True,2.3396363232968724,0.4333333333333371
manutenção→cutting,2,14,14,linear,False,2026-04-12,0.46666666666665435,True,2.409145581809611,0.48666666666665037
manutenção→cutting,2,14,14,kalman,False,2026-04-01,0.2549148446499032,True,1.8068364724947514,0.14508515535010247
manutenção→cutting,2,14,14,kalman,False,2026-04-02,0.016468009275129702,True,1.808542280879152,0.13646800927513425
manutenção→cutting,2,14,14,kalman,False,2026-04-03,0.1103518110823245,True,1.809785046105361,0.1296481889176846
manutenção→cutting,2,14,14,kalman,False,2026-04-05,0.3593251181442696,True,1.8107297683656327,0.12067488185572017
manutenção→cutting,2,14,14,kalman,False,2026-04-06,0.8181585734014476,True,1.8104002827776924,0.11815857340144476
manutenção→cutting,2,14,14,kalman,False,2026-04-07,0.39671394716509667,True,1.8095458019407715,0.11671394716509553
manutenção→cutting,2,14,14,kalman,False,2026-04-10,0.16300394698527043,True,1.8042174180383768,0.1169960530147307
manutenção→cutting,2,14,14,kalman,False,2026-04-11,0.18197595309882786,True,1.8017294521526992,0.11802404690118351
manutenção→cutting,2,14,14,kalman,False,2026-04-12,0.0992166686311009,True,1.7990249381888077,0.11921666863109692
manutenção→cutting,2,14,14,gpr,False,2026-04-01,0.27028077654129845,True,1.8907246320208912,0.12971922345870723
manutenção→cutting,2,14,14,gpr,False,2026-04-02,0.0016810658258492595,True,1.891665217826585,0.11831893417415529
manutenção→cutting,2,14,14,gpr,False,2026-04-03,0.13127831071648188,True,1.8923726152384006,0.10872168928352721
manutenção→cutting,2,14,14,gpr,False,2026-04-05,0.38550290309203206,True,1.8930361275665746,0.09449709690795771
manutenção→cutting,2,14,14,gpr,False,2026-04-06,0.7896410370819353,True,1.8929792175997306,0.0896410370819325
manutenção→cutting,2,14,14,gpr,False,2026-04-07,0.36613214796068405,True,1.8926633190303335,0.08613214796068291
manutenção→cutting,2,14,14,gpr,False,2026-04-10,0.1975147773121506,True,1.8902531344848796,0.08248522268785052
manutenção→cutting,2,14,14,gpr,False,2026-04-11,0.21683969153171745,True,1.889016545865303,0.08316030846829392
manutenção→cutting,2,14,14,gpr,False,2026-04-12,0.06458127545252523,True,1.887600926749485,0.08458127545252125
manutenção→cutting,3,3,3,linear,False,2026-03-09,0.5500000000000114,True,1.7462193935988637,0.3500000000000085
manutenção→cutting,3,3,3,linear,False,2026-03-10,0.6000000000000085,True,1.677713325813727,0.30000000000001137
manutenção→cutting,3,3,3,linear,False,2026-03-11,0.15000000000000568,True,1.7462193935988637,0.25
manutenção→cutting,3,3,3,kalman,False,2026-03-09,0.24043571195576874,True,1.3655496223854584,0.040435711955765896
manutenção→cutting,3,3,3,kalman,False,2026-03-10,0.3334072751120516,True,1.3661200717030795,0.033407275112054435
manutenção→cutting,3,3,3,kalman,False,2026-03-11,0.37266000821020384,True,1.3665303414790344,0.027339991789801843
manutenção→cutting,3,3,3,gpr,False,2026-03-09,0.22790136234065983,True,1.2689557795477526,0.027901362340656988
manutenção→cutting,3,3,3,gpr,False,2026-03-10,0.3143964458041495,True,1.2696456686730642,0.014396445804152336
manutenção→cutting,3,3,3,gpr,False,2026-03-11,0.39779269482031054,True,1.270234979114889,0.0022073051796951404
manutenção→cutting,3,3,3,linear,False,2026-04-21,0.17499999999999716,True,1.7623854922243538,0.22500000000000853
manutenção→cutting,3,3,3,linear,False,2026-04-22,0.15000000000000568,True,1.693245210976528,0.23000000000000398
manutenção→cutting,3,3,3,linear,False,2026-04-23,0.375,True,1.7623854922243538,0.23499999999999943
manutenção→cutting,3,3,3,kalman,False,2026-04-21,0.23129163877779035,True,1.3709803942407461,0.16870836122221533
manutenção→cutting,3,3,3,kalman,False,2026-04-22,0.08154147996913252,True,1.3709124550185834,0.16154147996913082
manutenção→cutting,3,3,3,kalman,False,2026-04-23,0.29389234136918674,True,1.3706580280766048,0.15389234136918617
manutenção→cutting,3,3,3,gpr,False,2026-04-21,0.2665141021774673,True,1.4113468419055835,0.1334858978225384
manutenção→cutting,3,3,3,gpr,False,2026-04-22,0.048614215981785946,True,1.4110657409978273,0.12861421598178424
manutenção→cutting,3,3,3,gpr,False,2026-04-23,0.2638852379314045,True,1.4106890239091854,0.12388523793140394
manutenção→cutting,3,7,8,linear,False,2026-03-20,0.3333333333333286,True,1.7090634446064712,0.03333333333333144
manutenção→cutting,3,7,8,linear,False,2026-03-21,0.011111111111105743,True,1.6817166650696436,0.011111111111105743
manutenção→cutting,3,7,8,linear,False,2026-03-23,0.7333333333333343,True,1.7090634446064712,0.046666666666666856
manutenção→cutting,3,7,8,linear,False,2026-03-24,0.1444444444444457,True,1.762484521896397,0.10444444444443945
manutenção→cutting,3,7,8,linear,False,2026-03-25,0.12222222222223422,True,1.8397098788330197,0.16222222222222626
manutenção→cutting,3,7,8,kalman,False,2026-03-20,0.15152930814301158,True,1.3672635261257255,0.14847069185698558
manutenção→cutting,3,7,8,kalman,False,2026-03-21,0.17439222775684016,True,1.3676449160930702,0.17439222775684016
manutenção→cutting,3,7,8,kalman,False,2026-03-23,0.9360619935206813,False,1.3671782845086398,0.15606199352068018
manutenção→cutting,3,7,8,kalman,False,2026-03-24,0.07191666458325585,True,1.3663784428889585,0.1119166645832621
manutenção→cutting,3,7,8,kalman,False,2026-03-25,0.11118882189866497,True,1.3652789151188358,0.07118882189867293
manutenção→cutting,3,7,8,gpr,False,2026-03-20,0.13858455846438744,True,1.2969702854055356,0.16141544153560972
manutenção→cutting,3,7,8,gpr,False,2026-03-21,0.18716920184186847,True,1.2971583774033206,0.18716920184186847
manutenção→cutting,3,7,8,gpr,False,2026-03-23,0.9469467807978589,False,1.2972687734913677,0.16694678079785774
manutenção→cutting,3,7,8,gpr,False,2026-03-24,0.08106252029261896,True,1.297190538178313,0.12106252029262521
manutenção→cutting,3,7,8,gpr,False,2026-03-25,0.11804126118123293,True,1.297026968546902,0.07804126118124088
manutenção→cutting,3,7,7,linear,False,2026-04-24,0.4375,True,1.8235864570132492,0.19750000000000512
manutenção→cutting,3,7,7,linear,False,2026-04-25,0.875,False,1.741769182456835,0.25499999999999545
manutenção→cutting,3,7,7,linear,False,2026-04-27,0.25,True,1.6734377012484458,0.37000000000000455
manutenção→cutting,3,7,7,linear,False,2026-04-28,0.38750000000000284,True,1.6907794877537583,0.4274999999999949
manutenção→cutting,3,7,7,linear,False,2026-04-29,0.42500000000001137,True,1.741769182456835,0.48499999999999943
manutenção→cutting,3,7,7,linear,False,2026-04-30,0.9624999999999915,False,1.8235864570132492,0.5424999999999898
manutenção→cutting,3,7,7,kalman,False,2026-04-24,0.13196208131809328,True,1.376859738173124,0.1080379186819016
manutenção→cutting,3,7,7,kalman,False,2026-04-25,0.5208541694361628,True,1.3776646319663257,0.09914583056384174
manutenção→cutting,3,7,7,kalman,False,2026-04-27,0.20193832122158994,True,1.3782118860493142,0.0819383212215854
manutenção→cutting,3,7,7,kalman,False,2026-04-28,0.11371715884223477,True,1.3778771836776116,0.07371715884224272
manutenção→cutting,3,7,7,kalman,False,2026-04-29,0.12581389722062397,True,1.3771502153333586,0.06581389722063591
manutenção→cutting,3,7,7,kalman,False,2026-04-30,0.36172433422079564,True,1.3760888423203994,0.058275665779206065
manutenção→cutting,3,7,7,gpr,False,2026-04-24,0.14091768888495437,True,1.3984690509492737,0.09908231111504051
manutenção→cutting,3,7,7,gpr,False,2026-04-25,0.5308973236916046,True,1.3985740183460962,0.08910267630839996
manutenção→cutting,3,7,7,gpr,False,2026-04-27,0.18948177543707345,True,1.3984872263758916,0.0694817754370689
manutenção→cutting,3,7,7,gpr,False,2026-04-28,0.09992279137300386,True,1.3982951996779605,0.05992279137301182
manutenção→cutting,3,7,7,gpr,False,2026-04-29,0.11057490001101655,True,1.3980085074157103,0.05057490001102849
manutenção→cutting,3,7,7,gpr,False,2026-04-30,0.3785368815015602,True,1.397633806483185,0.04146311849844153
manutenção→cutting,3,14,14,linear,False,2026-03-14,0.21999999999999886,True,1.8661914281727832,0.01999999999999602
manutenção→cutting,3,14,14,linear,False,2026-03-15,0.5599999999999881,True,1.8123476159123015,0.04000000000000625
manutenção→cutting,3,14,14,linear,False,2026-03-17,0.01999999999999602,True,1.7284397682242627,0.0799999999999983
manutenção→cutting,3,14,14,linear,False,2026-03-20,0.4399999999999977,True,1.6701609104204636,0.14000000000000057
manutenção→cutting,3,14,14,linear,False,2026-03-21,0.1599999999999966,True,1.6701609104204636,0.1599999999999966
manutenção→cutting,3,14,14,linear,False,2026-03-23,0.5,True,1.6995501609360701,0.28000000000000114
manutenção→cutting,3,14,14,linear,False,2026-03-24,0.4200000000000017,True,1.7284397682242343,0.37999999999999545
manutenção→cutting,3,14,14,linear,False,2026-03-25,0.4399999999999977,True,1.7662243372518844,0.47999999999998977
manutenção→cutting,3,14,14,linear,False,2026-03-26,0.3599999999999852,True,1.8123476159123015,0.5799999999999841
manutenção→cutting,3,14,14,linear,False,2026-03-27,0.6800000000000068,True,1.8661914281727832,0.6800000000000068
manutenção→cutting,3,14,14,kalman,False,2026-03-14,0.050378854936184325,True,1.3726101968291289,0.14962114506381852
manutenção→cutting,3,14,14,kalman,False,2026-03-15,0.762220770369396,False,1.375230977377754,0.16222077036940163
manutenção→cutting,3,14,14,kalman,False,2026-03-17,0.2931293386814531,True,1.3797602655886294,0.19312933868145876
manutenção→cutting,3,14,14,kalman,False,2026-03-20,0.04482040508284513,True,1.383508080799544,0.25517959491715203
manutenção→cutting,3,14,14,kalman,False,2026-03-21,0.280423417204517,True,1.3837363425999456,0.280423417204517
manutenção→cutting,3,14,14,kalman,False,2026-03-23,1.0383173108986625,False,1.3826032604730187,0.2583173108986614
manutenção→cutting,3,14,14,kalman,False,2026-03-24,0.17115593024081477,True,1.381299566243456,0.21115593024082102
manutenção→cutting,3,14,14,kalman,False,2026-03-25,0.206714696536622,True,1.379577652307404,0.16671469653662996
manutenção→cutting,3,14,14,kalman,False,2026-03-26,0.3450878837537772,True,1.3775158857113752,0.12508788375377833
manutenção→cutting,3,14,14,kalman,False,2026-03-27,0.08636976585995626,True,1.375208241220406,0.08636976585995626
manutenção→cutting,3,14,14,gpr,False,2026-03-14,0.08103599740256584,True,1.3020305406223258,0.118964002597437
manutenção→cutting,3,14,14,gpr,False,2026-03-15,0.7301541989003368,False,1.3030510968623616,0.13015419890034252
manutenção→cutting,3,14,14,gpr,False,2026-03-17,0.25898482612286955,True,1.3047638780484192,0.15898482612287523
manutenção→cutting,3,14,14,gpr,False,2026-03-20,0.08018646399912654,True,1.306281250814635,0.2198135360008706
manutenção→cutting,3,14,14,gpr,False,2026-03-21,0.24511135035474751,True,1.3064648891726733,0.24511135035474751
manutenção→cutting,3,14,14,gpr,False,2026-03-23,1.003634101002561,False,1.3063253858245503,0.22363410100255976
manutenção→cutting,3,14,14,gpr,False,2026-03-24,0.1369579732319579,True,1.3060063983498083,0.17695797323196416
manutenção→cutting,3,14,14,gpr,False,2026-03-25,0.1730398700609186,True,1.3055296787398731,0.13303987006092655
manutenção→cutting,3,14,14,gpr,False,2026-03-26,0.31190456844667835,True,1.3049055846054216,0.09190456844667949
manutenção→cutting,3,14,14,gpr,False,2026-03-27,0.053566684697813116,True,1.304147440097438,0.053566684697813116
manutenção→cutting,3,14,14,linear,False,2026-05-16,0.29333333333333655,True,1.8925667786488418,0.006666666666674814
manutenção→cutting,3,14,14,linear,False,2026-05-17,0.013333333333335418,True,1.837961978315036,0.006666666666660603
manutenção→cutting,3,14,14,linear,False,2026-05-19,0.7266666666666737,True,1.7528682400173636,0.03333333333333144
manutenção→cutting,3,14,14,linear,False,2026-05-20,0.13333333333333997,True,1.7235703286796422,0.046666666666666856
manutenção→cutting,3,14,14,linear,False,2026-05-21,0.1599999999999966,True,1.7037585172984393,0.060000000000002274
manutenção→cutting,3,14,14,linear,False,2026-05-22,0.346666666666664,True,1.6937657125317287,0.07333333333333769
manutenção→cutting,3,14,14,linear,False,2026-05-23,0.35333333333333883,True,1.6937657125317287,0.0866666666666589
manutenção→cutting,3,14,14,linear,False,2026-05-24,0.23999999999999488,True,1.7037585172984393,0.09999999999999432
manutenção→cutting,3,14,14,linear,False,2026-05-25,0.06666666666666288,True,1.7235703286796422,0.11333333333332973
manutenção→cutting,3,14,14,linear,False,2026-05-26,0.47333333333332916,True,1.7528682400173636,0.12666666666666515
manutenção→cutting,3,14,14,linear,False,2026-05-28,0.0866666666666589,True,1.837961978315036,0.15333333333333599
manutenção→cutting,3,14,14,linear,False,2026-05-29,0.5066666666666748,True,1.8925667786488418,0.1666666666666714
manutenção→cutting,3,14,14,kalman,False,2026-05-16,0.24389310701670297,True,1.3791668593713666,0.0561068929833084
manutenção→cutting,3,14,14,kalman,False,2026-05-17,0.07566513489295801,True,1.3832127720350798,0.05566513489296199
manutenção→cutting,3,14,14,kalman,False,2026-05-19,0.8140132981237969,False,1.390044911036739,0.05401329812379174
manutenção→cutting,3,14,14,kalman,False,2026-05-20,0.23276821013274684,True,1.3925481955245118,0.05276821013274002
manutenção→cutting,3,14,14,kalman,False,2026-05-21,0.048779663804083384,True,1.394302123808302,0.05122033619591093
manutenção→cutting,3,14,14,kalman,False,2026-05-22,0.469352171657178,True,1.3952425052971194,0.049352171657176314
manutenção→cutting,3,14,14,kalman,False,2026-05-23,0.4871462118604626,True,1.3953409775529906,0.04714621186046486
manutenção→cutting,3,14,14,kalman,False,2026-05-24,0.09541504785038057,True,1.3946058803799986,0.044584952149619994
manutenção→cutting,3,14,14,kalman,False,2026-05-25,0.22165088786856302,True,1.3930820181001877,0.04165088786857041
manutenção→cutting,3,14,14,kalman,False,2026-05-26,0.6383265143611823,True,1.3908493001498528,0.03832651436118795
manutenção→cutting,3,14,14,kalman,False,2026-05-28,0.27043682104302036,True,1.384735930232182,0.030436821043025475
manutenção→cutting,3,14,14,kalman,False,2026-05-29,0.3141635080799716,True,1.3811611933777215,0.02583649192003179
manutenção→cutting,3,14,14,gpr,False,2026-05-16,0.24372765484426395,True,1.330037423029438,0.056272345155747416
manutenção→cutting,3,14,14,gpr,False,2026-05-17,0.07433018126415902,True,1.3301012106287828,0.054330181264163
manutenção→cutting,3,14,14,gpr,False,2026-05-19,0.8104778573195119,False,1.3302946157821793,0.050477857319506825
manutenção→cutting,3,14,14,gpr,False,2026-05-20,0.22856773158149224,True,1.3304242470657357,0.04856773158148542
manutenção→cutting,3,14,14,gpr,False,2026-05-21,0.053331683886213455,True,1.3305758635383427,0.04666831611378086
manutenção→cutting,3,14,14,gpr,False,2026-05-22,0.464779622920517,True,1.33074950738893,0.044779622920515294
manutenção→cutting,3,14,14,gpr,False,2026-05-23,0.4829016619340223,True,1.3309452348966317,0.04290166193402456
manutenção→cutting,3,14,14,gpr,False,2026-05-24,0.09896555899008774,True,1.3311631163961124,0.041034441009912825
manutenção→cutting,3,14,14,gpr,False,2026-05-25,0.21917796592308036,True,1.3314032362343653,0.039177965923087754
manutenção→cutting,3,14,14,gpr,False,2026-05-26,0.6373322403642732,True,1.3316656927195254,0.037332240364278846
manutenção→cutting,3,14,14,gpr,False,2026-05-28,0.2736730421563891,True,1.3322580783013223,0.03367304215639422
manutenção→cutting,3,14,14,gpr,False,2026-05-29,0.30814043355384513,True,1.3325882732401624,0.03185956644615828
manutenção→cutting,4,3,3,linear,False,2026-03-19,0.14999999999999147,True,1.954976868002575,0.04999999999999716
manutenção→cutting,4,3,3,linear,False,2026-03-20,0.4749999999999943,True,2.034804437931882,0.07499999999998863
manutenção→cutting,4,3,3,kalman,False,2026-03-19,0.11793787588919713,True,1.6006504350081627,0.017937875889202815
manutenção→cutting,4,3,3,kalman,False,2026-03-20,0.4382619028359045,True,1.6007028526567524,0.03826190283589881
manutenção→cutting,4,3,3,gpr,False,2026-03-19,0.08633724201436621,True,1.62109368818426,0.013662757985628105
manutenção→cutting,4,3,3,gpr,False,2026-03-20,0.3954263803486384,True,1.6211854838673219,0.004573619651367267
manutenção→cutting,4,3,3,linear,False,2026-05-09,0.35999999999999943,True,1.9677530508097902,0.10000000000000853
manutenção→cutting,4,3,3,linear,False,2026-05-11,0.0799999999999983,True,2.068728231857449,0.21999999999999886
manutenção→cutting,4,3,3,kalman,False,2026-05-09,0.37334018823804627,True,1.598573862706644,0.11334018823805536
manutenção→cutting,4,3,3,kalman,False,2026-05-11,0.1837347445247275,True,1.5988822766299506,0.11626525547526967
manutenção→cutting,4,3,3,gpr,False,2026-05-09,0.37020694733274695,True,1.715860347433079,0.11020694733275604
manutenção→cutting,4,3,3,gpr,False,2026-05-11,0.19508811136732618,True,1.7157910711184172,0.10491188863267098
manutenção→cutting,4,7,7,linear,False,2026-02-23,0.2500000000000142,True,2.169561497527269,0.14999999999999147
manutenção→cutting,4,7,7,linear,False,2026-02-24,0.10000000000000853,True,2.072221660401624,0.19999999999998863
manutenção→cutting,4,7,7,linear,False,2026-02-25,0.25,True,2.011558082882175,0.25
manutenção→cutting,4,7,7,linear,False,2026-02-26,0.29999999999999716,True,1.990926172530152,0.29999999999999716
manutenção→cutting,4,7,7,linear,False,2026-02-27,0.3499999999999943,True,2.011558082882175,0.3499999999999943
manutenção→cutting,4,7,7,linear,False,2026-02-28,0.4000000000000057,True,2.072221660401624,0.4000000000000057
manutenção→cutting,4,7,7,linear,False,2026-03-01,0.6500000000000057,True,2.169561497527269,0.45000000000000284
manutenção→cutting,4,7,7,kalman,False,2026-02-23,0.5356193623326533,True,1.624845778509183,0.1356193623326476
manutenção→cutting,4,7,7,kalman,False,2026-02-24,0.43435647697508273,True,1.6258237984478399,0.13435647697508557
manutenção→cutting,4,7,7,kalman,False,2026-02-25,0.13256326698790133,True,1.626450066067605,0.13256326698790133
manutenção→cutting,4,7,7,kalman,False,2026-02-26,0.1303763701627645,True,1.6266926153515726,0.1303763701627645
manutenção→cutting,4,7,7,kalman,False,2026-02-27,0.1279324242913873,True,1.6265484331747757,0.1279324242913873
manutenção→cutting,4,7,7,kalman,False,2026-02-28,0.12536806716543936,True,1.6260437555479825,0.12536806716543936
manutenção→cutting,4,7,7,kalman,False,2026-03-01,0.07718006342338413,True,1.6252327107150393,0.12281993657661872
manutenção→cutting,4,7,7,gpr,False,2026-02-23,0.5279137366314899,True,1.7466879052688,0.1279137366314842
manutenção→cutting,4,7,7,gpr,False,2026-02-24,0.4169265845311827,True,1.7488811080664277,0.11692658453118554
manutenção→cutting,4,7,7,gpr,False,2026-02-25,0.1046242971720659,True,1.7501780911132983,0.1046242971720659
manutenção→cutting,4,7,7,gpr,False,2026-02-26,0.09148083584958044,True,1.7505127732453047,0.09148083584958044
manutenção→cutting,4,7,7,gpr,False,2026-02-27,0.0779991581022017,True,1.7498858124712626,0.0779991581022017
manutenção→cutting,4,7,7,gpr,False,2026-02-28,0.06468996246756831,True,1.7483644984091313,0.06468996246756831
manutenção→cutting,4,7,7,gpr,False,2026-03-01,0.1479500672512728,True,1.7460762470417421,0.05204993274873004
manutenção→cutting,4,7,8,linear,False,2026-03-06,0.46666666666666856,True,2.128530515874502,0.2666666666666657
manutenção→cutting,4,7,8,linear,False,2026-03-07,0.2666666666666657,True,2.039181357765301,0.23333333333333428
manutenção→cutting,4,7,8,linear,False,2026-03-09,0.36666666666667425,True,1.9457335538829739,0.1666666666666714
manutenção→cutting,4,7,8,linear,False,2026-03-10,0.23333333333332007,True,1.9457335538829739,0.13333333333332575
manutenção→cutting,4,7,8,linear,False,2026-03-11,0.6999999999999886,True,1.977373572466746,0.09999999999999432
manutenção→cutting,4,7,8,linear,False,2026-03-12,0.23333333333333428,True,2.039181357765301,0.06666666666666288
manutenção→cutting,4,7,8,kalman,False,2026-03-06,0.32036848647848615,True,1.6026371037829392,0.1203684864784833
manutenção→cutting,4,7,8,kalman,False,2026-03-07,0.37517763490922107,True,1.6040771623636374,0.12482236509077893
manutenção→cutting,4,7,8,kalman,False,2026-03-09,0.33119273160298235,True,1.605960834493402,0.1311927316029795
manutenção→cutting,4,7,8,kalman,False,2026-03-10,0.23264927308241568,True,1.6062988411662218,0.13264927308242136
manutenção→cutting,4,7,8,kalman,False,2026-03-11,0.7326467557637812,True,1.6062148415859383,0.13264675576378693
manutenção→cutting,4,7,8,kalman,False,2026-03-12,0.1690447935631738,True,1.6057336036780043,0.13095520643682335
manutenção→cutting,4,7,8,gpr,False,2026-03-06,0.29193839885797956,True,1.6403651848597463,0.09193839885797672
manutenção→cutting,4,7,8,gpr,False,2026-03-07,0.4019533479302453,True,1.6415268697845136,0.09804665206975471
manutenção→cutting,4,7,8,gpr,False,2026-03-09,0.30981477667684487,True,1.643152610386636,0.10981477667684203
manutenção→cutting,4,7,8,gpr,False,2026-03-10,0.21503662321721606,True,1.6435682975931911,0.11503662321722175
manutenção→cutting,4,7,8,gpr,False,2026-03-11,0.7194850337077696,True,1.6437022243008812,0.1194850337077753
manutenção→cutting,4,7,8,gpr,False,2026-03-12,0.17711525416306984,True,1.643554237818222,0.12288474583692732
manutenção→cutting,4,14,14,linear,False,2026-02-14,0.5599999999999881,True,2.256322409949206,0.5599999999999881
manutenção→cutting,4,14,14,linear,False,2026-02-15,0.4200000000000017,True,2.191222443029204,0.519999999999996
manutenção→cutting,4,14,14,linear,False,2026-02-16,0.2799999999999869,True,2.135457002415336,0.47999999999998977
manutenção→cutting,4,14,14,linear,False,2026-02-17,0.3400000000000034,True,2.0897734950536346,0.4399999999999977
manutenção→cutting,4,14,14,linear,False,2026-02-18,0.20000000000000284,True,2.0548444586456185,0.3999999999999915
manutenção→cutting,4,14,14,linear,False,2026-02-19,0.4399999999999977,True,2.031224772140831,0.35999999999999943
manutenção→cutting,4,14,14,linear,False,2026-02-20,0.11999999999999034,True,2.0193113276125985,0.3199999999999932
manutenção→cutting,4,14,14,linear,False,2026-02-22,0.3399999999999892,True,2.031224772140831,0.23999999999999488
manutenção→cutting,4,14,14,linear,False,2026-02-23,0.6000000000000085,True,2.0548444586456185,0.20000000000000284
manutenção→cutting,4,14,14,linear,False,2026-02-24,0.45999999999999375,True,2.0897734950536346,0.1599999999999966
manutenção→cutting,4,14,14,linear,False,2026-02-25,0.12000000000000455,True,2.135457002415336,0.12000000000000455
manutenção→cutting,4,14,14,linear,False,2026-02-26,0.0799999999999983,True,2.191222443029204,0.0799999999999983
manutenção→cutting,4,14,14,linear,False,2026-02-27,0.04000000000000625,True,2.256322409949206,0.04000000000000625
manutenção→cutting,4,14,14,kalman,False,2026-02-14,0.017984321194177255,True,1.6400267029140423,0.017984321194177255
manutenção→cutting,4,14,14,kalman,False,2026-02-15,0.07829688205650598,True,1.6433255138257437,0.021703117943488337
manutenção→cutting,4,14,14,kalman,False,2026-02-16,0.1748356443164596,True,1.6463465284349468,0.02516435568354325
manutenção→cutting,4,14,14,kalman,False,2026-02-17,0.07160081769153237,True,1.6489596860921836,0.028399182308461945
manutenção→cutting,4,14,14,kalman,False,2026-02-18,0.5685612542875873,True,1.651055222015259,0.03143874571240701
manutenção→cutting,4,14,14,kalman,False,2026-02-19,0.7656858062104703,True,1.6525476027174477,0.034314193789526826
manutenção→cutting,4,14,14,kalman,False,2026-02-20,0.16294332556603308,True,1.6533783872908714,0.03705667443396976
manutenção→cutting,4,14,14,kalman,False,2026-02-22,0.14226732500137018,True,1.652967090998004,0.042267325001375866
manutenção→cutting,4,14,14,kalman,False,2026-02-23,0.44479779071264147,True,1.6517556473619095,0.04479779071263579
manutenção→cutting,4,14,14,kalman,False,2026-02-24,0.3473198805677953,True,1.6499429659135671,0.04731988056779812
manutenção→cutting,4,14,14,kalman,False,2026-02-25,0.04986474246101125,True,1.6476153484167924,0.04986474246101125
manutenção→cutting,4,14,14,kalman,False,2026-02-26,0.052463524286437746,True,1.6448833320486074,0.052463524286437746
manutenção→cutting,4,14,14,kalman,False,2026-02-27,0.055147373938183364,True,1.6418777595527843,0.055147373938183364
manutenção→cutting,4,14,14,gpr,False,2026-02-14,0.01999530102325764,True,1.6839047086686776,0.01999530102325764
manutenção→cutting,4,14,14,gpr,False,2026-02-15,0.12237974881989544,True,1.6886144491682842,0.022379748819901124
manutenção→cutting,4,14,14,gpr,False,2026-02-16,0.22473055779833828,True,1.692896550528701,0.02473055779833544
manutenção→cutting,4,14,14,gpr,False,2026-02-17,0.12696169889746045,True,1.6965827659693957,0.026961698897466135
manutenção→cutting,4,14,14,gpr,False,2026-02-18,0.6289812102952652,True,1.6995255506298577,0.0289812102952709
manutenção→cutting,4,14,14,gpr,False,2026-02-19,0.8306931104841766,True,1.7016066790435787,0.030693110484179442
manutenção→cutting,4,14,14,gpr,False,2026-02-20,0.23199966558964036,True,1.7027441887452426,0.031999665589637516
manutenção→cutting,4,14,14,gpr,False,2026-02-22,0.06698703326614464,True,1.7020682872738178,0.03301296673384968
manutenção→cutting,4,14,14,gpr,False,2026-02-23,0.3674596223875852,True,1.7003032907185798,0.03254037761242046
manutenção→cutting,4,14,14,gpr,False,2026-02-24,0.26868972115738643,True,1.697688501657865,0.03131027884261073
manutenção→cutting,4,14,14,gpr,False,2026-02-25,0.029260442133164588,True,1.6943454630159351,0.029260442133164588
manutenção→cutting,4,14,14,gpr,False,2026-02-26,0.02634582998160795,True,1.6904236682364626,0.02634582998160795
manutenção→cutting,4,14,14,gpr,False,2026-02-27,0.022541983297273305,True,1.6860916465988964,0.022541983297273305
manutenção→cutting,4,14,14,linear,False,2026-03-20,0.36666666666667425,True,2.2207777244349245,0.03333333333333144
manutenção→cutting,4,14,14,linear,False,2026-03-21,0.06666666666664867,True,2.1567033014890455,0.03333333333334565
manutenção→cutting,4,14,14,linear,False,2026-03-23,0.06666666666667709,True,2.0568525164956952,0.08666666666667311
manutenção→cutting,4,14,14,linear,False,2026-03-24,0.13333333333333997,True,2.0224737301800246,0.07333333333333769
manutenção→cutting,4,14,14,linear,False,2026-03-25,0.30000000000001137,True,1.9992261333752879,0.060000000000016485
manutenção→cutting,4,14,14,linear,False,2026-03-26,0.36666666666667425,True,1.9875003657664934,0.04666666666668107
manutenção→cutting,4,14,14,linear,False,2026-03-27,0.7333333333333343,True,1.9875003657664934,0.03333333333333144
manutenção→cutting,4,14,14,linear,False,2026-03-28,0.0,True,1.9992261333752879,0.01999999999999602
manutenção→cutting,4,14,14,linear,False,2026-03-29,0.4666666666666828,True,2.0224737301800246,0.006666666666674814
manutenção→cutting,4,14,14,linear,False,2026-03-31,0.20000000000000284,True,2.1018163545871005,0.01999999999999602
manutenção→cutting,4,14,14,linear,False,2026-04-02,0.13333333333333997,True,2.2207777244349245,0.046666666666652645
manutenção→cutting,4,14,14,kalman,False,2026-03-20,0.515240191512973,True,1.6540046764226872,0.11524019151296727
manutenção→cutting,4,14,14,kalman,False,2026-03-21,0.04334004620397991,True,1.656794568596581,0.14334004620397423
manutenção→cutting,4,14,14,kalman,False,2026-03-23,0.10754081964080342,True,1.6614009787134876,0.12754081964079944
manutenção→cutting,4,14,14,kalman,False,2026-03-24,0.14369905858396237,True,1.6630497782777525,0.0836990585839601
manutenção→cutting,4,14,14,kalman,False,2026-03-25,0.2826007458084945,True,1.664177791709875,0.042600745808499596
manutenção→cutting,4,14,14,kalman,False,2026-03-26,0.32427454141310363,True,1.664745021902064,0.004274541413110455
manutenção→cutting,4,14,14,kalman,False,2026-03-27,0.668749105496417,True,1.664731655767639,0.03125089450358587
manutenção→cutting,4,14,14,kalman,False,2026-03-28,0.08394690184286446,True,1.664138611806976,0.06394690184286844
manutenção→cutting,4,14,14,kalman,False,2026-03-29,0.36621517949390636,True,1.662987522784647,0.0937848205061016
manutenção→cutting,4,14,14,kalman,False,2026-03-31,0.3247717514097417,True,1.659197235299672,0.14477175140973486
manutenção→cutting,4,14,14,kalman,False,2026-04-02,0.003982406425151908,True,1.6539112647087677,0.18398240642514452
manutenção→cutting,4,14,14,gpr,False,2026-03-20,0.3740335782995601,True,1.6897781296398193,0.025966421700445608
manutenção→cutting,4,14,14,gpr,False,2026-03-21,0.11526858621243719,True,1.695527256638968,0.01526858621244287
manutenção→cutting,4,14,14,gpr,False,2026-03-23,0.08172076984425303,True,1.7050038751479804,0.061720769844257006
manutenção→cutting,4,14,14,gpr,False,2026-03-24,0.058142018911482296,True,1.7083935022442347,0.11814201891148457
manutenção→cutting,4,14,14,gpr,False,2026-03-25,0.07038509514497093,True,1.7107076082423305,0.16961490485502395
manutenção→cutting,4,14,14,gpr,False,2026-03-26,0.10410550350859182,True,1.711860910459194,0.21589449649140136
manutenção→cutting,4,14,14,gpr,False,2026-03-27,0.4432076930592075,True,1.7118113812963713,0.25679230694079536
manutenção→cutting,4,14,14,gpr,False,2026-03-28,0.31217945345471776,True,1.710562393538254,0.29217945345472174
manutenção→cutting,4,14,14,gpr,False,2026-03-29,0.1380113171680648,True,1.7081625348940292,0.32198868283194315
manutenção→cutting,4,14,14,gpr,False,2026-03-31,0.5449166347532071,True,1.7003133715278125,0.36491663475320024
manutenção→cutting,4,14,14,gpr,False,2026-04-02,0.20627575367271334,True,1.6894084974422015,0.38627575367270595
manutenção→cutting,5,3,3,linear,False,2026-03-11,0.375,True,1.602335234836886,0.2750000000000057
manutenção→cutting,5,3,3,linear,False,2026-03-12,0.5499999999999972,True,1.5394738975876123,0.3499999999999943
manutenção→cutting,5,3,3,linear,False,2026-03-13,0.42499999999999716,True,1.602335234836886,0.42499999999999716
manutenção→cutting,5,3,3,kalman,False,2026-03-11,0.0976348188504943,True,1.4449953542337823,0.0023651811495000175
manutenção→cutting,5,3,3,kalman,False,2026-03-12,0.1898407358753218,True,1.4448466014656276,0.010159264124681044
manutenção→cutting,5,3,3,kalman,False,2026-03-13,0.02000699792688465,True,1.4445577158261926,0.02000699792688465
manutenção→cutting,5,3,3,gpr,False,2026-03-11,0.0682264628113387,True,1.3855834946536731,0.03177353718865561
manutenção→cutting,5,3,3,gpr,False,2026-03-12,0.1651972567060085,True,1.385395325394427,0.034802743293994354
manutenção→cutting,5,3,3,gpr,False,2026-03-13,0.03891191089350343,True,1.3851549221259063,0.03891191089350343
manutenção→cutting,5,3,3,linear,False,2026-02-24,0.4749999999999943,True,1.5713204966839385,0.375
manutenção→cutting,5,3,3,linear,False,2026-02-26,0.9249999999999972,False,1.5713204966839385,0.125
manutenção→cutting,5,3,3,kalman,False,2026-02-24,0.21551181011251686,True,1.4140953370556701,0.11551181011252254
manutenção→cutting,5,3,3,kalman,False,2026-02-26,0.9007731751554218,False,1.4136304950844192,0.10077317515542461
manutenção→cutting,5,3,3,gpr,False,2026-02-24,0.18633736267970846,True,1.3532614388790023,0.08633736267971415
manutenção→cutting,5,3,3,gpr,False,2026-02-26,0.8588226278968136,False,1.3526523442915845,0.05882262789681647
manutenção→cutting,5,7,7,linear,False,2026-03-21,0.125,True,1.7008036105569886,0.125
manutenção→cutting,5,7,7,linear,False,2026-03-22,0.3499999999999943,True,1.6244951276570703,0.04999999999999716
manutenção→cutting,5,7,7,linear,False,2026-03-23,0.5749999999999886,True,1.5769385906370417,0.05499999999999261
manutenção→cutting,5,7,7,linear,False,2026-03-24,0.0,True,1.5607644339425235,0.060000000000002274
manutenção→cutting,5,7,7,linear,False,2026-03-25,0.22500000000000853,True,1.5769385906370417,0.06499999999999773
manutenção→cutting,5,7,7,linear,False,2026-03-26,0.15000000000000568,True,1.6244951276570703,0.06999999999999318
manutenção→cutting,5,7,7,linear,False,2026-03-27,0.17499999999999716,True,1.7008036105569886,0.07500000000000284
manutenção→cutting,5,7,7,kalman,False,2026-03-21,0.19362845826428554,True,1.4662446124947621,0.19362845826428554
manutenção→cutting,5,7,7,kalman,False,2026-03-22,0.07342203758160792,True,1.4672839405382376,0.22657796241838923
manutenção→cutting,5,7,7,kalman,False,2026-03-23,0.33748363876725307,True,1.4680414037828484,0.18251636123274295
manutenção→cutting,5,7,7,kalman,False,2026-03-24,0.2014754152734639,True,1.468466352346013,0.14147541527346164
manutenção→cutting,5,7,7,kalman,False,2026-03-25,0.056513114893405714,True,1.4685354737694638,0.10348688510660509
manutenção→cutting,5,7,7,kalman,False,2026-03-26,0.011417468701722555,True,1.4682540001899156,0.06858253129828995
manutenção→cutting,5,7,7,kalman,False,2026-03-27,0.06320588558540408,True,1.4676552690747826,0.03679411441459024
manutenção→cutting,5,7,7,gpr,False,2026-03-21,0.17149405162734865,True,1.375005207685149,0.17149405162734865
manutenção→cutting,5,7,7,gpr,False,2026-03-22,0.09747884682849417,True,1.3753983802749872,0.202521153171503
manutenção→cutting,5,7,7,gpr,False,2026-03-23,0.363313453578229,True,1.3756919305290864,0.15668654642176705
manutenção→cutting,5,7,7,gpr,False,2026-03-24,0.17406280172860988,True,1.3758797703704602,0.11406280172860761
manutenção→cutting,5,7,7,gpr,False,2026-03-25,0.08529379490946098,True,1.375959199218073,0.07470620509054982
manutenção→cutting,5,7,7,gpr,False,2026-03-26,0.04134380358239298,True,1.375930997347723,0.038656196417619526
manutenção→cutting,5,7,7,gpr,False,2026-03-27,0.09406506335355402,True,1.3757994205692796,0.005934936646440292
manutenção→cutting,5,7,7,linear,False,2026-03-09,0.45000000000000284,True,1.6901210043850483,0.15000000000000568
manutenção→cutting,5,7,7,linear,False,2026-03-10,0.29999999999999716,True,1.6142918087263922,0.09999999999999432
manutenção→cutting,5,7,7,linear,False,2026-03-11,0.04999999999999716,True,1.5670339703642924,0.04999999999999716
manutenção→cutting,5,7,7,linear,False,2026-03-12,0.20000000000000284,True,1.5509614022041944,0.0
manutenção→cutting,5,7,7,linear,False,2026-03-13,0.04999999999999716,True,1.5670339703642924,0.04999999999999716
manutenção→cutting,5,7,7,linear,False,2026-03-14,0.4000000000000057,True,1.6142918087263922,0.09999999999999432
manutenção→cutting,5,7,7,linear,False,2026-03-15,0.05000000000001137,True,1.6901210043850483,0.15000000000000568
manutenção→cutting,5,7,7,kalman,False,2026-03-09,0.36903172763081216,True,1.4536843874031717,0.069031727630815
manutenção→cutting,5,7,7,kalman,False,2026-03-10,0.27555347370532957,True,1.454240331442179,0.07555347370532672
manutenção→cutting,5,7,7,kalman,False,2026-03-11,0.01726940583216674,True,1.4544810364210434,0.08273059416782758
manutenção→cutting,5,7,7,kalman,False,2026-03-12,0.10919087620531798,True,1.4543734760158884,0.09080912379468487
manutenção→cutting,5,7,7,kalman,False,2026-03-13,0.10003509736228011,True,1.4539126574200338,0.10003509736228011
manutenção→cutting,5,7,7,kalman,False,2026-03-14,0.6106545496469806,True,1.4531220913531797,0.11065454964698063
manutenção→cutting,5,7,7,kalman,False,2026-03-15,0.22291351542517646,True,1.4520525958909332,0.12291351542518214
manutenção→cutting,5,7,7,gpr,False,2026-03-09,0.4408713018032131,True,1.3907446021948715,0.14087130180321594
manutenção→cutting,5,7,7,gpr,False,2026-03-10,0.343048877074267,True,1.3912141049312083,0.14304887707426417
manutenção→cutting,5,7,7,gpr,False,2026-03-11,0.04463426207939847,True,1.3913798502384793,0.14463426207939278
manutenção→cutting,5,7,7,gpr,False,2026-03-12,0.0540490194838128,True,1.391225252472509,0.14595098051619004
manutenção→cutting,5,7,7,gpr,False,2026-03-13,0.1473540670017286,True,1.39074929737248,0.1473540670017286
manutenção→cutting,5,7,7,gpr,False,2026-03-14,0.6492240140327397,True,1.389966762432664,0.14922401403273966
manutenção→cutting,5,7,7,gpr,False,2026-03-15,0.25196025192884974,True,1.3889073623272736,0.15196025192885543
manutenção→cutting,5,14,14,linear,False,2026-03-05,0.29333333333335077,True,1.7576806686146824,0.10666666666665492
manutenção→cutting,5,14,14,linear,False,2026-03-07,0.01999999999999602,True,1.6635262209215114,0.11999999999999034
manutenção→cutting,5,14,14,linear,False,2026-03-08,0.07333333333333769,True,1.627938657100799,0.12666666666666515
manutenção→cutting,5,14,14,linear,False,2026-03-09,0.4333333333333229,True,1.6007288524217245,0.13333333333332575
manutenção→cutting,5,14,14,linear,False,2026-03-10,0.3400000000000034,True,1.5823290589413546,0.14000000000000057
manutenção→cutting,5,14,14,linear,False,2026-03-11,0.046666666666666856,True,1.5730484565542326,0.14666666666666117
manutenção→cutting,5,14,14,linear,False,2026-03-12,0.046666666666666856,True,1.5730484565542326,0.15333333333333599
manutenção→cutting,5,14,14,linear,False,2026-03-13,0.1599999999999966,True,1.5823290589413546,0.1599999999999966
manutenção→cutting,5,14,14,linear,False,2026-03-14,0.6666666666666714,True,1.6007288524217245,0.1666666666666714
manutenção→cutting,5,14,14,linear,False,2026-03-15,0.2733333333333263,True,1.627938657100799,0.173333333333332
manutenção→cutting,5,14,14,linear,False,2026-03-16,0.38000000000000966,True,1.6635262209215114,0.18000000000000682
manutenção→cutting,5,14,14,linear,False,2026-03-17,0.08666666666667311,True,1.7069676353716545,0.18666666666666742
manutenção→cutting,5,14,14,linear,False,2026-03-18,0.30666666666665776,True,1.7576806686146824,0.19333333333334224
manutenção→cutting,5,14,14,kalman,False,2026-03-05,0.39903371425457124,True,1.4827345635546862,0.0009662857454344476
manutenção→cutting,5,14,14,kalman,False,2026-03-07,0.08749523955198413,True,1.487674290943744,0.012504760448010188
manutenção→cutting,5,14,14,kalman,False,2026-03-08,0.1811037116453349,True,1.4896721587792285,0.018896288354667945
manutenção→cutting,5,14,14,kalman,False,2026-03-09,0.3259396310267846,True,1.4912232711843387,0.025939631026787424
manutenção→cutting,5,14,14,kalman,False,2026-03-10,0.23381250426072597,True,1.4922538386543067,0.03381250426072313
manutenção→cutting,5,14,14,kalman,False,2026-03-11,0.0573073761471079,True,1.4927134523143195,0.04269262385288641
manutenção→cutting,5,14,14,kalman,False,2026-03-12,0.14724229440034264,True,1.4925767022529044,0.0527577055996602
manutenção→cutting,5,14,14,kalman,False,2026-03-13,0.06418546529742741,True,1.4918439804326908,0.06418546529742741
manutenção→cutting,5,14,14,kalman,False,2026-03-14,0.5771536187425994,True,1.4905414911220873,0.0771536187425994
manutenção→cutting,5,14,14,kalman,False,2026-03-15,0.1918398817315392,True,1.4887204681860453,0.09183988173154489
manutenção→cutting,5,14,14,kalman,False,2026-03-16,0.30842197006067806,True,1.486455574936457,0.10842197006067522
manutenção→cutting,5,14,14,kalman,False,2026-03-17,0.027077599526364793,True,1.483842441036927,0.1270775995263591
manutenção→cutting,5,14,14,kalman,False,2026-03-18,0.3520155140749921,True,1.480994274691966,0.1479844859250079
manutenção→cutting,5,14,14,gpr,False,2026-03-05,0.2931844356572668,True,1.4550750870856177,0.10681556434273887
manutenção→cutting,5,14,14,gpr,False,2026-03-07,0.02143656911678704,True,1.463606946338274,0.12143656911678136
manutenção→cutting,5,14,14,gpr,False,2026-03-08,0.07331024523351459,True,1.4670639801273069,0.12668975476648825
manutenção→cutting,5,14,14,gpr,False,2026-03-09,0.43080234255529604,True,1.469768472636133,0.13080234255529888
manutenção→cutting,5,14,14,gpr,False,2026-03-10,0.3340111494498217,True,1.4715946838749119,0.13401114944981884
manutenção→cutting,5,14,14,gpr,False,2026-03-11,0.03659876800467998,True,1.4724536752380288,0.1365987680046743
manutenção→cutting,5,14,14,gpr,False,2026-03-12,0.06111183036205148,True,1.4722986923150359,0.13888816963795136
manutenção→cutting,5,14,14,gpr,False,2026-03-13,0.1412364869216418,True,1.4711280490833474,0.1412364869216418
manutenção→cutting,5,14,14,gpr,False,2026-03-14,0.6440281286579079,True,1.4689853524375849,0.14402812865790793
manutenção→cutting,5,14,14,gpr,False,2026-03-15,0.2476673930809028,True,1.4659570586190966,0.14766739308090848
manutenção→cutting,5,14,14,gpr,False,2026-03-16,0.35257075161879925,True,1.4621675046284963,0.1525707516187964
manutenção→cutting,5,14,14,gpr,False,2026-03-17,0.05915897821626004,True,1.45777170689027,0.15915897821625435
manutenção→cutting,5,14,14,gpr,False,2026-03-18,0.33215070266547286,True,1.4529463632054558,0.16784929733452714
manutenção→cutting,5,14,14,linear,False,2026-05-14,0.15999999999998238,True,1.683060996183201,0.20000000000000284
manutenção→cutting,5,14,14,linear,False,2026-05-16,0.1799999999999926,True,1.5929037330584777,0.12000000000000455
manutenção→cutting,5,14,14,linear,False,2026-05-17,0.1599999999999966,True,1.5588269853958536,0.0799999999999983
manutenção→cutting,5,14,14,linear,False,2026-05-19,0.1599999999999966,True,1.515153673693419,0.0
manutenção→cutting,5,14,14,linear,False,2026-05-20,0.519999999999996,True,1.5062670652339136,0.03999999999999204
manutenção→cutting,5,14,14,linear,False,2026-05-21,0.3199999999999932,True,1.5062670652339136,0.0799999999999983
manutenção→cutting,5,14,14,linear,False,2026-05-22,0.539999999999992,True,1.515153673693419,0.11999999999999034
manutenção→cutting,5,14,14,linear,False,2026-05-23,0.29999999999999716,True,1.5327723317907669,0.1600000000000108
manutenção→cutting,5,14,14,linear,False,2026-05-24,0.2599999999999909,True,1.5588269853958536,0.20000000000000284
manutenção→cutting,5,14,14,linear,False,2026-05-25,0.5200000000000102,True,1.5929037330584777,0.2400000000000091
manutenção→cutting,5,14,14,linear,False,2026-05-26,0.480000000000004,True,1.6345009080093007,0.28000000000000114
manutenção→cutting,5,14,14,linear,False,2026-05-27,0.14000000000000057,True,1.683060996183201,0.3200000000000074
manutenção→cutting,5,14,14,kalman,False,2026-05-14,0.2969406954866969,True,1.483756060152075,0.06305930451328834
manutenção→cutting,5,14,14,kalman,False,2026-05-16,0.24001198225963094,True,1.489181431100377,0.05998801774036622
manutenção→cutting,5,14,14,kalman,False,2026-05-17,0.1382304989594445,True,1.4911071373268214,0.05823049895944621
manutenção→cutting,5,14,14,kalman,False,2026-05-19,0.10539169949268512,True,1.493038853553685,0.05460830050731147
manutenção→cutting,5,14,14,kalman,False,2026-05-20,0.4271217432044807,True,1.492977760523985,0.05287825679552327
manutenção→cutting,5,14,14,kalman,False,2026-05-21,0.45129200739954456,True,1.4922297294270948,0.051292007399553086
manutenção→cutting,5,14,14,kalman,False,2026-05-22,0.37008312970091595,True,1.490825277433288,0.04991687029908576
manutenção→cutting,5,14,14,kalman,False,2026-05-23,0.5088201634738709,True,1.4888200708436443,0.048820163473862976
manutenção→cutting,5,14,14,kalman,False,2026-05-24,0.011930795096390057,True,1.4862935383353033,0.048069204903598006
manutenção→cutting,5,14,14,kalman,False,2026-05-25,0.2322686874319828,True,1.483346705624058,0.047731312568018325
manutenção→cutting,5,14,14,kalman,False,2026-05-26,0.15212619555317985,True,1.4800991858323584,0.04787380444682299
manutenção→cutting,5,14,14,kalman,False,2026-05-27,0.2285639985197463,True,1.476685249132771,0.04856399851973947
manutenção→cutting,5,14,14,gpr,False,2026-05-14,0.2691713305857206,True,1.4819495769739888,0.0908286694142646
manutenção→cutting,5,14,14,gpr,False,2026-05-16,0.21640024029791505,True,1.537609001767379,0.08359975970208211
manutenção→cutting,5,14,14,gpr,False,2026-05-17,0.15257531982531702,True,1.5577098871689259,0.07257531982531873
manutenção→cutting,5,14,14,gpr,False,2026-05-19,0.10590055422319722,True,1.5733512995400645,0.05409944577679937
manutenção→cutting,5,14,14,gpr,False,2026-05-20,0.4316047494078532,True,1.5750819631408035,0.048395250592150774
manutenção→cutting,5,14,14,gpr,False,2026-05-21,0.4432453543102213,True,1.5754907503448123,0.0432453543102298
manutenção→cutting,5,14,14,gpr,False,2026-05-22,0.3839946941236718,True,1.5744650552866517,0.036005305876329885
manutenção→cutting,5,14,14,gpr,False,2026-05-23,0.48357734424691046,True,1.5700091945557517,0.0235773442469025
manutenção→cutting,5,14,14,gpr,False,2026-05-24,0.05708139627122932,True,1.5581242516377642,0.0029186037287587396
manutenção→cutting,5,14,14,gpr,False,2026-05-25,0.3079744979708323,True,1.5341330506707038,0.02797449797083118
manutenção→cutting,5,14,14,gpr,False,2026-05-26,0.26834915103798096,True,1.4964865376091154,0.06834915103797812
manutenção→cutting,5,14,14,gpr,False,2026-05-27,0.06739762332932742,True,1.4507829056669266,0.1126023766706794
manutenção→cutting,6,3,3,linear,False,2026-03-14,0.25,True,1.6189365034571779,0.25
manutenção→cutting,6,3,3,linear,False,2026-03-15,0.5000000000000142,True,1.555423880557555,0.30000000000001137
manutenção→cutting,6,3,3,linear,False,2026-03-16,0.05000000000001137,True,1.6189365034571779,0.3500000000000085
manutenção→cutting,6,3,3,kalman,False,2026-03-14,0.08613789810225114,True,1.4707758518765388,0.08613789810225114
manutenção→cutting,6,3,3,kalman,False,2026-03-15,0.29367762156853416,True,1.4709431266623767,0.09367762156853132
manutenção→cutting,6,3,3,kalman,False,2026-03-16,0.19676685986368625,True,1.4709578935353136,0.10323314013631091
manutenção→cutting,6,3,3,gpr,False,2026-03-14,0.08583258324131293,True,1.432805647299631,0.08583258324131293
manutenção→cutting,6,3,3,gpr,False,2026-03-15,0.2638370563259258,True,1.4333411276561208,0.06383705632592296
manutenção→cutting,6,3,3,gpr,False,2026-03-16,0.255135990341401,True,1.4333937110632746,0.04486400965859616
manutenção→cutting,6,3,3,linear,False,2026-02-17,0.09999999999999432,True,1.5521328723808665,0.5
manutenção→cutting,6,3,3,linear,False,2026-02-18,0.04999999999999716,True,1.6155111135444713,0.45000000000000284
manutenção→cutting,6,3,3,kalman,False,2026-02-17,0.5937429721049483,True,1.4572357317106537,0.006257027895046008
manutenção→cutting,6,3,3,kalman,False,2026-02-18,0.39763354047050825,True,1.4572140474959951,0.0023664595294974333
manutenção→cutting,6,3,3,gpr,False,2026-02-17,0.46786227426972005,True,1.456536998779768,0.13213772573027427
manutenção→cutting,6,3,3,gpr,False,2026-02-18,0.2984418480420743,True,1.4562101630540951,0.10155815195793139
manutenção→cutting,6,7,7,linear,False,2026-05-02,0.7874999999999943,True,1.6686244976817761,0.2674999999999983
manutenção→cutting,6,7,7,linear,False,2026-05-03,0.5750000000000028,True,1.593759767175925,0.23499999999999943
manutenção→cutting,6,7,7,linear,False,2026-05-04,0.26250000000000284,True,1.5471029972796373,0.20250000000000057
manutenção→cutting,6,7,7,linear,False,2026-05-05,0.3500000000000085,True,1.5312348547602426,0.1700000000000017
manutenção→cutting,6,7,7,linear,False,2026-05-06,0.36250000000001137,True,1.5471029972796373,0.13750000000000284
manutenção→cutting,6,7,7,linear,False,2026-05-07,0.125,True,1.593759767175925,0.10500000000000398
manutenção→cutting,6,7,7,kalman,False,2026-05-02,0.49829399431763477,True,1.4813669900908906,0.02170600568236125
manutenção→cutting,6,7,7,kalman,False,2026-05-03,0.3144987492480311,True,1.4821027209485749,0.025501250751972293
manutenção→cutting,6,7,7,kalman,False,2026-05-04,0.030586174513473452,True,1.4824697747494042,0.029413825486528822
manutenção→cutting,6,7,7,kalman,False,2026-05-05,0.14654108567037838,True,1.4824290239923528,0.03345891432962844
manutenção→cutting,6,7,7,kalman,False,2026-05-06,0.5376517017248545,True,1.4819714520268974,0.037651701724840336
manutenção→cutting,6,7,7,kalman,False,2026-05-07,0.02200737211576609,True,1.4811188028869822,0.04200737211576211
manutenção→cutting,6,7,7,gpr,False,2026-05-02,0.4795900964527675,True,1.4835197925046373,0.04040990354722851
manutenção→cutting,6,7,7,gpr,False,2026-05-03,0.29831288684323454,True,1.4834888445114132,0.041687113156768874
manutenção→cutting,6,7,7,gpr,False,2026-05-04,0.01703453849151515,True,1.4834799514972303,0.042965461508487124
manutenção→cutting,6,7,7,gpr,False,2026-05-05,0.13575505158570422,True,1.4834931146350527,0.0442449484143026
manutenção→cutting,6,7,7,gpr,False,2026-05-06,0.545525573661024,True,1.4835283343219317,0.045525573661009844
manutenção→cutting,6,7,7,gpr,False,2026-05-07,0.02680733701036786,True,1.4835856101789773,0.04680733701036388
manutenção→cutting,6,7,8,linear,False,2026-04-21,0.51111111111112,True,1.6080240113465152,0.21111111111110858
manutenção→cutting,6,7,8,linear,False,2026-04-22,0.23333333333333428,True,1.5592846471552377,0.18666666666666742
manutenção→cutting,6,7,8,linear,False,2026-04-23,0.4222222222222314,True,1.534334483008024,0.16222222222222626
manutenção→cutting,6,7,8,linear,False,2026-04-24,0.3777777777777658,True,1.534334483008024,0.1377777777777709
manutenção→cutting,6,7,8,linear,False,2026-04-26,0.2888888888888914,True,1.6080240113465152,0.08888888888888857
manutenção→cutting,6,7,8,linear,False,2026-04-27,0.25555555555556,True,1.6784814971832134,0.06444444444444741
manutenção→cutting,6,7,8,kalman,False,2026-04-21,0.32359953882472325,True,1.484593906371316,0.023599538824711885
manutenção→cutting,6,7,8,kalman,False,2026-04-22,0.39020799547364504,True,1.485588710109539,0.029792004526356664
manutenção→cutting,6,7,8,kalman,False,2026-04-23,0.29555121379918603,True,1.486164123745226,0.035551213799180914
manutenção→cutting,6,7,8,kalman,False,2026-04-24,0.2808575768280548,True,1.486282218022609,0.040857576828059905
manutenção→cutting,6,7,8,kalman,False,2026-04-26,0.2500334048934576,True,1.4851610146436656,0.05003340489345476
manutenção→cutting,6,7,8,kalman,False,2026-04-27,0.26613630970028623,True,1.4840110385348453,0.053863690299721156
manutenção→cutting,6,7,8,gpr,False,2026-04-21,0.4068451134936737,True,1.5597693048826216,0.10684511349366232
manutenção→cutting,6,7,8,gpr,False,2026-04-22,0.31076271466548633,True,1.5607892960910306,0.10923728533451538
manutenção→cutting,6,7,8,gpr,False,2026-04-23,0.37020821537186066,True,1.561369462381549,0.11020821537185554
manutenção→cutting,6,7,8,gpr,False,2026-04-24,0.34986819517132517,True,1.5614885497309956,0.10986819517133029
manutenção→cutting,6,7,8,gpr,False,2026-04-26,0.30580227050128883,True,1.560361212354394,0.10580227050128599
manutenção→cutting,6,7,8,gpr,False,2026-04-27,0.2176096806050083,True,1.5591735988125492,0.1023903193949991
manutenção→cutting,6,14,14,linear,False,2026-03-10,0.10000000000000853,True,1.7572998219079636,0.20000000000000284
manutenção→cutting,6,14,14,linear,False,2026-03-11,0.10000000000000853,True,1.7065977769474046,0.20000000000000284
manutenção→cutting,6,14,14,linear,False,2026-03-12,0.6000000000000085,True,1.6631657751966031,0.20000000000000284
manutenção→cutting,6,14,14,linear,False,2026-03-13,0.4000000000000057,True,1.6275859223365217,0.20000000000000284
manutenção→cutting,6,14,14,linear,False,2026-03-14,0.20000000000000284,True,1.6003820133612123,0.20000000000000284
manutenção→cutting,6,14,14,linear,False,2026-03-15,0.0,True,1.5819862066691428,0.20000000000000284
manutenção→cutting,6,14,14,linear,False,2026-03-16,0.5,True,1.5727076151631536,0.20000000000000284
manutenção→cutting,6,14,14,linear,False,2026-03-17,0.6000000000000085,True,1.5727076151631536,0.20000000000000284
manutenção→cutting,6,14,14,linear,False,2026-03-18,0.20000000000000284,True,1.5819862066691428,0.20000000000000284
manutenção→cutting,6,14,14,linear,False,2026-03-19,0.20000000000000284,True,1.6003820133612123,0.20000000000000284
manutenção→cutting,6,14,14,linear,False,2026-03-20,0.29999999999999716,True,1.6275859223365217,0.20000000000000284
manutenção→cutting,6,14,14,linear,False,2026-03-21,0.5,True,1.6631657751966031,0.20000000000000284
manutenção→cutting,6,14,14,linear,False,2026-03-22,0.4000000000000057,True,1.7065977769474046,0.20000000000000284
manutenção→cutting,6,14,14,linear,False,2026-03-23,0.29999999999999716,True,1.7572998219079636,0.28000000000000114
manutenção→cutting,6,14,14,kalman,False,2026-03-10,0.23045992915497493,True,1.5066723099602086,0.13045992915498061
manutenção→cutting,6,14,14,kalman,False,2026-03-11,0.2409223474327007,True,1.5093221422399097,0.14092234743270637
manutenção→cutting,6,14,14,kalman,False,2026-03-12,0.2479191695485099,True,1.5117681237219358,0.15208083045149579
manutenção→cutting,6,14,14,kalman,False,2026-03-13,0.03586304132285534,True,1.513908684614961,0.1641369586771475
manutenção→cutting,6,14,14,kalman,False,2026-03-14,0.17729231257541755,True,1.515656479373348,0.17729231257541755
manutenção→cutting,6,14,14,kalman,False,2026-03-15,0.39174847261210743,True,1.5169412231087733,0.1917484726121046
manutenção→cutting,6,14,14,kalman,False,2026-03-16,0.0922929807470183,True,1.5177118112496544,0.20770701925297885
manutenção→cutting,6,14,14,kalman,False,2026-03-17,0.1746304670361809,True,1.5179377689726437,0.22536953296382478
manutenção→cutting,6,14,14,kalman,False,2026-03-18,0.6449375942104183,True,1.5176100667947594,0.2449375942104126
manutenção→cutting,6,14,14,kalman,False,2026-03-19,0.2666127834585268,True,1.516741324859396,0.2666127834585268
manutenção→cutting,6,14,14,kalman,False,2026-03-20,0.19059668117394324,True,1.5153654124712546,0.29059668117393755
manutenção→cutting,6,14,14,kalman,False,2026-03-21,0.0170908678224464,True,1.513536432890902,0.31709086782244356
manutenção→cutting,6,14,14,kalman,False,2026-03-22,0.1462969238698122,True,1.511327067833264,0.34629692386981503
manutenção→cutting,6,14,14,kalman,False,2026-03-23,0.8784164297818222,False,1.5088262430780048,0.2984164297818239
manutenção→cutting,6,14,14,gpr,False,2026-03-10,0.32740257213724533,True,1.5082080104805584,0.227402572137251
manutenção→cutting,6,14,14,gpr,False,2026-03-11,0.3180647595913939,True,1.5241278188702267,0.2180647595913996
manutenção→cutting,6,14,14,gpr,False,2026-03-12,0.19398504919129778,True,1.5396813781981962,0.2060149508087079
manutenção→cutting,6,14,14,gpr,False,2026-03-13,0.007770479729614976,True,1.5539585379531218,0.19222952027038787
manutenção→cutting,6,14,14,gpr,False,2026-03-14,0.17779009936677426,True,1.5660848943691121,0.17779009936677426
manutenção→cutting,6,14,14,gpr,False,2026-03-15,0.36384579241095594,True,1.5752963699850966,0.1638457924109531
manutenção→cutting,6,14,14,gpr,False,2026-03-16,0.14842686824111695,True,1.581002922399847,0.1515731317588802
manutenção→cutting,6,14,14,gpr,False,2026-03-17,0.25786470093252944,True,1.5828364594936488,0.14213529906747624
manutenção→cutting,6,14,14,gpr,False,2026-03-18,0.5366421678179449,True,1.580679892326117,0.13664216781793925
manutenção→cutting,6,14,14,gpr,False,2026-03-19,0.13611269238448642,True,1.5746757749104177,0.13611269238448642
manutenção→cutting,6,14,14,gpr,False,2026-03-20,0.04144108056121354,True,1.56521420599492,0.14144108056120785
manutenção→cutting,6,14,14,gpr,False,2026-03-21,0.14663195896909542,True,1.5529007741649536,0.15336804103090174
manutenção→cutting,6,14,14,gpr,False,2026-03-22,0.02754180152263075,True,1.5385065218402758,0.1724581984773721
manutenção→cutting,6,14,14,gpr,False,2026-03-23,0.6990845229916687,True,1.5229033459538641,0.11908452299167038
manutenção→cutting,6,14,14,linear,False,2026-03-15,0.20000000000000284,True,1.718447598531185,0.0
manutenção→cutting,6,14,14,linear,False,2026-03-16,0.29999999999999716,True,1.6688665274374443,0.0
manutenção→cutting,6,14,14,linear,False,2026-03-17,0.4000000000000057,True,1.6263947658304403,0.0
manutenção→cutting,6,14,14,linear,False,2026-03-18,0.4000000000000057,True,1.591601549589683,0.0
manutenção→cutting,6,14,14,linear,False,2026-03-19,0.0,True,1.564999093101335,0.0
manutenção→cutting,6,14,14,linear,False,2026-03-20,0.09999999999999432,True,1.54701000015379,0.0
manutenção→cutting,6,14,14,linear,False,2026-03-21,0.29999999999999716,True,1.5379365494582942,0.0
manutenção→cutting,6,14,14,linear,False,2026-03-22,0.20000000000000284,True,1.5379365494582942,0.0
manutenção→cutting,6,14,14,linear,False,2026-03-23,0.5,True,1.54701000015379,0.0799999999999983
manutenção→cutting,6,14,14,linear,False,2026-03-24,0.20000000000000284,True,1.564999093101335,0.1599999999999966
manutenção→cutting,6,14,14,linear,False,2026-03-26,0.5,True,1.6263947658304403,0.3199999999999932
manutenção→cutting,6,14,14,linear,False,2026-03-27,0.7999999999999972,True,1.6688665274374443,0.4000000000000057
manutenção→cutting,6,14,14,linear,False,2026-03-28,0.09999999999999432,True,1.718447598531185,0.480000000000004
manutenção→cutting,6,14,14,kalman,False,2026-03-15,0.43625732980034115,True,1.4706088271481121,0.2362573298003383
manutenção→cutting,6,14,14,kalman,False,2026-03-16,0.041750077370764416,True,1.472666097638978,0.25824992262923274
manutenção→cutting,6,14,14,kalman,False,2026-03-17,0.1181391034927799,True,1.4745343982089594,0.2818608965072258
manutenção→cutting,6,14,14,kalman,False,2026-03-18,0.7071765932779641,True,1.4761389168907613,0.30717659327795843
manutenção→cutting,6,14,14,kalman,False,2026-03-19,0.3342833547850148,True,1.4774167642943041,0.3342833547850148
manutenção→cutting,6,14,14,kalman,False,2026-03-20,0.26326752287202737,True,1.4783189837871191,0.3632675228720217
manutenção→cutting,6,14,14,kalman,False,2026-03-21,0.09421543938259447,True,1.4788120252978558,0.3942154393825916
manutenção→cutting,6,14,14,kalman,False,2026-03-22,0.22721344616033434,True,1.478878709678355,0.4272134461603372
manutenção→cutting,6,14,14,kalman,False,2026-03-23,0.9623478850488709,False,1.4785187033448324,0.3823478850488726
manutenção→cutting,6,14,14,kalman,False,2026-03-24,0.6997050978918082,True,1.4777485136889936,0.3397050978918088
manutenção→cutting,6,14,14,kalman,False,2026-03-26,0.08143321281531257,True,1.4751244285361338,0.2614332128153194
manutenção→cutting,6,14,14,kalman,False,2026-03-27,0.17402320141687255,True,1.4733809367142783,0.22597679858311892
manutenção→cutting,6,14,14,kalman,False,2026-03-28,0.7730885256797819,False,1.4714445730781733,0.19308852567978363
manutenção→cutting,6,14,14,gpr,False,2026-03-15,0.3939651157149058,True,1.4535350739760418,0.19396511571490294
manutenção→cutting,6,14,14,gpr,False,2026-03-16,0.08418714777965874,True,1.454867871853736,0.2158128522203384
manutenção→cutting,6,14,14,gpr,False,2026-03-17,0.16057110494381277,True,1.456046241447126,0.23942889505619291
manutenção→cutting,6,14,14,gpr,False,2026-03-18,0.6649027123016111,True,1.4570432307728254,0.26490271230160545
manutenção→cutting,6,14,14,gpr,False,2026-03-19,0.29232189709996703,True,1.4578361736916747,0.29232189709996703
manutenção→cutting,6,14,14,gpr,False,2026-03-20,0.2217713149547933,True,1.4584072530848857,0.3217713149547876
manutenção→cutting,6,14,14,gpr,False,2026-03-21,0.053332224352317326,True,1.4587439341628965,0.3533322243523145
manutenção→cutting,6,14,14,gpr,False,2026-03-22,0.1870813807886691,True,1.4588392603320983,0.38708138078867194
manutenção→cutting,6,14,14,gpr,False,2026-03-23,0.9230901347327887,False,1.4586920068536529,0.3430901347327904
manutenção→cutting,6,14,14,gpr,False,2026-03-24,0.661423534369959,True,1.4583066902474116,0.3014235343699596
manutenção→cutting,6,14,14,gpr,False,2026-03-26,0.04528769011326972,True,1.4568676940745036,0.22528769011327654
manutenção→cutting,6,14,14,gpr,False,2026-03-27,0.20909075690559575,True,1.455849849135376,0.19090924309439572
manutenção→cutting,6,14,14,gpr,False,2026-03-28,0.7390354501243479,False,1.4546646653403457,0.1590354501243496
manutenção→cutting,7,3,4,linear,False,2026-02-17,0.1799999999999926,True,1.5100426549045665,0.12000000000000455
manutenção→cutting,7,3,4,linear,False,2026-02-18,0.3200000000000074,True,1.5100426549045665,0.1799999999999926
manutenção→cutting,7,3,4,linear,False,2026-02-19,0.14000000000000057,True,1.5875304425138381,0.23999999999999488
manutenção→cutting,7,3,4,kalman,False,2026-02-17,0.18954740152493343,True,1.311661267212827,0.11045259847506372
manutenção→cutting,7,3,4,kalman,False,2026-02-18,0.3887310592846802,True,1.3117020631965488,0.11126894071531979
manutenção→cutting,7,3,4,kalman,False,2026-02-19,0.010997024960445856,True,1.3115367599689876,0.11099702496044017
manutenção→cutting,7,3,4,gpr,False,2026-02-17,0.1140226793490342,True,1.3656117171887558,0.18597732065096295
manutenção→cutting,7,3,4,gpr,False,2026-02-18,0.3138433430903831,True,1.3657106512595192,0.1861566569096169
manutenção→cutting,7,3,4,gpr,False,2026-02-19,0.08419508450649005,True,1.3654679814577548,0.18419508450648436
manutenção→cutting,7,3,3,linear,False,2026-05-07,0.04999999999999716,True,1.5467504951471085,0.030000000000001137
manutenção→cutting,7,3,3,linear,False,2026-05-08,0.5999999999999943,True,1.4860698071100558,0.03999999999999204
manutenção→cutting,7,3,3,linear,False,2026-05-09,0.05000000000001137,True,1.5467504951471085,0.10999999999998522
manutenção→cutting,7,3,3,kalman,False,2026-05-07,0.04851704295141701,True,1.3013386479945268,0.02851704295142099
manutenção→cutting,7,3,3,kalman,False,2026-05-08,0.5255377087464694,True,1.3011109008145354,0.03446229125353284
manutenção→cutting,7,3,3,kalman,False,2026-05-09,0.20042410051117088,True,1.3007517776430007,0.04042410051117429
manutenção→cutting,7,3,3,gpr,False,2026-05-07,0.03708858782120217,True,1.3323741938781382,0.017088587821206147
manutenção→cutting,7,3,3,gpr,False,2026-05-08,0.5414983490980063,True,1.332345695952995,0.01850165090199596
manutenção→cutting,7,3,3,gpr,False,2026-05-09,0.17981317194089286,True,1.3323149304691526,0.019813171940896268
manutenção→cutting,7,7,9,linear,False,2026-04-12,0.3999999999999915,True,1.4842977846486747,0.0799999999999983
manutenção→cutting,7,7,9,linear,False,2026-04-13,0.10000000000000853,True,1.474500332465368,0.060000000000002274
manutenção→cutting,7,7,9,linear,False,2026-04-14,0.29999999999999716,True,1.4842977846486747,0.04000000000000625
manutenção→cutting,7,7,9,linear,False,2026-04-15,0.4000000000000057,True,1.5133096057088267,0.01999999999999602
manutenção→cutting,7,7,9,linear,False,2026-04-16,0.4000000000000057,True,1.560464475114145,0.0
manutenção→cutting,7,7,9,linear,False,2026-04-17,1.4210854715202004e-14,True,1.624182920609968,0.020000000000010232
manutenção→cutting,7,7,9,kalman,False,2026-04-12,0.4043150490725509,True,1.3203549209425773,0.08431504907255771
manutenção→cutting,7,7,9,kalman,False,2026-04-13,0.07561492747466048,True,1.3204178247607388,0.08438507252535032
manutenção→cutting,7,7,9,kalman,False,2026-04-14,0.3432978641554598,True,1.319987817013839,0.08329786415546891
manutenção→cutting,7,7,9,kalman,False,2026-04-15,0.33880562741629205,True,1.319097265989143,0.08119437258370965
manutenção→cutting,7,7,9,kalman,False,2026-04-16,0.4782155464308744,True,1.3178102252809367,0.0782155464308687
manutenção→cutting,7,7,9,kalman,False,2026-04-17,0.09450233431776667,True,1.3162192896429588,0.07450233431777065
manutenção→cutting,7,7,9,gpr,False,2026-04-12,0.3810499392813256,True,1.388920533519979,0.0610499392813324
manutenção→cutting,7,7,9,gpr,False,2026-04-13,0.09944478190654138,True,1.389068486647858,0.06055521809346942
manutenção→cutting,7,7,9,gpr,False,2026-04-14,0.3193483425187935,True,1.3890563212909797,0.05934834251880261
manutenção→cutting,7,7,9,gpr,False,2026-04-15,0.36243770298256095,True,1.3888850456946216,0.057562297017440756
manutenção→cutting,7,7,9,gpr,False,2026-04-16,0.4553241499277618,True,1.3885590974687716,0.05532414992775614
manutenção→cutting,7,7,9,gpr,False,2026-04-17,0.07275411682657307,True,1.388086187513835,0.05275411682657705
manutenção→cutting,7,7,7,linear,False,2026-02-05,0.8124999999999858,False,1.56631946909161,0.5124999999999886
manutenção→cutting,7,7,7,linear,False,2026-02-06,0.024999999999991473,True,1.4960447697194468,0.42499999999999716
manutenção→cutting,7,7,7,linear,False,2026-02-08,0.25,True,1.4373533219095975,0.25
manutenção→cutting,7,7,7,linear,False,2026-02-09,0.4624999999999915,True,1.4522485728189451,0.16249999999999432
manutenção→cutting,7,7,7,linear,False,2026-02-10,0.5249999999999915,True,1.4960447697194468,0.07500000000000284
manutenção→cutting,7,7,7,linear,False,2026-02-11,0.7124999999999915,True,1.56631946909161,0.012499999999988631
manutenção→cutting,7,7,7,kalman,False,2026-02-05,0.27957757863362076,True,1.295712857642883,0.020422421366376398
manutenção→cutting,7,7,7,kalman,False,2026-02-06,0.40735373680333,True,1.2964193746535102,0.007353736803324296
manutenção→cutting,7,7,7,kalman,False,2026-02-08,0.017851635608735705,True,1.2968837173603447,0.017851635608735705
manutenção→cutting,7,7,7,kalman,False,2026-02-09,0.32985788145232675,True,1.2965906235976377,0.029857881452329593
manutenção→cutting,7,7,7,kalman,False,2026-02-10,0.5586204609493137,True,1.2959617651632414,0.04137953905068059
manutenção→cutting,7,7,7,kalman,False,2026-02-11,0.6476486125989283,False,1.2950434145689371,0.05235138740107459
manutenção→cutting,7,7,7,gpr,False,2026-02-05,0.48568341742623033,True,1.3245111134579872,0.18568341742623318
manutenção→cutting,7,7,7,gpr,False,2026-02-06,0.21260883932396268,True,1.3437899937294446,0.187391160676043
manutenção→cutting,7,7,7,gpr,False,2026-02-08,0.12747926127798337,True,1.3639434553275578,0.12747926127798337
manutenção→cutting,7,7,7,gpr,False,2026-02-09,0.39094254243447324,True,1.3583186340218276,0.09094254243447608
manutenção→cutting,7,7,7,gpr,False,2026-02-10,0.5386276056832742,True,1.3426606005007784,0.06137239431672015
manutenção→cutting,7,7,7,gpr,False,2026-02-11,0.6569028288173797,True,1.321050936751874,0.04309717118262313
manutenção→cutting,7,14,14,linear,False,2026-03-30,0.04000000000000625,True,1.6843677223978375,0.4000000000000057
manutenção→cutting,7,14,14,linear,False,2026-03-31,0.7800000000000011,True,1.6357699322390715,0.35999999999999943
manutenção→cutting,7,14,14,linear,False,2026-04-02,0.35999999999999943,True,1.560037256497452,0.28000000000000114
manutenção→cutting,7,14,14,linear,False,2026-04-03,0.29999999999999716,True,1.5339623740955801,0.2400000000000091
manutenção→cutting,7,14,14,linear,False,2026-04-04,0.14000000000000057,True,1.516330036896619,0.19999999999998863
manutenção→cutting,7,14,14,linear,False,2026-04-05,0.18000000000000682,True,1.5074365288866431,0.1599999999999966
manutenção→cutting,7,14,14,linear,False,2026-04-06,0.4199999999999875,True,1.5074365288866431,0.11999999999999034
manutenção→cutting,7,14,14,linear,False,2026-04-08,0.19999999999998863,True,1.5339623740955801,0.03999999999999204
manutenção→cutting,7,14,14,linear,False,2026-04-12,0.44000000000001194,True,1.6843677223978375,0.12000000000001876
manutenção→cutting,7,14,14,kalman,False,2026-03-30,0.21341259460865558,True,1.3367247552035053,0.14658740539134385
manutenção→cutting,7,14,14,kalman,False,2026-03-31,0.546951414337471,True,1.3397376668100947,0.12695141433746926
manutenção→cutting,7,14,14,kalman,False,2026-04-02,0.17253628630504636,True,1.3448686356342137,0.09253628630504807
manutenção→cutting,7,14,14,kalman,False,2026-04-03,0.137620749484185,True,1.3467338169824643,0.07762074948419695
manutenção→cutting,7,14,14,kalman,False,2026-04-04,0.0041422975653375715,True,1.3480031285161829,0.06414229756532563
manutenção→cutting,7,14,14,kalman,False,2026-04-05,0.07203273062734183,True,1.3486148757004912,0.0520327306273316
manutenção→cutting,7,14,14,kalman,False,2026-04-06,0.34122384874901,True,1.3485381038310322,0.04122384874901286
manutenção→cutting,7,14,14,kalman,False,2026-04-08,0.1832353404867746,True,1.34635398870455,0.023235340486778
manutenção→cutting,7,14,14,kalman,False,2026-04-12,0.3201342518526644,True,1.335802337697828,0.00013425185267124107
manutenção→cutting,7,14,14,gpr,False,2026-03-30,0.255208852446259,True,1.3982815054810658,0.10479114755374042
manutenção→cutting,7,14,14,gpr,False,2026-03-31,0.5045344398386504,True,1.3990956956556602,0.08453443983864872
manutenção→cutting,7,14,14,gpr,False,2026-04-02,0.13033784031918572,True,1.4003648103978037,0.05033784031918742
manutenção→cutting,7,14,14,gpr,False,2026-04-03,0.09621000596060014,True,1.400792740201723,0.03621000596061208
manutenção→cutting,7,14,14,gpr,False,2026-04-04,0.036070041488613924,True,1.401069623413548,0.02392995851137414
manutenção→cutting,7,14,14,gpr,False,2026-04-05,0.03339384806433543,True,1.4011893700603366,0.013393848064325198
manutenção→cutting,7,14,14,gpr,False,2026-04-06,0.30449502995172395,True,1.4011491780289873,0.004495029951726792
manutenção→cutting,7,14,14,gpr,False,2026-04-08,0.15117252339061338,True,1.4005945230822476,0.008827476609383211
manutenção→cutting,7,14,14,gpr,False,2026-04-12,0.34068156346397416,True,1.3978071286083775,0.02068156346398098
manutenção→cutting,7,14,14,linear,False,2026-03-12,0.46666666666666856,True,1.6422396255969431,0.03333333333333144
manutenção→cutting,7,14,14,linear,False,2026-03-13,0.13333333333333997,True,1.594857325607535,0.06666666666666288
manutenção→cutting,7,14,14,linear,False,2026-03-14,0.3999999999999915,True,1.5542690586510446,0.09999999999999432
manutenção→cutting,7,14,14,linear,False,2026-03-15,0.13333333333333997,True,1.5210188167109493,0.13333333333333997
manutenção→cutting,7,14,14,linear,False,2026-03-17,0.20000000000000284,True,1.4784047681283994,0.20000000000000284
manutenção→cutting,7,14,14,linear,False,2026-03-18,0.13333333333333997,True,1.469733697630943,0.23333333333333428
manutenção→cutting,7,14,14,linear,False,2026-03-19,0.6666666666666714,True,1.469733697630943,0.2666666666666657
manutenção→cutting,7,14,14,linear,False,2026-03-20,0.29999999999999716,True,1.4784047681283994,0.29999999999999716
manutenção→cutting,7,14,14,linear,False,2026-03-22,0.4333333333333371,True,1.5210188167109493,0.36666666666666003
manutenção→cutting,7,14,14,linear,False,2026-03-23,0.10000000000000853,True,1.5542690586510446,0.3200000000000074
manutenção→cutting,7,14,14,linear,False,2026-03-24,0.36666666666666003,True,1.594857325607535,0.27333333333334053
manutenção→cutting,7,14,14,linear,False,2026-03-25,0.9333333333333371,False,1.6422396255969431,0.22666666666667368
manutenção→cutting,7,14,14,kalman,False,2026-03-12,0.4280659848790975,True,1.2855227167668772,0.07193401512090247
manutenção→cutting,7,14,14,kalman,False,2026-03-13,0.11722045644910395,True,1.2890829543969176,0.08277954355089889
manutenção→cutting,7,14,14,kalman,False,2026-03-14,0.3960140175684046,True,1.2922286958979043,0.09601401756840744
manutenção→cutting,7,14,14,kalman,False,2026-03-15,0.11169128411484053,True,1.294816828922393,0.11169128411484053
manutenção→cutting,7,14,14,kalman,False,2026-03-17,0.15058958256004473,True,1.2978833061155228,0.15058958256004473
manutenção→cutting,7,14,14,kalman,False,2026-03-18,0.07391830834163216,True,1.2982233988334144,0.17391830834162647
manutenção→cutting,7,14,14,kalman,False,2026-03-19,0.599905214417717,True,1.2977346306152242,0.19990521441771136
manutenção→cutting,7,14,14,kalman,False,2026-03-20,0.22860414772969762,True,1.2964378177136382,0.22860414772969762
manutenção→cutting,7,14,14,kalman,False,2026-03-22,0.5056465161730301,True,1.2916847296012293,0.294353483826967
manutenção→cutting,7,14,14,kalman,False,2026-03-23,0.03151158049506364,True,1.2884458409004367,0.2515115804950625
manutenção→cutting,7,14,14,kalman,False,2026-03-24,0.4284029078353626,True,1.2848268766308308,0.21159709216463796
manutenção→cutting,7,14,14,kalman,False,2026-03-25,0.985336134222905,False,1.2810037091351774,0.1746638657771058
manutenção→cutting,7,14,14,gpr,False,2026-03-12,0.45860936563826726,True,1.3733832211825074,0.04139063436173274
manutenção→cutting,7,14,14,gpr,False,2026-03-13,0.15166362384920262,True,1.3748055335494485,0.04833637615080022
manutenção→cutting,7,14,14,gpr,False,2026-03-14,0.3579518697339239,True,1.3760284954640554,0.05795186973392674
manutenção→cutting,7,14,14,gpr,False,2026-03-15,0.07037328786114472,True,1.377029383992209,0.07037328786114472
manutenção→cutting,7,14,14,gpr,False,2026-03-17,0.1041108257540202,True,1.3782992457049943,0.1041108257540202
manutenção→cutting,7,14,14,gpr,False,2026-03-18,0.025629474769033322,True,1.3785488735724982,0.12562947476902764
manutenção→cutting,7,14,14,gpr,False,2026-03-19,0.5503579661623093,True,1.3785380062257957,0.15035796616230357
manutenção→cutting,7,14,14,gpr,False,2026-03-20,0.178359241192652,True,1.3782708307483063,0.178359241192652
manutenção→cutting,7,14,14,gpr,False,2026-03-22,0.5556482807566425,True,1.3770104677443271,0.24435171924335464
manutenção→cutting,7,14,14,gpr,False,2026-03-23,0.017611895472910533,True,1.3760507037276852,0.20238810452708833
manutenção→cutting,7,14,14,gpr,False,2026-03-24,0.47621245553183655,True,1.374900489275035,0.16378754446816401
manutenção→cutting,7,14,14,gpr,False,2026-03-25,1.031468002312053,False,1.3735861233191429,0.12853199768795776
